ket_qua,history_id,product_code,supplier_code,ngay_lich_su,sl_lich_su,po_code,ngay_don,sl_don,lech_ngay,nghi_trung
không khớp,37312,NLT0018,Hải Bình,2023-12-06,150.0,,,,,
không khớp,37324,NLT0087,Đắc Khang,2023-12-06,300.0,,,,,
không khớp,37323,NLT0033,Đắc Khang,2023-12-06,200.0,,,,,
không khớp,37322,NLT0111,Hải Bình,2023-12-06,3.0,,,,,
không khớp,37321,NLT0030,Hải Bình,2023-12-06,2.0,,,,,
không khớp,37320,NLT0016,Hải Bình,2023-12-06,200.0,,,,,
không khớp,37319,NLT0041,Hải Bình,2023-12-06,5.0,,,,,
không khớp,37318,NLT0017,Hải Bình,2023-12-06,200.0,,,,,
không khớp,37317,NLT0023,Hải Bình,2023-12-06,50.0,,,,,
không khớp,37316,NLT0038,Hải Bình,2023-12-06,100.0,,,,,
không khớp,37315,NLT0026,Hải Bình,2023-12-06,100.0,,,,,
không khớp,37314,NLT0072,Hải Bình,2023-12-06,25.0,,,,,
không khớp,37313,NLT0050,Hải Bình,2023-12-06,50.0,,,,,
không khớp,37299,NLT0049,Hải Bình,2023-12-06,25.0,,,,,
không khớp,37311,NLT0015,Hải Bình,2023-12-06,100.0,,,,,
không khớp,37310,NLT0029,Hải Bình,2023-12-06,25.0,,,,,
không khớp,37309,NLT0028,Hải Bình,2023-12-06,500.0,,,,,
không khớp,37308,NLT0032,Hải Bình,2023-12-06,50.0,,,,,
không khớp,37307,NLT0069,Hải Bình,2023-12-06,150.0,,,,,
không khớp,37306,NLT0101,Hải Bình,2023-12-06,25.0,,,,,
không khớp,37305,NLT0084,Hải Bình,2023-12-06,150.0,,,,,
không khớp,37304,NLT0039,Hải Bình,2023-12-06,400.0,,,,,
không khớp,37303,NLT0061,Hải Bình,2023-12-06,200.0,,,,,
không khớp,37302,NLT0027,Hải Bình,2023-12-06,25.0,,,,,
không khớp,37301,NLT0025,Hải Bình,2023-12-06,150.0,,,,,
không khớp,37300,NLT0048,Hải Bình,2023-12-06,25.0,,,,,
không khớp,37893,NLT0198,Vĩnh Nam Anh,2024-01-03,100.0,,,,,
không khớp,37903,NLT0155,Kết Nông,2024-01-03,600.0,,,,,
không khớp,37902,NLT0084,Kết Nông,2024-01-03,500.0,,,,,
không khớp,37901,NLT0034,Kết Nông,2024-01-03,1.995,,,,,
không khớp,37900,NLT0028,Kết Nông,2024-01-03,2.0,,,,,
không khớp,37899,NLT0017,Kết Nông,2024-01-03,1.0,,,,,
không khớp,37898,NLT0016,Kết Nông,2024-01-03,500.0,,,,,
không khớp,37897,NLT0015,Kết Nông,2024-01-03,1.0,,,,,
không khớp,37896,NLT0087,VNT,2024-01-03,400.0,,,,,
không khớp,37895,NLT0038,VNT,2024-01-03,300.0,,,,,
không khớp,37894,NLT0204,Vĩnh Nam Anh,2024-01-03,200.0,,,,,
không khớp,37892,NLT0060,Vĩnh Nam Anh,2024-01-03,430.0,,,,,
không khớp,37891,NLT0029,Vĩnh Nam Anh,2024-01-03,200.0,,,,,
không khớp,37890,NLT0022,Vĩnh Nam Anh,2024-01-03,500.0,,,,,
không khớp,37889,NLT0154,Tmg,2024-01-03,200.0,,,,,
không khớp,37886,NLT0042,Tmg,2024-01-03,430.0,,,,,
không khớp,37885,NLT0172,Ntk,2024-01-03,50.0,,,,,
không khớp,37884,NLT0171,Ntk,2024-01-03,450.0,,,,,
không khớp,37883,NLT0050,Mekong,2024-01-03,300.0,,,,,
không khớp,37882,NLT0047,Mekong,2024-01-03,500.0,,,,,
không khớp,37876,NLT0188,Amigos,2024-01-03,200.0,,,,,
không khớp,37875,NLT0044,Du Bai,2024-01-03,1.0,,,,,
không khớp,37353,NLT0091,Mạnh Đan,2024-01-06,50.0,,,,,
không khớp,37352,NLT0092,Mạnh Đan,2024-01-06,25.0,,,,,
không khớp,37328,NLT0048,Hải Bình,2024-01-08,50.0,,,,,
không khớp,37350,NLT0085,Tmg,2024-01-08,120.0,,,,,
không khớp,37349,NLT0031,Tmg,2024-01-08,232.0,,,,,
không khớp,37348,NLT0042,Tmg,2024-01-08,215.0,,,,,
không khớp,37347,NLT0073,Hóa Chất Miền Nam,2024-01-08,1.0,,,,,
không khớp,37346,NLT0053,Hóa Chất Miền Nam,2024-01-08,1.0,,,,,
không khớp,37345,NLT0083,Hóa Chất Miền Nam,2024-01-08,1.0,,,,,
không khớp,37344,NLT0090,Hóa Chất Miền Nam,2024-01-08,1.0,,,,,
không khớp,37343,NLT0086,Phát Đại Lộc,2024-01-08,20.0,,,,,
không khớp,37342,NLT0022,Vĩnh Nam Anh,2024-01-08,250.0,,,,,
không khớp,37341,NLT0029,Vĩnh Nam Anh,2024-01-08,25.0,,,,,
không khớp,37340,NLT0037,Mekong,2024-01-08,100.0,,,,,
không khớp,37338,NLT0111,Hải Bình,2024-01-08,2.0,,,,,
không khớp,37337,NLT0016,Hải Bình,2024-01-08,400.0,,,,,
không khớp,37336,NLT0017,Hải Bình,2024-01-08,150.0,,,,,
không khớp,37335,NLT0023,Hải Bình,2024-01-08,200.0,,,,,
không khớp,37334,NLT0038,Hải Bình,2024-01-08,200.0,,,,,
không khớp,37327,NLT0049,Hải Bình,2024-01-08,50.0,,,,,
không khớp,37326,NLT0083,Hóa Chất Miền Nam,2024-01-08,5.0,,,,,
không khớp,37325,NLT0042,Tmg,2024-01-08,60.0,,,,,
không khớp,37333,NLT0050,Hải Bình,2024-01-08,250.0,,,,,
không khớp,37332,NLT0015,Hải Bình,2024-01-08,100.0,,,,,
không khớp,37331,NLT0028,Hải Bình,2024-01-08,300.0,,,,,
không khớp,37330,NLT0084,Hải Bình,2024-01-08,150.0,,,,,
không khớp,37329,NLT0039,Hải Bình,2024-01-08,750.0,,,,,
không khớp,37339,NLT0034,Hải Bình,2024-01-09,350.0,,,,,
không khớp,37351,NLT0041,Hải Bình,2024-01-09,13.0,,,,,
không khớp,37354,NLT0092,Mạnh Đan,2024-01-10,25.0,,,,,
không khớp,37355,NLT0091,Mạnh Đan,2024-01-10,25.0,,,,,
không khớp,37367,NLT0032,Hải Bình,2024-01-13,50.0,,,,,
không khớp,37368,NLT0069,Hải Bình,2024-01-13,1.6,,,,,
không khớp,37366,NLT0034,Hải Bình,2024-01-13,200.0,,,,,
không khớp,37365,NLT0016,Hải Bình,2024-01-13,950.0,,,,,
không khớp,37364,NLT0084,Hải Bình,2024-01-13,400.0,,,,,
không khớp,37363,NLT0027,Hải Bình,2024-01-13,150.0,,,,,
không khớp,37362,NLT0042,Tmg,2024-01-13,120.0,,,,,
không khớp,37359,NLT0083,Hóa Chất Miền Nam,2024-01-13,10.0,,,,,
không khớp,37358,NLT0108,Cbv,2024-01-13,26.0,,,,,
không khớp,37361,NLT0081,Tmg,2024-01-15,5.75,,,,,
không khớp,37369,NLT0092,Mạnh Đan,2024-01-15,25.0,,,,,
không khớp,37370,NLT0091,Mạnh Đan,2024-01-15,75.0,,,,,
không khớp,37360,NLT0046,Ldb,2024-01-16,150.0,,,,,
không khớp,37356,NLT0001,Mạnh Đan,2024-01-17,250.0,,,,,
không khớp,37357,NLT0003,Mạnh Đan,2024-01-17,125.0,,,,,
không khớp,37371,NLT0032,Hải Bình,2024-01-19,100.0,,,,,
không khớp,37375,NLT0021,Hải Bình,2024-01-20,140.0,,,,,
không khớp,37372,NLT0015,Hải Bình,2024-01-20,125.0,,,,,
không khớp,37373,NLT0016,Hải Bình,2024-01-20,500.0,,,,,
không khớp,37374,NLT0017,Hải Bình,2024-01-20,300.0,,,,,
không khớp,37405,NLT0037,Mekong,2024-01-20,260.0,,,,,
không khớp,37404,NLT0081,Hải Bình,2024-01-20,250.0,,,,,
không khớp,37403,NLT0032,Hải Bình,2024-01-20,25.0,,,,,
không khớp,37402,NLT0069,Hải Bình,2024-01-20,250.0,,,,,
không khớp,37401,NLT0033,Hải Bình,2024-01-20,500.0,,,,,
không khớp,37400,NLT0061,Hải Bình,2024-01-20,1.3,,,,,
không khớp,37399,NLT0052,Đắc Khang,2024-01-20,210.0,,,,,
không khớp,37398,NLT0051,Đắc Khang,2024-01-20,200.0,,,,,
không khớp,37397,NLT0022,Vĩnh Nam Anh,2024-01-20,250.0,,,,,
không khớp,37396,NLT0054,Vĩnh Nam Anh,2024-01-20,50.0,,,,,
không khớp,37395,NLT0046,Vạn An,2024-01-20,60.0,,,,,
không khớp,37394,NLT0085,Tmg,2024-01-20,120.0,,,,,
không khớp,37393,NLT0042,Tmg,2024-01-20,675.0,,,,,
không khớp,37392,NLT0031,Tmg,2024-01-20,464.0,,,,,
không khớp,37391,NLT0086,Phát Đại Lộc,2024-01-20,20.0,,,,,
không khớp,37389,NLT0060,Hóa Chất Miền Nam,2024-01-20,50.0,,,,,
không khớp,37376,NLT0023,Hải Bình,2024-01-20,50.0,,,,,
không khớp,37377,NLT0024,Hải Bình,2024-01-20,100.0,,,,,
không khớp,37378,NLT0025,Hải Bình,2024-01-20,200.0,,,,,
không khớp,37379,NLT0028,Hải Bình,2024-01-20,500.0,,,,,
không khớp,37380,NLT0033,Hải Bình,2024-01-20,100.0,,,,,
không khớp,37381,NLT0034,Hải Bình,2024-01-20,250.0,,,,,
không khớp,37382,NLT0039,Hải Bình,2024-01-20,300.0,,,,,
không khớp,37384,NLT0049,Hải Bình,2024-01-20,25.0,,,,,
không khớp,37385,NLT0069,Hải Bình,2024-01-20,50.0,,,,,
không khớp,37386,NLT0053,Hóa Chất Miền Nam,2024-01-20,1.0,,,,,
không khớp,37387,NLT0083,Hóa Chất Miền Nam,2024-01-20,1.0,,,,,
không khớp,37388,NLT0090,Hóa Chất Miền Nam,2024-01-20,1.0,,,,,
không khớp,37390,NLT0037,Mekong,2024-01-20,200.0,,,,,
không khớp,37383,NLT0048,Hải Bình,2024-01-20,25.0,,,,,
không khớp,37406,NLT0047,Đắc Khang,2024-01-23,50.0,,,,,
không khớp,37407,NLT0018,Hải Bình,2024-01-24,100.0,,,,,
không khớp,37411,NLT0038,Hiền Phan,2024-01-24,50.0,,,,,
không khớp,37410,NLT0050,Hải Bình,2024-01-24,50.0,,,,,
không khớp,37409,NLT0047,Hải Bình,2024-01-24,200.0,,,,,
không khớp,37408,NLT0029,Hải Bình,2024-01-24,25.0,,,,,
không khớp,37412,NLT0092,Mạnh Đan,2024-01-26,50.0,,,,,
không khớp,37413,NLT0091,Mạnh Đan,2024-01-26,100.0,,,,,
không khớp,37422,NLT0031,Tmg,2024-01-27,928.0,,,,,
không khớp,37431,NLT0028,Hải Bình,2024-01-27,1.2,,,,,
không khớp,37432,NLT0029,Hải Bình,2024-01-27,50.0,,,,,
không khớp,37433,NLT0033,Hải Bình,2024-01-27,400.0,,,,,
không khớp,37434,NLT0034,Hải Bình,2024-01-27,500.0,,,,,
không khớp,37435,NLT0039,Hải Bình,2024-01-27,500.0,,,,,
không khớp,37430,NLT0025,Hải Bình,2024-01-27,550.0,,,,,
không khớp,37436,NLT0047,Hải Bình,2024-01-27,300.0,,,,,
không khớp,37437,NLT0048,Hải Bình,2024-01-27,100.0,,,,,
không khớp,37438,NLT0049,Hải Bình,2024-01-27,100.0,,,,,
không khớp,37439,NLT0050,Hải Bình,2024-01-27,200.0,,,,,
không khớp,37440,NLT0069,Hải Bình,2024-01-27,100.0,,,,,
không khớp,37441,NLT0081,Hải Bình,2024-01-27,150.0,,,,,
không khớp,37442,NLT0084,Hải Bình,2024-01-27,500.0,,,,,
không khớp,37443,NLT0088,Hải Bình,2024-01-27,100.0,,,,,
không khớp,37444,NLT0089,Hải Bình,2024-01-27,100.0,,,,,
không khớp,37428,NLT0017,Hải Bình,2024-01-27,400.0,,,,,
không khớp,37423,NLT0042,Tmg,2024-01-27,215.0,,,,,
không khớp,37421,NLT0086,Phát Đại Lộc,2024-01-27,20.0,,,,,
không khớp,37420,NLT0038,Hiền Phan,2024-01-27,400.0,,,,,
không khớp,37419,NLT0090,Hóa Chất Miền Nam,2024-01-27,5.0,,,,,
không khớp,37418,NLT0083,Hóa Chất Miền Nam,2024-01-27,3.0,,,,,
không khớp,37417,NLT0073,Hóa Chất Miền Nam,2024-01-27,2.0,,,,,
không khớp,37416,NLT0053,Hóa Chất Miền Nam,2024-01-27,2.0,,,,,
không khớp,37415,NLT0060,Đắc Khang,2024-01-27,215.0,,,,,
không khớp,37414,NLT0022,Vĩnh Nam Anh,2024-01-27,250.0,,,,,
không khớp,37424,NLT0085,Tmg,2024-01-27,210.0,,,,,
không khớp,37425,NLT0054,Tmg,2024-01-27,50.0,,,,,
không khớp,37426,NLT0015,Hải Bình,2024-01-27,400.0,,,,,
không khớp,37427,NLT0016,Hải Bình,2024-01-27,1.2,,,,,
không khớp,37429,NLT0021,Hải Bình,2024-01-27,770.0,,,,,
không khớp,37445,NLT0144,Mạnh Đan,2024-01-29,200.0,,,,,
không khớp,37447,NLT0143,Aq,2024-01-31,200.0,,,,,
không khớp,37446,NLT0041,Hải Bình,2024-02-01,6.0,,,,,
không khớp,37448,NLT0143,Aq,2024-02-02,300.0,,,,,
không khớp,37450,NLT0091,Mạnh Đan,2024-02-20,100.0,,,,,
không khớp,37449,NLT0092,Mạnh Đan,2024-02-20,50.0,,,,,
không khớp,37451,NLT0143,Aq,2024-02-21,330.0,,,,,
không khớp,37473,NLT0054,Vĩnh Nam Anh,2024-02-27,50.0,,,,,
không khớp,37474,NLT0037,Mekong,2024-02-27,200.0,,,,,
không khớp,37472,NLT0022,Vĩnh Nam Anh,2024-02-27,750.0,,,,,
không khớp,37471,NLT0086,Phát Đại Lộc,2024-02-27,60.0,,,,,
không khớp,37470,NLT0083,Hóa Chất Miền Nam,2024-02-27,2.0,,,,,
không khớp,37469,NLT0073,Hóa Chất Miền Nam,2024-02-27,2.0,,,,,
không khớp,37468,NLT0053,Hóa Chất Miền Nam,2024-02-27,2.0,,,,,
không khớp,37467,NLT0061,Hải Bình,2024-02-27,100.0,,,,,
không khớp,37466,NLT0038,Hải Bình,2024-02-27,100.0,,,,,
không khớp,37465,NLT0033,Hải Bình,2024-02-27,100.0,,,,,
không khớp,37464,NLT0084,Hải Bình,2024-02-27,100.0,,,,,
không khớp,37463,NLT0076,Hải Bình,2024-02-27,2.0,,,,,
không khớp,37462,NLT0069,Hải Bình,2024-02-27,100.0,,,,,
không khớp,37461,NLT0049,Hải Bình,2024-02-27,200.0,,,,,
không khớp,37460,NLT0048,Hải Bình,2024-02-27,200.0,,,,,
không khớp,37459,NLT0039,Hải Bình,2024-02-27,300.0,,,,,
không khớp,37458,NLT0034,Hải Bình,2024-02-27,500.0,,,,,
không khớp,37457,NLT0023,Hải Bình,2024-02-27,100.0,,,,,
không khớp,37456,NLT0021,Hải Bình,2024-02-27,455.0,,,,,
không khớp,37455,NLT0017,Hải Bình,2024-02-27,200.0,,,,,
không khớp,37454,NLT0016,Hải Bình,2024-02-27,100.0,,,,,
không khớp,37453,NLT0015,Hải Bình,2024-02-27,200.0,,,,,
không khớp,37452,NLT0044,Du Bai,2024-02-27,150.0,,,,,
không khớp,37475,NLT0031,Tmg,2024-02-27,928.0,,,,,
không khớp,37476,NLT0052,Tmg,2024-02-27,210.0,,,,,
không khớp,37477,NLT0028,Tmg,2024-02-27,200.0,,,,,
không khớp,37478,NLT0092,Mạnh Đan,2024-02-28,25.0,,,,,
không khớp,37479,NLT0091,Mạnh Đan,2024-02-28,50.0,,,,,
không khớp,37480,NLT0044,Du Bai,2024-02-28,200.0,,,,,
không khớp,37481,NLT0143,Aq,2024-03-02,500.0,,,,,
không khớp,37482,NLT0033,Hải Bình,2024-03-07,1.0,,,,,
không khớp,37483,NLT0030,Hải Bình,2024-03-07,7.0,,,,,
không khớp,37484,NLT0151,Hóa Chất Miền Nam,2024-03-09,20.0,,,,,
không khớp,37485,NLT0053,Tmg,2024-03-12,2.0,,,,,
không khớp,37486,NLT0083,Tmg,2024-03-12,1.0,,,,,
không khớp,37487,NLT0060,Tmg,2024-03-12,430.0,,,,,
không khớp,37488,NLT0029,Hải Bình,2024-03-12,50.0,,,,,
không khớp,37489,NLT0032,Hải Bình,2024-03-12,25.0,,,,,
không khớp,37490,NLT0087,Gemachem,2024-03-12,125.0,,,,,
không khớp,37491,NLT0127,Mạnh Đan,2024-03-13,25.0,,,,,
không khớp,37492,NLT0091,Mạnh Đan,2024-03-13,50.0,,,,,
không khớp,37493,NLT0153,Hóa Chất Miền Nam,2024-03-18,1.0,,,,,
không khớp,37494,NLT0044,Kel,2024-03-18,300.0,,,,,
không khớp,37495,NLT0154,Tmg,2024-03-20,150.0,,,,,
không khớp,37496,NLT0059,Hải Bình,2024-03-23,1.0,,,,,
không khớp,37498,NLT0083,Hóa Chất Miền Nam,2024-03-25,2.0,,,,,
không khớp,37497,NLT0073,Hóa Chất Miền Nam,2024-03-25,2.0,,,,,
không khớp,37499,NLT0090,Hóa Chất Miền Nam,2024-03-25,1.0,,,,,
không khớp,37511,NLT0050,Hải Bình,2024-03-26,300.0,,,,,
không khớp,37512,NLT0069,Hải Bình,2024-03-26,400.0,,,,,
không khớp,37513,NLT0155,Hải Bình,2024-03-26,150.0,,,,,
không khớp,37514,NLT0018,Hiền Phan,2024-03-26,200.0,,,,,
không khớp,37515,NLT0034,Hiền Phan,2024-03-26,200.0,,,,,
không khớp,37516,NLT0061,Hiền Phan,2024-03-26,100.0,,,,,
không khớp,37517,NLT0037,Mekong,2024-03-26,200.0,,,,,
không khớp,37518,NLT0060,Vĩnh Nam Anh,2024-03-26,215.0,,,,,
không khớp,37519,NLT0158,Vĩnh Nam Anh,2024-03-26,50.0,,,,,
không khớp,37510,NLT0049,Hải Bình,2024-03-26,200.0,,,,,
không khớp,37509,NLT0048,Hải Bình,2024-03-26,200.0,,,,,
không khớp,37508,NLT0039,Hải Bình,2024-03-26,200.0,,,,,
không khớp,37507,NLT0028,Hải Bình,2024-03-26,100.0,,,,,
không khớp,37506,NLT0027,Hải Bình,2024-03-26,250.0,,,,,
không khớp,37505,NLT0025,Hải Bình,2024-03-26,200.0,,,,,
không khớp,37504,NLT0024,Hải Bình,2024-03-26,200.0,,,,,
không khớp,37503,NLT0023,Hải Bình,2024-03-26,100.0,,,,,
không khớp,37502,NLT0017,Hải Bình,2024-03-26,500.0,,,,,
không khớp,37501,NLT0052,Đắc Khang,2024-03-26,210.0,,,,,
không khớp,37500,NLT0051,Đắc Khang,2024-03-26,200.0,,,,,
không khớp,37520,NLT0044,Du Bai,2024-03-30,550.0,,,,,
không khớp,37522,NLT0003,Mạnh Đan,2024-04-01,75.0,,,,,
không khớp,37524,NLT0160,Vĩnh Nam Anh,2024-04-01,170.0,,,,,
không khớp,37523,NLT0159,Mạnh Đan,2024-04-01,50.0,,,,,
không khớp,37521,NLT0001,Du Bai,2024-04-01,75.0,,,,,
không khớp,37526,NLT0044,Gemsky,2024-04-03,550.0,,,,,
không khớp,37525,NLT0143,Tmg,2024-04-03,510.0,,,,,
không khớp,37529,NLT0159,Mạnh Đan,2024-04-08,25.0,,,,,
không khớp,37528,NLT0003,Mạnh Đan,2024-04-08,50.0,,,,,
không khớp,37527,NLT0001,Mạnh Đan,2024-04-08,50.0,,,,,
không khớp,37530,NLT0168,Hải Bình,2024-04-09,1.0,,,,,
không khớp,37532,NLT0172,Ntk,2024-04-11,25.0,,,,,
không khớp,37531,NLT0171,Ntk,2024-04-11,225.0,,,,,
không khớp,37533,NLT0170,Mộc Lan,2024-04-12,75.0,,,,,
không khớp,37541,NLT0040,Hải Bình,2024-04-15,25.0,,,,,
không khớp,37548,NLT0144,Du Bai,2024-04-15,500.0,,,,,
không khớp,37535,NLT0016,Hải Bình,2024-04-15,500.0,,,,,
không khớp,37536,NLT0017,Hải Bình,2024-04-15,300.0,,,,,
không khớp,37537,NLT0023,Hải Bình,2024-04-15,100.0,,,,,
không khớp,37538,NLT0025,Hải Bình,2024-04-15,300.0,,,,,
không khớp,37539,NLT0032,Hải Bình,2024-04-15,25.0,,,,,
không khớp,37540,NLT0034,Hải Bình,2024-04-15,250.0,,,,,
không khớp,37542,NLT0050,Hải Bình,2024-04-15,200.0,,,,,
không khớp,37543,NLT0059,Hải Bình,2024-04-15,25.0,,,,,
không khớp,37544,NLT0084,Hải Bình,2024-04-15,50.0,,,,,
không khớp,37545,NLT0101,Hải Bình,2024-04-15,50.0,,,,,
không khớp,37546,NLT0155,Hải Bình,2024-04-15,200.0,,,,,
không khớp,37547,NLT0176,Hải Bình,2024-04-15,50.0,,,,,
không khớp,37549,NLT0178,Mekong,2024-04-15,200.0,,,,,
không khớp,37550,NLT0031,Tmg,2024-04-15,928.0,,,,,
không khớp,37551,NLT0052,Tmg,2024-04-15,210.0,,,,,
không khớp,37552,NLT0085,Tmg,2024-04-15,90.0,,,,,
không khớp,37553,NLT0060,Vĩnh Nam Anh,2024-04-15,215.0,,,,,
không khớp,37554,NLT0158,Vĩnh Nam Anh,2024-04-15,25.0,,,,,
không khớp,37534,NLT0015,Hải Bình,2024-04-15,100.0,,,,,
không khớp,37555,NLT0149,Nam Bình,2024-04-16,200.0,,,,,
không khớp,37566,NLT0044,Du Bai,2024-04-17,500.0,,,,,
không khớp,37567,NLT0037,Hiền Phan,2024-04-22,100.0,,,,,
không khớp,37556,NLT0124,Mekong,2024-04-24,25.0,,,,,
không khớp,37557,NLT0173,Khai Nhật,2024-04-26,25.0,,,,,
không khớp,37558,NLT0174,Khai Nhật,2024-04-27,100.0,,,,,
không khớp,37709,NLT0186,NCCKS029,2024-04-28,520.0,,,,,
không khớp,37559,NLT0147,Sam Chem,2024-05-06,205.0,,,,,
không khớp,37560,NLT0143,Tmg,2024-05-06,1.02,,,,,
không khớp,37561,NLT0015,Hải Bình,2024-05-06,300.0,,,,,
không khớp,37562,NLT0084,Hải Bình,2024-05-06,300.0,,,,,
không khớp,37563,NLT0017,Hiền Phan,2024-05-06,1.0,,,,,
không khớp,37564,NLT0120,Hải Bình,2024-05-08,100.0,,,,,
không khớp,37565,NLT0097,Vĩnh Nam Anh,2024-05-13,25.0,,,,,
không khớp,37573,NLT0170,Mộc Lan,2024-05-15,200.0,,,,,
không khớp,37572,NLT0039,Hải Bình,2024-05-15,1.0,,,,,
không khớp,37571,NLT0189,Amigos,2024-05-15,25.0,,,,,
không khớp,37570,NLT0188,Amigos,2024-05-15,200.0,,,,,
không khớp,37569,NLT0187,NCCKS020,2024-05-15,100.0,,,,,
không khớp,37568,NLT0097,Vĩnh Nam Anh,2024-05-15,500.0,,,,,
không khớp,37586,NLT0120,Hải Bình,2024-05-20,200.0,,,,,
không khớp,37574,NLT0025,Hiền Phan,2024-05-20,25.0,,,,,
không khớp,37575,NLT0021,Gemachem,2024-05-20,420.0,,,,,
không khớp,37576,NLT0087,Gemachem,2024-05-20,400.0,,,,,
không khớp,37577,NLT0015,Hải Bình,2024-05-20,300.0,,,,,
không khớp,37578,NLT0016,Hải Bình,2024-05-20,200.0,,,,,
không khớp,37579,NLT0017,Hải Bình,2024-05-20,300.0,,,,,
không khớp,37580,NLT0018,Hải Bình,2024-05-20,50.0,,,,,
không khớp,37581,NLT0025,Hải Bình,2024-05-20,300.0,,,,,
không khớp,37582,NLT0028,Hải Bình,2024-05-20,500.0,,,,,
không khớp,37583,NLT0047,Hải Bình,2024-05-20,100.0,,,,,
không khớp,37584,NLT0061,Hải Bình,2024-05-20,200.0,,,,,
không khớp,37585,NLT0072,Hải Bình,2024-05-20,50.0,,,,,
không khớp,37587,NLT0155,Hải Bình,2024-05-20,500.0,,,,,
không khớp,37588,NLT0176,Hải Bình,2024-05-20,50.0,,,,,
không khớp,37589,NLT0029,Vĩnh Nam Anh,2024-05-20,100.0,,,,,
không khớp,37590,NLT0054,Vĩnh Nam Anh,2024-05-20,200.0,,,,,
không khớp,37591,NLT0130,Ngàn Hương,2024-05-20,25.0,,,,,
không khớp,37592,NLT0154,Tmg,2024-05-20,200.0,,,,,
không khớp,37593,NLT0033,Mekong,2024-05-20,300.0,,,,,
không khớp,37594,NLT0178,Mekong,2024-05-20,500.0,,,,,
không khớp,37595,NLT0145,Nam Bình,2024-05-21,190.0,,,,,
không khớp,37597,NLT0033,Mekong,2024-05-23,125.0,,,,,
không khớp,37596,NLT0081,Hải Bình,2024-05-23,500.0,,,,,
không khớp,37599,NLT0192,Mạnh Đan,2024-05-24,600.0,,,,,
không khớp,37598,NLT0016,Hải Bình,2024-05-24,100.0,,,,,
không khớp,37601,NLT0129,Mạnh Đan,2024-05-27,100.0,,,,,
không khớp,37600,NLT0128,Mạnh Đan,2024-05-27,25.0,,,,,
không khớp,37602,NLT0152,NCCKS023,2024-05-27,1.023,,,,,
không khớp,37603,NLT0192,Mạnh Đan,2024-05-30,600.0,,,,,
không khớp,37604,NLT0005,Mạnh Đan,2024-05-31,175.0,,,,,
không khớp,37605,NLT0038,Hải Bình,2024-06-03,200.0,,,,,
không khớp,37606,NLT0197,NCCKS028,2024-06-03,25.0,,,,,
không khớp,37607,NLT0044,NCCKS021,2024-06-06,200.0,,,,,
không khớp,37608,NLT0199,Hải Bình,2024-06-06,100.0,,,,,
không khớp,37610,NLT0091,Mạnh Đan,2024-06-07,50.0,,,,,
không khớp,37609,NLT0092,Mạnh Đan,2024-06-07,25.0,,,,,
không khớp,37633,NLT0083,Hóa Chất Miền Nam,2024-06-08,5.0,,,,,
không khớp,37654,NLT0130,Ngàn Hương,2024-06-08,25.0,,,,,
không khớp,37653,NLT0172,Ntk,2024-06-08,25.0,,,,,
không khớp,37652,NLT0154,Tmg,2024-06-08,300.0,,,,,
không khớp,37651,NLT0143,Tmg,2024-06-08,1.0,,,,,
không khớp,37650,NLT0052,Tmg,2024-06-08,400.0,,,,,
không khớp,37649,NLT0051,Tmg,2024-06-08,200.0,,,,,
không khớp,37648,NLT0042,Tmg,2024-06-08,215.0,,,,,
không khớp,37647,NLT0028,Tmg,2024-06-08,700.0,,,,,
không khớp,37646,NLT0021,Tmg,2024-06-08,600.0,,,,,
không khớp,37645,NLT0097,Vĩnh Nam Anh,2024-06-08,600.0,,,,,
không khớp,37620,NLT0050,Hải Bình,2024-06-08,100.0,,,,,
không khớp,37632,NLT0073,Hóa Chất Miền Nam,2024-06-08,5.0,,,,,
không khớp,37631,NLT0053,Hóa Chất Miền Nam,2024-06-08,5.0,,,,,
không khớp,37630,NLT0087,Gemachem,2024-06-08,500.0,,,,,
không khớp,37629,NLT0189,Amigos,2024-06-08,25.0,,,,,
không khớp,37628,NLT0188,Amigos,2024-06-08,200.0,,,,,
không khớp,37627,NLT0039,Hải Bình,2024-06-08,1.0,,,,,
không khớp,37626,NLT0084,Hải Bình,2024-06-08,200.0,,,,,
không khớp,37625,NLT0176,Hải Bình,2024-06-08,50.0,,,,,
không khớp,37624,NLT0155,Hải Bình,2024-06-08,700.0,,,,,
không khớp,37623,NLT0120,Hải Bình,2024-06-08,200.0,,,,,
không khớp,37622,NLT0072,Hải Bình,2024-06-08,50.0,,,,,
không khớp,37621,NLT0061,Hải Bình,2024-06-08,300.0,,,,,
không khớp,37643,NLT0060,Vĩnh Nam Anh,2024-06-08,430.0,,,,,
không khớp,37619,NLT0047,Hải Bình,2024-06-08,150.0,,,,,
không khớp,37618,NLT0037,Hải Bình,2024-06-08,300.0,,,,,
không khớp,37617,NLT0034,Hải Bình,2024-06-08,400.0,,,,,
không khớp,37616,NLT0026,Hải Bình,2024-06-08,500.0,,,,,
không khớp,37644,NLT0093,Vĩnh Nam Anh,2024-06-08,170.0,,,,,
không khớp,37615,NLT0025,Hải Bình,2024-06-08,300.0,,,,,
không khớp,37614,NLT0018,Hải Bình,2024-06-08,100.0,,,,,
không khớp,37613,NLT0017,Hải Bình,2024-06-08,500.0,,,,,
không khớp,37612,NLT0016,Hải Bình,2024-06-08,500.0,,,,,
không khớp,37611,NLT0015,Hải Bình,2024-06-08,700.0,,,,,
không khớp,37634,NLT0090,Hóa Chất Miền Nam,2024-06-08,5.0,,,,,
không khớp,37642,NLT0054,Vĩnh Nam Anh,2024-06-08,200.0,,,,,
không khớp,37640,NLT0063,Nam Bình,2024-06-08,190.0,,,,,
không khớp,37639,NLT0170,Mộc Lan,2024-06-08,200.0,,,,,
không khớp,37638,NLT0170,Mộc Lan,2024-06-08,200.0,,,,,
không khớp,37637,NLT0178,Mekong,2024-06-08,500.0,,,,,
không khớp,37636,NLT0033,Mekong,2024-06-08,500.0,,,,,
không khớp,37635,NLT0044,Du Bai,2024-06-08,1.5,,,,,
không khớp,37641,NLT0029,Vĩnh Nam Anh,2024-06-08,100.0,,,,,
không khớp,37655,NLT0044,Du Bai,2024-06-10,1.5,,,,,
không khớp,37656,NLT0187,NCCKS031,2024-06-11,100.0,,,,,
không khớp,37657,NLT0059,Hải Bình,2024-06-15,10.0,,,,,
không khớp,37658,NLT0051,NCCKS031,2024-06-17,200.0,,,,,
không khớp,37659,NLT0200,Mekong,2024-06-19,10.0,,,,,
không khớp,37661,NLT0201,Du Bai,2024-06-20,1.0,,,,,
không khớp,37660,NLT0163,Hải Bình,2024-06-20,5.0,,,,,
không khớp,37662,NLT0006,Mạnh Đan,2024-06-24,375.0,,,,,
không khớp,37664,NLT0091,NCCKS021,2024-06-26,75.0,,,,,
không khớp,37663,NLT0161,Kel,2024-06-26,1.0,,,,,
không khớp,37665,NLT0092,NCCKS021,2024-06-26,25.0,,,,,
không khớp,37666,NLT0092,Mạnh Đan,2024-07-04,75.0,,,,,
không khớp,37667,NLT0202,Mạnh Đan,2024-07-04,50.0,,,,,
không khớp,37668,NLT0203,Mạnh Đan,2024-07-04,50.0,,,,,
không khớp,37669,NLT0006,Mạnh Đan,2024-07-05,350.0,,,,,
không khớp,37671,NLT0016,Hải Bình,2024-07-08,100.0,,,,,
không khớp,37672,NLT0017,Hải Bình,2024-07-08,800.0,,,,,
không khớp,37670,NLT0015,Hải Bình,2024-07-08,800.0,,,,,
không khớp,38079,BTPR0010,Gemsky,2024-07-11,2.0,,,,,
không khớp,37673,NLT0023,Hải Bình,2024-07-11,600.0,,,,,
không khớp,37674,NLT0025,Hải Bình,2024-07-11,400.0,,,,,
không khớp,37675,NLT0089,Hải Bình,2024-07-11,100.0,,,,,
không khớp,37676,NLT0093,Vĩnh Nam Anh,2024-07-11,170.0,,,,,
không khớp,37677,NLT0173,Khai Nhật,2024-07-12,100.0,,,,,
không khớp,37678,NLT0028,Hải Bình,2024-07-12,1.0,,,,,
không khớp,37679,NLT0033,Mekong,2024-07-12,500.0,,,,,
không khớp,37681,NLT0173,Khai Nhật,2024-07-12,100.0,,,,,
không khớp,37680,NLT0004,Du Bai,2024-07-13,75.0,,,,,
không khớp,37682,BTPR0006,Mạnh Đan,2024-07-19,8.0,,,,,
không khớp,37683,NLT0205,Du Bai,2024-07-24,150.0,,,,,
không khớp,37684,BTPR0006,Mạnh Đan,2024-07-29,5.0,,,,,
không khớp,37685,NLT0015,Hải Bình,2024-07-29,500.0,,,,,
không khớp,37686,NLT0017,Hải Bình,2024-07-29,700.0,,,,,
không khớp,37687,NLT0205,Hải Bình,2024-07-29,100.0,,,,,
không khớp,37688,NLT0187,NCCKS031,2024-07-29,100.0,,,,,
không khớp,37698,NLT0059,Hải Bình,2024-08-15,25.0,,,,,
không khớp,37689,NLT0034,Hải Bình,2024-08-15,600.0,,,,,
không khớp,37690,NLT0028,Hải Bình,2024-08-15,400.0,,,,,
không khớp,37691,NLT0017,Hải Bình,2024-08-15,300.0,,,,,
không khớp,37693,NLT0061,Hải Bình,2024-08-15,100.0,,,,,
không khớp,37694,NLT0025,Hải Bình,2024-08-15,300.0,,,,,
không khớp,37695,NLT0025,Hải Bình,2024-08-15,200.0,,,,,
không khớp,37697,NLT0050,Hải Bình,2024-08-15,200.0,,,,,
không khớp,37699,NLT0015,Hải Bình,2024-08-15,1.0,,,,,
không khớp,37700,NLT0018,Hải Bình,2024-08-15,200.0,,,,,
không khớp,37701,NLT0076,Hải Bình,2024-08-15,5.0,,,,,
không khớp,37696,NLT0155,Hải Bình,2024-08-15,400.0,,,,,
không khớp,37702,NLT0124,Hải Bình,2024-08-15,200.0,,,,,
không khớp,37692,NLT0016,Hải Bình,2024-08-15,300.0,,,,,
không khớp,37704,NLT0174,Khai Nhật,2024-08-15,100.0,,,,,
không khớp,37703,NLT0163,Hải Bình,2024-08-15,25.0,,,,,
không khớp,37706,BTPR0010,Mạnh Đan,2024-08-16,3.0,,,,,
không khớp,37705,BTPR0006,Mạnh Đan,2024-08-16,4.0,,,,,
không khớp,37707,NLT0205,Hải Bình,2024-08-21,500.0,,,,,
không khớp,37708,NLT0194,Nam Bình,2024-08-23,210.0,,,,,
không khớp,37710,BTPR0010,Mạnh Đan,2024-08-29,5.0,,,,,
không khớp,37711,NLT0028,Hải Bình,2024-08-30,1.0,,,,,
không khớp,37712,NLT0209,Hải Bình,2024-08-30,900.0,,,,,
không khớp,37713,NLT0033,Mekong,2024-08-30,500.0,,,,,
không khớp,37719,NLT0025,Hải Bình,2024-09-09,500.0,,,,,
không khớp,37726,BTPR0077,Mạnh Đan,2024-09-09,175.0,,,,,
không khớp,37725,NLT0205,Hải Bình,2024-09-09,1.0,,,,,
không khớp,37724,NLT0155,Hải Bình,2024-09-09,200.0,,,,,
không khớp,37714,NLT0171,Ntk,2024-09-09,225.0,,,,,
không khớp,37715,NLT0144,Du Bai,2024-09-09,800.0,,,,,
không khớp,37716,NLT0186,NCCKS029,2024-09-09,1.0,,,,,
không khớp,37717,NLT0015,Hải Bình,2024-09-09,800.0,,,,,
không khớp,37718,NLT0017,Hải Bình,2024-09-09,800.0,,,,,
không khớp,37720,NLT0029,Hải Bình,2024-09-09,100.0,,,,,
không khớp,37721,NLT0032,Hải Bình,2024-09-09,300.0,,,,,
không khớp,37722,NLT0038,Hải Bình,2024-09-09,500.0,,,,,
không khớp,37723,NLT0124,Hải Bình,2024-09-09,200.0,,,,,
không khớp,37727,NLT0205,Hải Bình,2024-09-10,1.0,,,,,
không khớp,37728,NLT0034,Hải Bình,2024-09-10,1.0,,,,,
không khớp,37729,NLT0006,Mạnh Đan,2024-09-10,525.0,,,,,
không khớp,37730,BTPR0006,Mạnh Đan,2024-09-10,600.0,,,,,
không khớp,37731,NLT0011,Hải Bình,2024-09-12,100.0,,,,,
không khớp,37732,NLT0152,NCCKS023,2024-09-13,14.0,,,,,
không khớp,37733,NLT0108,Cbv,2024-09-18,1.0,,,,,
không khớp,37734,NLT0204,Vĩnh Nam Anh,2024-09-18,200.0,,,,,
không khớp,37735,NLT0192,Mạnh Đan,2024-09-21,400.0,,,,,
không khớp,37736,NLT0006,Mạnh Đan,2024-09-23,375.0,,,,,
không khớp,37737,NLT0192,Mạnh Đan,2024-09-23,200.0,,,,,
không khớp,37738,NLT0093,Tmg,2024-09-24,340.0,,,,,
không khớp,37739,NLT0129,Mạnh Đan,2024-09-24,150.0,,,,,
không khớp,37740,NLT0128,Mạnh Đan,2024-09-24,50.0,,,,,
không khớp,37741,NLT0059,Hải Bình,2024-09-25,50.0,,,,,
không khớp,37765,NLT0022,Vĩnh Nam Anh,2024-10-01,250.0,,,,,
không khớp,37768,NLT0198,Vĩnh Nam Anh,2024-10-01,50.0,,,,,
không khớp,37766,NLT0173,Vĩnh Nam Anh,2024-10-01,100.0,,,,,
không khớp,37742,NLT0015,Hải Bình,2024-10-01,700.0,,,,,
không khớp,37743,NLT0017,Hải Bình,2024-10-01,1.0,,,,,
không khớp,37744,NLT0023,Hải Bình,2024-10-01,800.0,,,,,
không khớp,37745,NLT0025,Hải Bình,2024-10-01,500.0,,,,,
không khớp,37746,NLT0033,Hải Bình,2024-10-01,500.0,,,,,
không khớp,37747,NLT0034,Hải Bình,2024-10-01,1.0,,,,,
không khớp,37748,NLT0046,Hải Bình,2024-10-01,100.0,,,,,
không khớp,37749,NLT0047,Hải Bình,2024-10-01,400.0,,,,,
không khớp,37750,NLT0050,Hải Bình,2024-10-01,400.0,,,,,
không khớp,37751,NLT0059,Hải Bình,2024-10-01,100.0,,,,,
không khớp,37752,NLT0069,Hải Bình,2024-10-01,200.0,,,,,
không khớp,37753,NLT0081,Hải Bình,2024-10-01,100.0,,,,,
không khớp,37754,NLT0089,Hải Bình,2024-10-01,200.0,,,,,
không khớp,37755,NLT0124,Hải Bình,2024-10-01,200.0,,,,,
không khớp,37756,NLT0199,Hải Bình,2024-10-01,100.0,,,,,
không khớp,37757,NLT0205,Hải Bình,2024-10-01,800.0,,,,,
không khớp,37758,NLT0053,Hóa Chất Miền Nam,2024-10-01,5.0,,,,,
không khớp,37759,NLT0090,Hóa Chất Miền Nam,2024-10-01,10.0,,,,,
không khớp,37760,NLT0187,NCCKS031,2024-10-01,100.0,,,,,
không khớp,37761,NLT0211,NCCKS028,2024-10-01,25.0,,,,,
không khớp,37762,NLT0171,Ntk,2024-10-01,225.0,,,,,
không khớp,37763,NLT0042,Tmg,2024-10-01,430.0,,,,,
không khớp,37764,NLT0154,Tmg,2024-10-01,100.0,,,,,
không khớp,37767,NLT0174,Vĩnh Nam Anh,2024-10-01,100.0,,,,,
không khớp,37771,NLT0203,Mạnh Đan,2024-10-08,50.0,,,,,
không khớp,37769,NLT0092,Mạnh Đan,2024-10-08,75.0,,,,,
không khớp,37770,NLT0202,Mạnh Đan,2024-10-08,50.0,,,,,
không khớp,37772,NLT0011,Hải Bình,2024-10-14,1.0,,,,,
không khớp,37773,NLT0209,Hải Bình,2024-10-14,1.5,,,,,
không khớp,37774,NLT0129,Mạnh Đan,2024-10-19,150.0,,,,,
không khớp,37775,NLT0128,Mạnh Đan,2024-10-19,50.0,,,,,
không khớp,37776,NLT0028,Hải Bình,2024-10-23,1.0,,,,,
không khớp,37777,NLT0152,NCCKS023,2024-10-23,1.216,,,,,
không khớp,37778,NLT0044,Du Bai,2024-10-24,1.075,,,,,
không khớp,37779,NLT0084,Hải Bình,2024-10-28,300.0,,,,,
không khớp,37780,NLT0092,Mạnh Đan,2024-10-30,75.0,,,,,
không khớp,37793,NLT0199,Hải Bình,2024-11-06,150.0,,,,,
không khớp,37792,NLT0084,Hải Bình,2024-11-06,300.0,,,,,
không khớp,37791,NLT0050,Hải Bình,2024-11-06,100.0,,,,,
không khớp,37781,NLT0029,Vĩnh Nam Anh,2024-11-06,100.0,,,,,
không khớp,37782,NLT0171,Ntk,2024-11-06,225.0,,,,,
không khớp,37783,NLT0015,Hải Bình,2024-11-06,500.0,,,,,
không khớp,37784,NLT0017,Hải Bình,2024-11-06,1.0,,,,,
không khớp,37785,NLT0028,Hải Bình,2024-11-06,500.0,,,,,
không khớp,37790,NLT0049,Hải Bình,2024-11-06,100.0,,,,,
không khớp,37789,NLT0047,Hải Bình,2024-11-06,200.0,,,,,
không khớp,37788,NLT0038,Hải Bình,2024-11-06,100.0,,,,,
không khớp,37787,NLT0034,Hải Bình,2024-11-06,1.0,,,,,
không khớp,37786,NLT0033,Hải Bình,2024-11-06,500.0,,,,,
không khớp,37794,NLT0204,Vĩnh Nam Anh,2024-11-07,200.0,,,,,
không khớp,37795,NLT0022,Vĩnh Nam Anh,2024-11-12,250.0,,,,,
không khớp,37796,NLT0060,Vĩnh Nam Anh,2024-11-12,215.0,,,,,
không khớp,37797,NLT0154,Tmg,2024-11-12,200.0,,,,,
không khớp,37798,NLT0025,Hải Bình,2024-11-12,150.0,,,,,
không khớp,37799,NLT0050,Hải Bình,2024-11-12,100.0,,,,,
không khớp,37800,NLT0092,Mạnh Đan,2024-11-12,75.0,,,,,
không khớp,37801,NLT0202,Mạnh Đan,2024-11-12,50.0,,,,,
không khớp,37802,NLT0203,Mạnh Đan,2024-11-12,50.0,,,,,
không khớp,37803,NLT0034,Hải Bình,2024-11-14,1.0,,,,,
không khớp,37804,NLT0205,Hải Bình,2024-11-14,2.0,,,,,
không khớp,37806,NLT0025,Hải Bình,2024-11-22,400.0,,,,,
không khớp,37805,NLT0016,Hải Bình,2024-11-22,500.0,,,,,
không khớp,37809,NLT0084,Hải Bình,2024-11-22,300.0,,,,,
không khớp,37808,NLT0050,Hải Bình,2024-11-22,200.0,,,,,
không khớp,37807,NLT0028,Hải Bình,2024-11-22,1.0,,,,,
không khớp,37813,BTPR0010,Mạnh Đan,2024-11-25,5.0,,,,,
không khớp,37812,NLT0006,Mạnh Đan,2024-11-25,375.0,,,,,
không khớp,37811,NLT0003,Mạnh Đan,2024-11-25,75.0,,,,,
không khớp,37810,NLT0001,Mạnh Đan,2024-11-25,150.0,,,,,
không khớp,37816,NLT0203,Mạnh Đan,2024-11-26,50.0,,,,,
không khớp,37815,NLT0202,Mạnh Đan,2024-11-26,50.0,,,,,
không khớp,37814,NLT0092,Mạnh Đan,2024-11-26,75.0,,,,,
không khớp,37817,NLT0044,Du Bai,2024-11-27,1.0,,,,,
không khớp,37818,NLT0117,Mạnh Đan,2024-11-30,500.0,,,,,
không khớp,37819,NLT0038,Hải Bình,2024-12-03,200.0,,,,,
không khớp,37820,NLT0033,Hải Bình,2024-12-04,850.0,,,,,
không khớp,37821,NLT0033,Hải Bình,2024-12-04,1.0,,,,,
không khớp,37822,NLT0022,Vĩnh Nam Anh,2024-12-04,500.0,,,,,
không khớp,37823,NLT0029,Vĩnh Nam Anh,2024-12-04,100.0,,,,,
không khớp,37824,NLT0093,Vĩnh Nam Anh,2024-12-04,340.0,,,,,
không khớp,37825,NLT0204,Vĩnh Nam Anh,2024-12-04,100.0,,,,,
không khớp,37826,NLT0031,Tmg,2024-12-04,232.0,,,,,
không khớp,37827,NLT0042,Tmg,2024-12-04,430.0,,,,,
không khớp,37828,NLT0154,Tmg,2024-12-04,200.0,,,,,
không khớp,37830,NLT0172,Ntk,2024-12-05,25.0,,,,,
không khớp,37829,NLT0171,Ntk,2024-12-05,450.0,,,,,
không khớp,37838,NLT0205,Hải Bình,2024-12-06,1.0,,,,,
không khớp,37837,NLT0199,Hải Bình,2024-12-06,200.0,,,,,
không khớp,37836,NLT0101,Hải Bình,2024-12-06,100.0,,,,,
không khớp,37835,NLT0034,Hải Bình,2024-12-06,1.0,,,,,
không khớp,37834,NLT0028,Hải Bình,2024-12-06,2.0,,,,,
không khớp,37833,NLT0025,Hải Bình,2024-12-06,400.0,,,,,
không khớp,37832,NLT0017,Hải Bình,2024-12-06,500.0,,,,,
không khớp,37831,NLT0015,Hải Bình,2024-12-06,500.0,,,,,
không khớp,37839,NLT0198,Vĩnh Nam Anh,2024-12-07,100.0,,,,,
không khớp,37844,NLT0049,Hải Bình,2024-12-09,100.0,,,,,
không khớp,37840,NLT0015,Hải Bình,2024-12-09,100.0,,,,,
không khớp,37841,NLT0017,Hải Bình,2024-12-09,300.0,,,,,
không khớp,37842,NLT0025,Hải Bình,2024-12-09,100.0,,,,,
không khớp,37848,NLT0203,Mạnh Đan,2024-12-09,150.0,,,,,
không khớp,37847,NLT0202,Mạnh Đan,2024-12-09,125.0,,,,,
không khớp,37846,NLT0155,Hải Bình,2024-12-09,500.0,,,,,
không khớp,37845,NLT0050,Hải Bình,2024-12-09,200.0,,,,,
không khớp,37843,NLT0033,Hải Bình,2024-12-09,1.0,,,,,
không khớp,37856,NLT0205,Hải Bình,2024-12-10,3.0,,,,,
không khớp,37849,NLT0205,Hải Bình,2024-12-10,1.0,,,,,
không khớp,37853,NLT0205,NCCKS029,2024-12-11,5.0,,,,,
không khớp,37855,NLT0031,Tmg,2024-12-11,232.0,,,,,
không khớp,37854,NLT0034,Hải Bình,2024-12-11,1.5,,,,,
không khớp,37852,NLT0022,Vĩnh Nam Anh,2024-12-11,500.0,,,,,
không khớp,37851,NLT0171,Ntk,2024-12-11,450.0,,,,,
không khớp,37850,NLT0188,Amigos,2024-12-11,200.0,,,,,
không khớp,37861,NLT0203,Mạnh Đan,2024-12-12,75.0,,,,,
không khớp,37860,NLT0202,Mạnh Đan,2024-12-12,75.0,,,,,
không khớp,37859,NLT0092,Mạnh Đan,2024-12-12,125.0,,,,,
không khớp,37858,NLT0006,Mạnh Đan,2024-12-12,425.0,,,,,
không khớp,37857,NLT0005,Mạnh Đan,2024-12-12,75.0,,,,,
không khớp,37863,NLT0017,Hải Bình,2024-12-14,1.0,,,,,
không khớp,37862,NLT0015,Hải Bình,2024-12-14,1.0,,,,,
không khớp,37867,NLT0023,VNT,2024-12-16,500.0,,,,,
không khớp,37866,NLT0171,Ntk,2024-12-16,450.0,,,,,
không khớp,37864,NLT0047,Mekong,2024-12-16,500.0,,,,,
không khớp,37865,NLT0060,Vĩnh Nam Anh,2024-12-16,430.0,,,,,
không khớp,37868,NLT0087,VNT,2024-12-16,200.0,,,,,
không khớp,37869,NLT0038,VNT,2024-12-16,500.0,,,,,
không khớp,37870,NLT0025,Hải Bình,2024-12-18,1.0,,,,,
không khớp,32232,VT0175,NCCKS011,2024-12-21,500.0,,,,,
không khớp,32231,VT0175,NCCKS011,2024-12-21,500.0,,,,,
không khớp,37874,NLT0084,Hải Bình,2024-12-23,500.0,,,,,
không khớp,37873,NLT0039,Hải Bình,2024-12-23,1.0,,,,,
không khớp,37872,NLT0034,Hải Bình,2024-12-23,1.0,,,,,
không khớp,37871,NLT0016,Hải Bình,2024-12-23,500.0,,,,,
không khớp,32233,THC0128,Đông Tây,2025-01-02,104.0,,,,,
không khớp,32234,THC0179,Đông Tây,2025-01-02,110.0,,,,,
không khớp,32235,NTN2914,Tân Đức,2025-01-02,3150.0,,,,,
không khớp,32236,NTN2829,Tân Đức,2025-01-02,3160.0,,,,,
không khớp,32237,NTN2506,Tân Đức,2025-01-02,1090.0,,,,,
không khớp,32241,NDT2741,NCCKS014,2025-01-03,102.0,,,,,
không khớp,32516,NTN3099,Tân Đức,2025-01-03,5200.0,,,,,
không khớp,32240,NDT3113,NCCKS014,2025-01-03,51.0,,,,,
không khớp,32239,NDT3105,NCCKS014,2025-01-03,51.0,,,,,
không khớp,32238,NHG3095,Mộc Ấn,2025-01-03,2000.0,,,,,
không khớp,37881,NLT0081,Hải Bình,2025-01-03,200.0,,,,,
không khớp,37877,NLT0025,Hải Bình,2025-01-03,500.0,,,,,
không khớp,37880,NLT0059,Hải Bình,2025-01-03,100.0,,,,,
không khớp,37879,NLT0049,Hải Bình,2025-01-03,200.0,,,,,
không khớp,37878,NLT0039,Hải Bình,2025-01-03,1.0,,,,,
không khớp,32242,NHD3107,NCCKS002,2025-01-04,1050.0,,,,,
không khớp,32243,NDT3107,NCCKS002,2025-01-04,30.0,,,,,
không khớp,32244,CHT0058,Phương Nam,2025-01-04,2016.0,,,,,
không khớp,32840,NHG2026,Mộc Ấn,2025-01-04,2189.0,,,,,
không khớp,32835,THC0091,Đông Tây,2025-01-04,207.0,,,,,
không khớp,32254,NAP0060,Thành Phát,2025-01-06,5100.0,,,,,
không khớp,32256,NAP0069,Thành Phát,2025-01-06,3080.0,,,,,
không khớp,32255,CPV0103,Thành Phát,2025-01-06,3080.0,,,,,
không khớp,32253,CPV0084,Thành Phát,2025-01-06,5100.0,,,,,
không khớp,32252,NAP0055,Thành Phát,2025-01-06,2037.0,,,,,
không khớp,32250,CPT0075,Thành Phát,2025-01-06,4067.0,,,,,
không khớp,32249,NHG2664,Mộc Ấn,2025-01-06,1070.0,,,,,
không khớp,32245,NTN2741,Tân Đức,2025-01-06,1100.0,,,,,
không khớp,32248,NHG2543,Mộc Ấn,2025-01-06,1080.0,,,,,
không khớp,32247,NHG1521,Mộc Ấn,2025-01-06,2139.0,,,,,
không khớp,32246,CPT0206,Vinaco,2025-01-06,2000.0,,,,,
không khớp,32251,NAP0056,Thành Phát,2025-01-06,2030.0,,,,,
không khớp,37904,BTPR0010,Kel,2025-01-06,3000.0,,,,,
không khớp,32264,CHT0128,Thành Phát,2025-01-07,4095.0,,,,,
không khớp,32266,NAP0105,Thành Phát,2025-01-07,2050.0,,,,,
không khớp,32265,NAP0106,Thành Phát,2025-01-07,2045.0,,,,,
không khớp,32263,CET0098,PHL,2025-01-07,2000.0,,,,,
không khớp,32262,NAP0043,PHL,2025-01-07,8008.0,,,,,
không khớp,32261,CHT0174,PHL,2025-01-07,8008.0,,,,,
không khớp,32260,NHG2819,Mộc Ấn,2025-01-07,2199.0,,,,,
không khớp,32259,NAP0060,Thành Phát,2025-01-07,2100.0,,,,,
không khớp,32258,CPV0077,Thành Phát,2025-01-07,2100.0,,,,,
không khớp,32257,THC0079,Đông Tây,2025-01-07,216.0,,,,,
không khớp,32267,THC0072,Đông Tây,2025-01-08,114.0,,,,,
không khớp,32285,NAP0070,Phương Nam,2025-01-08,4050.0,,,,,
không khớp,32284,CHT0116,Phương Nam,2025-01-08,4050.0,,,,,
không khớp,32283,CHT0058,Phương Nam,2025-01-08,1512.0,,,,,
không khớp,32282,NAP0055,Thành Phát,2025-01-08,2573.0,,,,,
không khớp,32281,CPT0091,Thành Phát,2025-01-08,2573.0,,,,,
không khớp,32280,NAP0056,Thành Phát,2025-01-08,2075.0,,,,,
không khớp,32279,CPT0078,Thành Phát,2025-01-08,2075.0,,,,,
không khớp,32278,NAP0064,Thành Phát,2025-01-08,2016.0,,,,,
không khớp,32276,NAP0085,Thành Phát,2025-01-08,3042.0,,,,,
không khớp,32275,CPT0105,Thành Phát,2025-01-08,3042.0,,,,,
không khớp,32274,NHG3119,Mộc Ấn,2025-01-08,1098.0,,,,,
không khớp,32273,NHG2922,Mộc Ấn,2025-01-08,6662.0,,,,,
không khớp,32272,NHG3062,Mộc Ấn,2025-01-08,6647.0,,,,,
không khớp,32271,NAP0056,Thành Phát,2025-01-08,648.0,,,,,
không khớp,32270,CPT0067,Thành Phát,2025-01-08,648.0,,,,,
không khớp,32269,NAP0024,Minh Ngọc,2025-01-08,1000.0,,,,,
không khớp,32268,CNT0035,Minh Ngọc,2025-01-08,1000.0,,,,,
không khớp,32277,CHT0079,Thành Phát,2025-01-08,2016.0,,,,,
không khớp,32290,NHG2932,Mộc Ấn,2025-01-09,4484.0,,,,,
không khớp,32292,NHG3015,Mộc Ấn,2025-01-09,4497.0,,,,,
không khớp,32291,NHG3014,Mộc Ấn,2025-01-09,4477.0,,,,,
không khớp,32289,NHG3058,Mộc Ấn,2025-01-09,2254.0,,,,,
không khớp,32288,NHG3102,Mộc Ấn,2025-01-09,2179.0,,,,,
không khớp,32287,NHG2618,Mộc Ấn,2025-01-09,2234.0,,,,,
không khớp,32286,HOP2026,Trí Tín,2025-01-09,2000.0,,,,,
không khớp,32831,NHG2931,Mộc Ấn,2025-01-09,4507.0,,,,,
không khớp,32307,NAP0057,Thành Phát,2025-01-10,2075.0,,,,,
không khớp,32313,NDT3103,NCCKS014,2025-01-10,102.0,,,,,
không khớp,32312,NDT2612,NCCKS014,2025-01-10,51.0,,,,,
không khớp,32311,NDT2557,NCCKS014,2025-01-10,102.0,,,,,
không khớp,32310,NDT2506,NCCKS014,2025-01-10,102.0,,,,,
không khớp,32309,NDT2664,NCCKS014,2025-01-10,201.0,,,,,
không khớp,32308,NDT2469,NCCKS014,2025-01-10,201.0,,,,,
không khớp,32306,CPT0075,Thành Phát,2025-01-10,2075.0,,,,,
không khớp,32305,NAP0070,Phương Nam,2025-01-10,2025.0,,,,,
không khớp,32304,CHT0116,Phương Nam,2025-01-10,2025.0,,,,,
không khớp,32302,CPT0089,Thành Phát,2025-01-10,2100.0,,,,,
không khớp,32301,NAP0084,Thành Phát,2025-01-10,2070.0,,,,,
không khớp,32293,NTN3105,Tân Đức,2025-01-10,4760.0,,,,,
không khớp,32300,CHT0104,Thành Phát,2025-01-10,2070.0,,,,,
không khớp,32299,NHG2583,Mộc Ấn,2025-01-10,1930.0,,,,,
không khớp,32298,NAP0091,Thành Phát,2025-01-10,1020.0,,,,,
không khớp,32297,CPT0114,Thành Phát,2025-01-10,1020.0,,,,,
không khớp,32296,NAP0085,Thành Phát,2025-01-10,8073.0,,,,,
không khớp,32295,CPT0105,Thành Phát,2025-01-10,8073.0,,,,,
không khớp,32303,NAP0057,Thành Phát,2025-01-10,2100.0,,,,,
không khớp,32294,NHD3113,Mộc Ấn,2025-01-10,2154.0,,,,,
không khớp,32319,NHG2471,Mộc Ấn,2025-01-11,4378.0,,,,,
không khớp,32322,NHG2450,Mộc Ấn,2025-01-11,4368.0,,,,,
không khớp,32321,NAP0117,Thành Phát,2025-01-11,2075.0,,,,,
không khớp,32320,CHT0141,Thành Phát,2025-01-11,2075.0,,,,,
không khớp,32318,NHG3069,Mộc Ấn,2025-01-11,2055.0,,,,,
không khớp,32317,NHG2664,Mộc Ấn,2025-01-11,4353.0,,,,,
không khớp,32316,NHG1521,Mộc Ấn,2025-01-11,2194.0,,,,,
không khớp,32315,NHG2467,Mộc Ấn,2025-01-11,8423.0,,,,,
không khớp,32314,THC0112,Đông Tây,2025-01-11,210.0,,,,,
không khớp,32331,NAP0060,Thành Phát,2025-01-13,5100.0,,,,,
không khớp,32343,CEV0184,Thành Phát,2025-01-13,3060.0,,,,,
không khớp,32342,NHD2236,Trương Gia Phước,2025-01-13,200.0,,,,,
không khớp,32341,NHG3117,NCCKS002,2025-01-13,410.0,,,,,
không khớp,32340,NHG3116,NCCKS002,2025-01-13,410.0,,,,,
không khớp,32339,NHG3115,NCCKS002,2025-01-13,410.0,,,,,
không khớp,32338,NHG3114,NCCKS002,2025-01-13,210.0,,,,,
không khớp,32337,NHG3060,NCCKS002,2025-01-13,250.0,,,,,
không khớp,32336,NAP0074,Thành Phát,2025-01-13,1008.0,,,,,
không khớp,32335,CPT0063,Thành Phát,2025-01-13,1008.0,,,,,
không khớp,32333,NAP0066,Thành Phát,2025-01-13,2000.0,,,,,
không khớp,32323,THC0086,Đông Tây,2025-01-13,215.0,,,,,
không khớp,32324,HOP1893,Trí Tín,2025-01-13,3000.0,,,,,
không khớp,32325,CPT0105,Thành Phát,2025-01-13,9360.0,,,,,
không khớp,32326,NAP0085,Thành Phát,2025-01-13,9360.0,,,,,
không khớp,32327,NTN2612,Tân Đức,2025-01-13,3150.0,,,,,
không khớp,32328,CHT0207,Hồ Gia,2025-01-13,2106.0,,,,,
không khớp,32329,NHD2927,Trương Gia Phước,2025-01-13,200.0,,,,,
không khớp,32330,CPV0084,Thành Phát,2025-01-13,5100.0,,,,,
không khớp,32334,NAP0056,Thành Phát,2025-01-13,1567.0,,,,,
không khớp,32332,CPV0096,Thành Phát,2025-01-13,3567.0,,,,,
không khớp,37905,NLT0101,Kết Nông,2025-01-13,300.0,,,,,
không khớp,37906,NLT0001,Mạnh Đan,2025-01-14,100.0,,,,,
không khớp,37907,NLT0003,Mạnh Đan,2025-01-14,50.0,,,,,
không khớp,32359,NTN2615,Tân Đức,2025-01-14,1100.0,,,,,
không khớp,32360,NDT2927,NCCKS014,2025-01-14,51.0,,,,,
không khớp,32361,NDT2236,NCCKS014,2025-01-14,51.0,,,,,
không khớp,32362,NDT2469,NCCKS014,2025-01-14,201.0,,,,,
không khớp,32363,NDT2556,NCCKS014,2025-01-14,51.0,,,,,
không khớp,32364,NDT2415,NCCKS014,2025-01-14,51.0,,,,,
không khớp,32365,NDT2417,NCCKS014,2025-01-14,51.0,,,,,
không khớp,32366,NDT2555,NCCKS014,2025-01-14,51.0,,,,,
không khớp,32367,NDT2582,NCCKS014,2025-01-14,51.0,,,,,
không khớp,32368,NDT3109,NCCKS014,2025-01-14,51.0,,,,,
không khớp,32369,NDT2710,NCCKS014,2025-01-14,51.0,,,,,
không khớp,32370,NDT3132,NCCKS014,2025-01-14,12.0,,,,,
không khớp,32344,NHG2488,Mộc Ấn,2025-01-14,11567.0,,,,,
không khớp,32357,NHG2470,Mộc Ấn,2025-01-14,8607.0,,,,,
không khớp,32345,NTN3103,Tân Đức,2025-01-14,6300.0,,,,,
không khớp,32346,THI0169,Đông Tây,2025-01-14,280.0,,,,,
không khớp,32347,THC0078,Đông Tây,2025-01-14,300.0,,,,,
không khớp,32348,THI0202,Đông Tây,2025-01-14,212.0,,,,,
không khớp,32349,CHV0127,Phương Nam,2025-01-14,4860.0,,,,,
không khớp,32350,CHV0126,Phương Nam,2025-01-14,4860.0,,,,,
không khớp,32352,NAP0015,PHL,2025-01-14,2000.0,,,,,
không khớp,32353,NHG2483,Mộc Ấn,2025-01-14,8741.0,,,,,
không khớp,32354,NHG2463,Mộc Ấn,2025-01-14,4378.0,,,,,
không khớp,32355,NTN2417,Tân Đức,2025-01-14,5100.0,,,,,
không khớp,32356,NTN2582,Tân Đức,2025-01-14,5080.0,,,,,
không khớp,32358,NHG2471,Mộc Ấn,2025-01-14,8776.0,,,,,
không khớp,32351,CHT0027,PHL,2025-01-14,2000.0,,,,,
không khớp,32834,NDT2615,NCCKS014,2025-01-14,51.0,,,,,
không khớp,32384,CPT0154,PHL,2025-01-15,2600.0,,,,,
không khớp,32385,CHT0012,Hồ Gia,2025-01-15,3078.0,,,,,
không khớp,32386,NAP0028,Hồ Gia,2025-01-15,3078.0,,,,,
không khớp,32387,CPV0176,Thành Phát,2025-01-15,1120.0,,,,,
không khớp,32388,CHT0084,Thành Phát,2025-01-15,2016.0,,,,,
không khớp,32389,NAP0062,Thành Phát,2025-01-15,2016.0,,,,,
không khớp,32390,NHD3132,NCCKS002,2025-01-15,400.0,,,,,
không khớp,32391,CHT0116,Phương Nam,2025-01-15,2025.0,,,,,
không khớp,32392,NAP0070,Phương Nam,2025-01-15,2025.0,,,,,
không khớp,32393,NAP0070,Phương Nam,2025-01-15,2000.0,,,,,
không khớp,32394,TEM0009,Tân Hoa Mai,2025-01-15,35000.0,,,,,
không khớp,32375,NHG2523,Mộc Ấn,2025-01-15,2139.0,,,,,
không khớp,32382,THI0169,Đông Tây,2025-01-15,240.0,,,,,
không khớp,32383,CNT0033,Minh Ngọc,2025-01-15,1000.0,,,,,
không khớp,32372,THC0080,Đông Tây,2025-01-15,320.0,,,,,
không khớp,32373,CHT0027,PHL,2025-01-15,8000.0,,,,,
không khớp,32374,NAP0015,PHL,2025-01-15,8000.0,,,,,
không khớp,32371,THC0128,Đông Tây,2025-01-15,105.0,,,,,
không khớp,32376,NHG2545,Mộc Ấn,2025-01-15,1050.0,,,,,
không khớp,32377,NHG2929,Mộc Ấn,2025-01-15,1080.0,,,,,
không khớp,32378,NHG2947,Mộc Ấn,2025-01-15,2204.0,,,,,
không khớp,32379,THC0078,Đông Tây,2025-01-15,330.0,,,,,
không khớp,32380,CPT0175,Thành Phát,2025-01-15,1075.0,,,,,
không khớp,32381,NAP0056,Thành Phát,2025-01-15,1075.0,,,,,
không khớp,37908,NLT0034,Hải Bình,2025-01-15,1.0,,,,,
không khớp,37909,BTPR0010,Mạnh Đan,2025-01-15,3.5,,,,,
không khớp,32402,NHG2710,Mộc Ấn,2025-01-16,2249.0,,,,,
không khớp,32411,NHD3118,Trương Gia Phước,2025-01-16,2.0,,,,,
không khớp,32410,NHD3117,Trương Gia Phước,2025-01-16,3.0,,,,,
không khớp,32409,NHD3116,Trương Gia Phước,2025-01-16,3.0,,,,,
không khớp,32408,NHD3115,Trương Gia Phước,2025-01-16,3.0,,,,,
không khớp,32407,NHD3114,Trương Gia Phước,2025-01-16,3.0,,,,,
không khớp,32406,CHT0058,Phương Nam,2025-01-16,1260.0,,,,,
không khớp,32405,NAP0016,PHL,2025-01-16,7007.0,,,,,
không khớp,32404,CHT0031,PHL,2025-01-16,7007.0,,,,,
không khớp,32403,NHG3067,Mộc Ấn,2025-01-16,1085.0,,,,,
không khớp,32401,NHG2464,Mộc Ấn,2025-01-16,2244.0,,,,,
không khớp,32400,NHG3033,Mộc Ấn,2025-01-16,2169.0,,,,,
không khớp,32399,NHG3127,Mộc Ấn,2025-01-16,2244.0,,,,,
không khớp,32398,NHG2479,Mộc Ấn,2025-01-16,2244.0,,,,,
không khớp,32397,NHG3125,Mộc Ấn,2025-01-16,2239.0,,,,,
không khớp,32396,NHD3118,Trương Gia Phước,2025-01-16,40.0,,,,,
không khớp,32395,THC0208,Đông Tây,2025-01-16,214.0,,,,,
không khớp,32421,CPT0075,Thành Phát,2025-01-17,2075.0,,,,,
không khớp,32426,HOP1829,Trí Tín,2025-01-17,2190.0,,,,,
không khớp,32425,CPV0209,NCCKS009,2025-01-17,2000.0,,,,,
không khớp,32424,NAP0064,Thành Phát,2025-01-17,504.0,,,,,
không khớp,32423,CHT0084,Thành Phát,2025-01-17,504.0,,,,,
không khớp,32422,NAP0057,Thành Phát,2025-01-17,2075.0,,,,,
không khớp,32420,NHG3106,Mộc Ấn,2025-01-17,2199.0,,,,,
không khớp,32419,NHG2750,Mộc Ấn,2025-01-17,3164.0,,,,,
không khớp,32418,NHG3130,Mộc Ấn,2025-01-17,2199.0,,,,,
không khớp,32417,NHG3129,Mộc Ấn,2025-01-17,2199.0,,,,,
không khớp,32416,NHD3109,Mộc Ấn,2025-01-17,2104.0,,,,,
không khớp,32415,THC0162,Đông Tây,2025-01-17,210.0,,,,,
không khớp,32414,NHD2434,Mộc Ấn,2025-01-17,2139.0,,,,,
không khớp,32413,NHD2435,Mộc Ấn,2025-01-17,2097.0,,,,,
không khớp,32412,THI0166,Đông Tây,2025-01-17,312.0,,,,,
không khớp,32428,THI0167,Đông Tây,2025-01-18,306.0,,,,,
không khớp,32427,NTN2556,Tân Đức,2025-01-18,6470.0,,,,,
không khớp,32435,NTN2487,Tân Đức,2025-01-20,12400.0,,,,,
không khớp,32443,NAP0070,Phương Nam,2025-01-20,2000.0,,,,,
không khớp,32442,NAP0070,Phương Nam,2025-01-20,5025.0,,,,,
không khớp,32441,CHT0116,Phương Nam,2025-01-20,5025.0,,,,,
không khớp,32440,CPT0082,PHL,2025-01-20,2000.0,,,,,
không khớp,32439,NAP0028,Hồ Gia,2025-01-20,9072.0,,,,,
không khớp,32438,CHT0012,Hồ Gia,2025-01-20,9072.0,,,,,
không khớp,32437,NHG2064,Mộc Ấn,2025-01-20,1099.0,,,,,
không khớp,32436,NHG2605,Mộc Ấn,2025-01-20,2159.0,,,,,
không khớp,32434,NAP0017,PHL,2025-01-20,10010.0,,,,,
không khớp,32433,CHT0174,PHL,2025-01-20,10010.0,,,,,
không khớp,32432,NAP0031,PHL,2025-01-20,12000.0,,,,,
không khớp,32431,NTN2555,Tân Đức,2025-01-20,15580.0,,,,,
không khớp,32430,NTN2415,Tân Đức,2025-01-20,15560.0,,,,,
không khớp,32429,CET0028,PHL,2025-01-20,12000.0,,,,,
không khớp,37910,NLT0034,Hải Bình,2025-01-20,1.0,,,,,
không khớp,37911,NLT0205,Hải Bình,2025-01-20,1.0,,,,,
không khớp,37912,NLT0022,Vĩnh Nam Anh,2025-01-21,500.0,,,,,
không khớp,32459,NHG3143,Mộc Ấn,2025-01-21,1085.0,,,,,
không khớp,32460,NHG3144,Mộc Ấn,2025-01-21,1085.0,,,,,
không khớp,32461,NHG1829,Mộc Ấn,2025-01-21,2164.0,,,,,
không khớp,32462,NHG1830,Mộc Ấn,2025-01-21,1851.0,,,,,
không khớp,32463,NHG3160,NCCKS002,2025-01-21,410.0,,,,,
không khớp,32464,NHG3163,NCCKS002,2025-01-21,210.0,,,,,
không khớp,32465,NDT2497,NCCKS014,2025-01-21,50.0,,,,,
không khớp,32466,NDT3164,NCCKS014,2025-01-21,52.0,,,,,
không khớp,32467,NDT2732,NCCKS014,2025-01-21,20.0,,,,,
không khớp,32468,NDT2612,NCCKS014,2025-01-21,3.0,,,,,
không khớp,32469,NDT2497,NCCKS014,2025-01-21,4.0,,,,,
không khớp,32470,NDT2732,NCCKS014,2025-01-21,10.0,,,,,
không khớp,32452,NHG3136,Mộc Ấn,2025-01-21,1090.0,,,,,
không khớp,32457,NHG3141,Mộc Ấn,2025-01-21,1080.0,,,,,
không khớp,32458,NHG3142,Mộc Ấn,2025-01-21,1085.0,,,,,
không khớp,32444,THI0210,Đông Tây,2025-01-21,206.0,,,,,
không khớp,32445,CHT0106,Hns,2025-01-21,1000.0,,,,,
không khớp,32446,NAP0089,Hns,2025-01-21,1000.0,,,,,
không khớp,32447,CHT0133,Hns,2025-01-21,1000.0,,,,,
không khớp,32448,NAP0107,Hns,2025-01-21,1000.0,,,,,
không khớp,32449,NHG2664,Mộc Ấn,2025-01-21,6512.0,,,,,
không khớp,32451,NHG3134,Mộc Ấn,2025-01-21,1080.0,,,,,
không khớp,32453,NHG3137,Mộc Ấn,2025-01-21,1080.0,,,,,
không khớp,32454,NHG3138,Mộc Ấn,2025-01-21,1085.0,,,,,
không khớp,32455,NHG3139,Mộc Ấn,2025-01-21,1085.0,,,,,
không khớp,32456,NHG3140,Mộc Ấn,2025-01-21,1080.0,,,,,
không khớp,32450,NHG3133,Mộc Ấn,2025-01-21,1094.0,,,,,
không khớp,32484,NHG3157,Mộc Ấn,2025-01-22,1099.0,,,,,
không khớp,32485,NDT2664,Mộc Ấn,2025-01-22,1025.0,,,,,
không khớp,32486,NHG3160,Mộc Ấn,2025-01-22,2159.0,,,,,
không khớp,32487,CPT0075,Thành Phát,2025-01-22,1079.0,,,,,
không khớp,32488,NAP0056,Thành Phát,2025-01-22,1079.0,,,,,
không khớp,32489,CPT0148,Thành Phát,2025-01-22,1024.0,,,,,
không khớp,32490,THC0043,Đông Tây,2025-01-22,110.0,,,,,
không khớp,32491,NHG3158,Mộc Ấn,2025-01-22,1020.0,,,,,
không khớp,32492,CPT0208,Thành Phát,2025-01-22,216.0,,,,,
không khớp,32493,NAP0135,Thành Phát,2025-01-22,216.0,,,,,
không khớp,32494,NDT1521,NCCKS015,2025-01-22,180.0,,,,,
không khớp,32482,NHG3155,Mộc Ấn,2025-01-22,1094.0,,,,,
không khớp,32481,NHG3154,Mộc Ấn,2025-01-22,1099.0,,,,,
không khớp,32480,NHG3153,Mộc Ấn,2025-01-22,1099.0,,,,,
không khớp,32479,NHG3152,Mộc Ấn,2025-01-22,1094.0,,,,,
không khớp,32478,NHG3151,Mộc Ấn,2025-01-22,1099.0,,,,,
không khớp,32477,NHG3150,Mộc Ấn,2025-01-22,1099.0,,,,,
không khớp,32476,NHG3149,Mộc Ấn,2025-01-22,1099.0,,,,,
không khớp,32475,NHG3148,Mộc Ấn,2025-01-22,1099.0,,,,,
không khớp,32474,NHG3147,Mộc Ấn,2025-01-22,1094.0,,,,,
không khớp,32473,NHG3146,Mộc Ấn,2025-01-22,1099.0,,,,,
không khớp,32472,NTN1328,Tân Đức,2025-01-22,3100.0,,,,,
không khớp,32471,THC0219,Đông Tây,2025-01-22,218.0,,,,,
không khớp,32483,NHG3156,Mộc Ấn,2025-01-22,1099.0,,,,,
không khớp,32501,NHG3162,Mộc Ấn,2025-01-23,1094.0,,,,,
không khớp,32500,NHG2957,Mộc Ấn,2025-01-23,2219.0,,,,,
không khớp,32499,NHG2625,Mộc Ấn,2025-01-23,2169.0,,,,,
không khớp,32497,NHG2450,Mộc Ấn,2025-01-23,4378.0,,,,,
không khớp,32495,NHD2834,Mộc Ấn,2025-01-23,2060.0,,,,,
không khớp,32498,NHG3159,Mộc Ấn,2025-01-23,2184.0,,,,,
không khớp,32496,THC0078,Đông Tây,2025-01-23,516.0,,,,,
không khớp,32502,THC0146,Đông Tây,2025-01-24,207.0,,,,,
không khớp,32503,NHG3121,Mộc Ấn,2025-01-24,2209.0,,,,,
không khớp,32504,NHG3131,Mộc Ấn,2025-01-24,2199.0,,,,,
không khớp,32505,CPT0111,Thành Phát,2025-01-24,1008.0,,,,,
không khớp,32506,NAP0093,Thành Phát,2025-01-24,1008.0,,,,,
không khớp,34912,NDT4178,Thành Công,2025-01-29,25.0,,,,,
không khớp,32507,NDT3161,NCCKS014,2025-02-03,51.0,,,,,
không khớp,32508,NDT3111,NCCKS014,2025-02-03,30.0,,,,,
không khớp,32512,NDT2889,NCCKS014,2025-02-03,51.0,,,,,
không khớp,32830,NDT3171,NCCKS014,2025-02-03,102.0,,,,,
không khớp,37913,NLT0017,Hải Bình,2025-02-03,1.0,,,,,
không khớp,32510,CAN0005,Agama,2025-02-04,2.0,,,,,
không khớp,32514,NHD3164,Mộc Ấn,2025-02-05,2124.0,,,,,
không khớp,32515,CPT0082,PHL,2025-02-05,3000.0,,,,,
không khớp,37920,NLT0093,Vĩnh Nam Anh,2025-02-05,340.0,,,,,
không khớp,37915,NLT0199,Hải Bình,2025-02-05,200.0,,,,,
không khớp,37919,NLT0087,VNT,2025-02-05,500.0,,,,,
không khớp,37918,NLT0154,Tmg,2025-02-05,200.0,,,,,
không khớp,37916,NLT0086,Hóa Chất Mê Kông,2025-02-05,60.0,,,,,
không khớp,37914,NLT0025,Hải Bình,2025-02-05,500.0,,,,,
không khớp,37928,NLT0155,Hải Bình,2025-02-06,300.0,,,,,
không khớp,37935,NLT0204,Vĩnh Nam Anh,2025-02-06,150.0,,,,,
không khớp,37934,NLT0029,Vĩnh Nam Anh,2025-02-06,100.0,,,,,
không khớp,37933,NLT0172,Ntk,2025-02-06,50.0,,,,,
không khớp,37932,NLT0130,Ngàn Hương,2025-02-06,25.0,,,,,
không khớp,37931,NLT0022,Kết Nông,2025-02-06,500.0,,,,,
không khớp,37930,NLT0205,Hải Bình,2025-02-06,4.0,,,,,
không khớp,37929,NLT0163,Hải Bình,2025-02-06,5.0,,,,,
không khớp,37927,NLT0084,Hải Bình,2025-02-06,500.0,,,,,
không khớp,37926,NLT0049,Hải Bình,2025-02-06,100.0,,,,,
không khớp,37925,NLT0039,Hải Bình,2025-02-06,1.0,,,,,
không khớp,37924,NLT0034,Hải Bình,2025-02-06,2.0,,,,,
không khớp,37923,NLT0015,Hải Bình,2025-02-06,2.0,,,,,
không khớp,37922,NLT0044,Du Bai,2025-02-06,1.0,,,,,
không khớp,37921,BTPR0090,Kel,2025-02-06,200.0,,,,,
không khớp,32524,CNT0033,Minh Ngọc,2025-02-06,600.0,,,,,
không khớp,32523,NAP0064,Thành Phát,2025-02-06,1008.0,,,,,
không khớp,32525,CNT0036,Minh Ngọc,2025-02-06,400.0,,,,,
không khớp,32522,CHT0079,Thành Phát,2025-02-06,1008.0,,,,,
không khớp,32521,NAP0068,Thành Phát,2025-02-06,1008.0,,,,,
không khớp,32520,CHT0084,Thành Phát,2025-02-06,1008.0,,,,,
không khớp,32518,CPT0075,Thành Phát,2025-02-06,2075.0,,,,,
không khớp,32517,NHD3104,Mộc Ấn,2025-02-06,1045.0,,,,,
không khớp,32519,NAP0057,Thành Phát,2025-02-06,2075.0,,,,,
không khớp,32531,COC0004,Phương Nam,2025-02-07,2000.0,,,,,
không khớp,32535,NAP0070,Phương Nam,2025-02-07,2025.0,,,,,
không khớp,32534,CHT0116,Phương Nam,2025-02-07,2025.0,,,,,
không khớp,32533,NAP0088,Thành Phát,2025-02-07,2100.0,,,,,
không khớp,32532,CHT0105,Thành Phát,2025-02-07,2100.0,,,,,
không khớp,32530,NAP0120,Thành Phát,2025-02-07,2075.0,,,,,
không khớp,32529,CHT0169,Thành Phát,2025-02-07,2075.0,,,,,
không khớp,32528,NHG2550,Mộc Ấn,2025-02-07,2204.0,,,,,
không khớp,32527,NAP0018,PHL,2025-02-07,6000.0,,,,,
không khớp,32526,CHT0032,PHL,2025-02-07,6000.0,,,,,
không khớp,32536,NTN3161,Tân Đức,2025-02-08,3150.0,,,,,
không khớp,32548,NDT3183,NCCKS014,2025-02-08,51.0,,,,,
không khớp,32549,NDT3168,NCCKS014,2025-02-08,21.0,,,,,
không khớp,32547,NDT3180,NCCKS014,2025-02-08,51.0,,,,,
không khớp,32546,NDT3164,NCCKS014,2025-02-08,52.0,,,,,
không khớp,32545,NDT3175,NCCKS014,2025-02-08,51.0,,,,,
không khớp,32544,NDT3145,NCCKS014,2025-02-08,150.0,,,,,
không khớp,32543,NAP0028,Hồ Gia,2025-02-08,1050.0,,,,,
không khớp,32542,CHT0022,Hồ Gia,2025-02-08,1050.0,,,,,
không khớp,32541,NAP0029,Hồ Gia,2025-02-08,2106.0,,,,,
không khớp,32540,CHT0023,Hồ Gia,2025-02-08,2106.0,,,,,
không khớp,32539,NHP3104,NCCKS003,2025-02-08,1000.0,,,,,
không khớp,32538,NHG2635,Mộc Ấn,2025-02-08,1094.0,,,,,
không khớp,32537,NTN2889,Tân Đức,2025-02-08,5310.0,,,,,
không khớp,32552,NHG3179,Mộc Ấn,2025-02-10,2204.0,,,,,
không khớp,32556,CHT0084,Thành Phát,2025-02-10,1008.0,,,,,
không khớp,32557,NAP0064,Thành Phát,2025-02-10,1008.0,,,,,
không khớp,32555,NAP0057,Thành Phát,2025-02-10,6059.0,,,,,
không khớp,32554,CPT0075,Thành Phát,2025-02-10,6059.0,,,,,
không khớp,32553,NHG3176,Mộc Ấn,2025-02-10,1075.0,,,,,
không khớp,32551,NHG1776,Mộc Ấn,2025-02-10,2204.0,,,,,
không khớp,32550,THC0234,Đông Tây,2025-02-10,100.0,,,,,
không khớp,32569,CPV0084,Thành Phát,2025-02-11,5100.0,,,,,
không khớp,32574,NAP0064,Thành Phát,2025-02-11,2016.0,,,,,
không khớp,32573,CHT0079,Thành Phát,2025-02-11,2016.0,,,,,
không khớp,32572,NAP0068,Thành Phát,2025-02-11,648.0,,,,,
không khớp,32571,CHT0084,Thành Phát,2025-02-11,648.0,,,,,
không khớp,32570,NAP0060,Thành Phát,2025-02-11,5100.0,,,,,
không khớp,32568,NAP0056,Thành Phát,2025-02-11,1079.0,,,,,
không khớp,32567,CPT0075,Thành Phát,2025-02-11,1079.0,,,,,
không khớp,32566,NHG2957,Mộc Ấn,2025-02-11,2199.0,,,,,
không khớp,32565,NAP0027,PHL,2025-02-11,2000.0,,,,,
không khớp,32563,NAP0043,PHL,2025-02-11,10000.0,,,,,
không khớp,32562,NAP0017,PHL,2025-02-11,2012.0,,,,,
không khớp,32561,CHT0174,PHL,2025-02-11,12012.0,,,,,
không khớp,32564,CHT0018,PHL,2025-02-11,2000.0,,,,,
không khớp,32560,NTN3180,Tân Đức,2025-02-11,2070.0,,,,,
không khớp,32559,NHG2956,Mộc Ấn,2025-02-11,2199.0,,,,,
không khớp,32558,NHG3178,Mộc Ấn,2025-02-11,2204.0,,,,,
không khớp,32585,NHG1786,Mộc Ấn,2025-02-12,1015.0,,,,,
không khớp,32586,NDT3172,NCCKS014,2025-02-12,51.0,,,,,
không khớp,32587,NDT3180,NCCKS014,2025-02-12,51.0,,,,,
không khớp,32588,NDT3183,NCCKS014,2025-02-12,51.0,,,,,
không khớp,32589,NDT3168,NCCKS014,2025-02-12,21.0,,,,,
không khớp,32590,NDT3184,NCCKS014,2025-02-12,52.0,,,,,
không khớp,32591,NDT1047,NCCKS014,2025-02-12,51.0,,,,,
không khớp,32592,NDT3216,NCCKS014,2025-02-12,51.0,,,,,
không khớp,32593,NDT3182,NCCKS014,2025-02-12,51.0,,,,,
không khớp,32595,NAP0057,Thành Phát,2025-02-12,2075.0,,,,,
không khớp,32596,VT0179,NCCKS004,2025-02-12,2.0,,,,,
không khớp,32597,VT0180,NCCKS004,2025-02-12,4.0,,,,,
không khớp,32594,CPT0078,Thành Phát,2025-02-12,2075.0,,,,,
không khớp,32583,NHD3111,Mộc Ấn,2025-02-12,1080.0,,,,,
không khớp,32584,NHG3170,Mộc Ấn,2025-02-12,1040.0,,,,,
không khớp,32575,CPV0103,Thành Phát,2025-02-12,3080.0,,,,,
không khớp,32576,NAP0069,Thành Phát,2025-02-12,3080.0,,,,,
không khớp,32577,NTN3145,Tân Đức,2025-02-12,10615.0,,,,,
không khớp,32578,NTN3047,Tân Đức,2025-02-12,3120.0,,,,,
không khớp,32580,NTN3172,Tân Đức,2025-02-12,3130.0,,,,,
không khớp,32581,NTN2948,Tân Đức,2025-02-12,3110.0,,,,,
không khớp,32582,HOP2252,Trí Tín,2025-02-12,1040.0,,,,,
không khớp,32579,NTN3048,Tân Đức,2025-02-12,3110.0,,,,,
không khớp,37937,NLT0240,NCCKS030,2025-02-12,5.0,,,,,
không khớp,37936,NLT0022,Vĩnh Nam Anh,2025-02-13,500.0,,,,,
không khớp,32609,NHD3080,Trương Gia Phước,2025-02-13,2.0,,,,,
không khớp,32614,NHD3118,Trương Gia Phước,2025-02-13,2.0,,,,,
không khớp,32613,NHD3117,Trương Gia Phước,2025-02-13,2.0,,,,,
không khớp,32612,NHD3116,Trương Gia Phước,2025-02-13,2.0,,,,,
không khớp,32611,NHD3115,Trương Gia Phước,2025-02-13,2.0,,,,,
không khớp,32610,NHD3114,Trương Gia Phước,2025-02-13,2.0,,,,,
không khớp,32608,NHD3078,Trương Gia Phước,2025-02-13,2.0,,,,,
không khớp,32607,NHD3077,Trương Gia Phước,2025-02-13,2.0,,,,,
không khớp,32606,NHD3076,Trương Gia Phước,2025-02-13,2.0,,,,,
không khớp,32605,NHD3075,Trương Gia Phước,2025-02-13,2.0,,,,,
không khớp,32603,NHD3184,Mộc Ấn,2025-02-13,2259.0,,,,,
không khớp,32602,NHG2408,Mộc Ấn,2025-02-13,8955.0,,,,,
không khớp,32601,NTN2505,Tân Đức,2025-02-13,5130.0,,,,,
không khớp,32600,NTN3175,Tân Đức,2025-02-13,3180.0,,,,,
không khớp,32599,NTN1808,Tân Đức,2025-02-13,3180.0,,,,,
không khớp,32598,THC0085,Đông Tây,2025-02-13,111.0,,,,,
không khớp,32511,NHG2547,Mộc Ấn,2025-02-13,8945.0,,,,,
không khớp,32509,THC0174,Đông Tây,2025-02-13,217.0,,,,,
không khớp,32604,NAP0070,Phương Nam,2025-02-13,1725.0,,,,,
không khớp,32626,NAP0070,Phương Nam,2025-02-14,2325.0,,,,,
không khớp,32628,CPV0077,Thành Phát,2025-02-14,2100.0,,,,,
không khớp,32629,NAP0061,Thành Phát,2025-02-14,2100.0,,,,,
không khớp,32630,CPV0176,Thành Phát,2025-02-14,2100.0,,,,,
không khớp,32631,CPT0105,Thành Phát,2025-02-14,2106.0,,,,,
không khớp,32632,NAP0085,Thành Phát,2025-02-14,2106.0,,,,,
không khớp,32633,CHT0012,Hồ Gia,2025-02-14,5022.0,,,,,
không khớp,32634,NAP0028,Hồ Gia,2025-02-14,5022.0,,,,,
không khớp,32635,CPT0110,Thành Phát,2025-02-14,5130.0,,,,,
không khớp,32636,NAP0092,Thành Phát,2025-02-14,2565.0,,,,,
không khớp,32637,NAP0075,Thành Phát,2025-02-14,2565.0,,,,,
không khớp,32638,THC0235,Hà Long,2025-02-14,40.0,,,,,
không khớp,32639,THC0228,Hà Long,2025-02-14,10.0,,,,,
không khớp,32616,NTN3171,Tân Đức,2025-02-14,1090.0,,,,,
không khớp,32627,NHG3185,Mộc Ấn,2025-02-14,2229.0,,,,,
không khớp,32615,THC0206,Đông Tây,2025-02-14,211.0,,,,,
không khớp,32617,NTN2538,Tân Đức,2025-02-14,1090.0,,,,,
không khớp,32618,THC0061,Đông Tây,2025-02-14,216.0,,,,,
không khớp,32619,CPT0175,Thành Phát,2025-02-14,1079.0,,,,,
không khớp,32620,NAP0056,Thành Phát,2025-02-14,1079.0,,,,,
không khớp,32621,NHD2918,Trương Gia Phước,2025-02-14,100.0,,,,,
không khớp,32622,NHD2572,Trương Gia Phước,2025-02-14,100.0,,,,,
không khớp,32623,NHG3177,Mộc Ấn,2025-02-14,2199.0,,,,,
không khớp,32624,NHG2411,Mộc Ấn,2025-02-14,2194.0,,,,,
không khớp,32625,CHT0116,Phương Nam,2025-02-14,2325.0,,,,,
không khớp,32647,NAP0056,Thành Phát,2025-02-15,2075.0,,,,,
không khớp,32655,CPV0210,NCCKS009,2025-02-15,2000.0,,,,,
không khớp,32654,CPV0211,NCCKS009,2025-02-15,3978.0,,,,,
không khớp,32653,NDT3228,NCCKS014,2025-02-15,52.0,,,,,
không khớp,32652,NDT3227,NCCKS014,2025-02-15,52.0,,,,,
không khớp,32651,NDT3174,NCCKS014,2025-02-15,51.0,,,,,
không khớp,32650,NDT3222,NCCKS014,2025-02-15,51.0,,,,,
không khớp,32649,NDT3187,NCCKS014,2025-02-15,51.0,,,,,
không khớp,32648,NDT3186,NCCKS014,2025-02-15,51.0,,,,,
không khớp,32645,CAN0005,Phương Nam,2025-02-15,108.0,,,,,
không khớp,32644,NHG1298,Mộc Ấn,2025-02-15,1090.0,,,,,
không khớp,32643,NHG3112,Mộc Ấn,2025-02-15,2159.0,,,,,
không khớp,32642,NTN2829,Tân Đức,2025-02-15,3090.0,,,,,
không khớp,32641,THC0129,Đông Tây,2025-02-15,203.0,,,,,
không khớp,32640,NTN3183,Tân Đức,2025-02-15,1090.0,,,,,
không khớp,32646,CPT0075,Thành Phát,2025-02-15,2075.0,,,,,
không khớp,32658,NHD3169,Trương Gia Phước,2025-02-17,20.0,,,,,
không khớp,32659,BAO0009,Nam Hà,2025-02-17,200.0,,,,,
không khớp,32657,NHG3200,Mộc Ấn,2025-02-17,1099.0,,,,,
không khớp,32656,NHD3182,Mộc Ấn,2025-02-17,2234.0,,,,,
không khớp,32660,HOP2003,Trí Tín,2025-02-18,2080.0,,,,,
không khớp,32661,NHG3221,Mộc Ấn,2025-02-18,2209.0,,,,,
không khớp,32662,NHD3174,Mộc Ấn,2025-02-18,2154.0,,,,,
không khớp,32663,LON0001,Thành Phát,2025-02-18,520.0,,,,,
không khớp,32664,NHD2515,NCCKS002,2025-02-18,100.0,,,,,
không khớp,37938,NLT0004,Mạnh Đan,2025-02-18,50.0,,,,,
không khớp,37940,NLT0033,Hải Bình,2025-02-19,1.0,,,,,
không khớp,37939,NLT0154,Tmg,2025-02-19,200.0,,,,,
không khớp,32670,CHT0012,Hồ Gia,2025-02-19,3078.0,,,,,
không khớp,32671,NAP0028,Hồ Gia,2025-02-19,3078.0,,,,,
không khớp,32669,NAP0056,Thành Phát,2025-02-19,4067.0,,,,,
không khớp,32668,CPT0075,Thành Phát,2025-02-19,4067.0,,,,,
không khớp,32666,NHD3216,Mộc Ấn,2025-02-19,1990.0,,,,,
không khớp,32665,NHG2967,Mộc Ấn,2025-02-19,1082.0,,,,,
không khớp,32667,NHG3224,Mộc Ấn,2025-02-19,5627.0,,,,,
không khớp,32672,NTN2732,Mộc Ấn,2025-02-20,1075.0,,,,,
không khớp,32673,NHG3215,Mộc Ấn,2025-02-20,1134.0,,,,,
không khớp,32674,THC0219,Đông Tây,2025-02-20,205.0,,,,,
không khớp,32675,NHG3223,Mộc Ấn,2025-02-20,2209.0,,,,,
không khớp,32676,THC0092,Basel,2025-02-20,10.0,,,,,
không khớp,37941,NLT0244,Đệ Nhất,2025-02-20,0.1,,,,,
không khớp,37943,NLT0081,Hải Bình,2025-02-21,50.0,,,,,
không khớp,37944,NLT0225,Hải Bình,2025-02-21,850.0,,,,,
không khớp,37942,NLT0046,Hải Bình,2025-02-21,15.0,,,,,
không khớp,32687,NDT3233,NCCKS014,2025-02-21,51.0,,,,,
không khớp,32689,NAP0070,Phương Nam,2025-02-21,2025.0,,,,,
không khớp,32688,CHT0116,Phương Nam,2025-02-21,2025.0,,,,,
không khớp,32690,NDT3238,NCCKS014,2025-02-21,51.0,,,,,
không khớp,32691,NDT3235,NCCKS014,2025-02-21,51.0,,,,,
không khớp,32692,NDT3234,NCCKS014,2025-02-21,51.0,,,,,
không khớp,32693,NDT3065,NCCKS014,2025-02-21,51.0,,,,,
không khớp,32694,NDT3071,NCCKS014,2025-02-21,51.0,,,,,
không khớp,32695,HOP2837,Trí Tín,2025-02-21,540.0,,,,,
không khớp,32696,THC0163,Hà Long,2025-02-21,20.0,,,,,
không khớp,32697,THC0163,Hà Long,2025-02-21,50.0,,,,,
không khớp,32685,CNT0033,Minh Ngọc,2025-02-21,3200.0,,,,,
không khớp,32684,NAP0136,Phương Nam,2025-02-21,1008.0,,,,,
không khớp,32683,CHT0212,Phương Nam,2025-02-21,1008.0,,,,,
không khớp,32682,NDT3225,NCCKS014,2025-02-21,51.0,,,,,
không khớp,32681,NDT3010,NCCKS014,2025-02-21,51.0,,,,,
không khớp,32680,NHD3228,Mộc Ấn,2025-02-21,2134.0,,,,,
không khớp,32679,NHD3227,Mộc Ấn,2025-02-21,2134.0,,,,,
không khớp,32678,NTN3187,Mộc Ấn,2025-02-21,15890.0,,,,,
không khớp,32677,NTN3186,Mộc Ấn,2025-02-21,5458.0,,,,,
không khớp,32686,CNT0071,Minh Ngọc,2025-02-21,450.0,,,,,
không khớp,32698,THC0080,Đông Tây,2025-02-22,208.0,,,,,
không khớp,32700,THC0079,Đông Tây,2025-02-22,210.0,,,,,
không khớp,32699,NHD3222,Mộc Ấn,2025-02-22,2134.0,,,,,
không khớp,32707,NHG3208,Mộc Ấn,2025-02-24,2284.0,,,,,
không khớp,32719,NHD3071,NCCKS002,2025-02-24,200.0,,,,,
không khớp,32718,NHG3115,NCCKS002,2025-02-24,400.0,,,,,
không khớp,32717,NHD3065,Trương Gia Phước,2025-02-24,200.0,,,,,
không khớp,32716,CHT0057,Phương Nam,2025-02-24,2160.0,,,,,
không khớp,32715,NAP0063,Thành Phát,2025-02-24,1008.0,,,,,
không khớp,32714,CHT0079,Thành Phát,2025-02-24,1008.0,,,,,
không khớp,32713,NHG2382,Mộc Ấn,2025-02-24,2189.0,,,,,
không khớp,32712,NHG3239,Mộc Ấn,2025-02-24,2184.0,,,,,
không khớp,32711,NAP0041,Thành Phát,2025-02-24,2100.0,,,,,
không khớp,32709,NHG3218,Mộc Ấn,2025-02-24,2189.0,,,,,
không khớp,32708,NHG3213,Mộc Ấn,2025-02-24,2284.0,,,,,
không khớp,32706,NHG3188,Mộc Ấn,2025-02-24,2284.0,,,,,
không khớp,32705,NHG3198,Mộc Ấn,2025-02-24,2284.0,,,,,
không khớp,32704,NHG3229,Mộc Ấn,2025-02-24,2154.0,,,,,
không khớp,32703,NHG3217,Mộc Ấn,2025-02-24,2189.0,,,,,
không khớp,32702,NHG3220,Mộc Ấn,2025-02-24,2184.0,,,,,
không khớp,32701,COC0004,Phương Nam,2025-02-24,2000.0,,,,,
không khớp,32710,CPT0020,Thành Phát,2025-02-24,2100.0,,,,,
không khớp,32728,CPV0103,Thành Phát,2025-02-25,3080.0,,,,,
không khớp,32732,THC0228,Hà Long,2025-02-25,8.0,,,,,
không khớp,32731,NAP0057,Thành Phát,2025-02-25,2075.0,,,,,
không khớp,32730,CPT0075,Thành Phát,2025-02-25,2075.0,,,,,
không khớp,32729,NAP0069,Thành Phát,2025-02-25,3080.0,,,,,
không khớp,32727,NAP0060,Thành Phát,2025-02-25,5100.0,,,,,
không khớp,32726,CPV0084,Thành Phát,2025-02-25,5100.0,,,,,
không khớp,32724,THI0164,Đông Tây,2025-02-25,509.0,,,,,
không khớp,32723,NHG2785,Mộc Ấn,2025-02-25,1109.0,,,,,
không khớp,32722,THC0102,Đông Tây,2025-02-25,206.0,,,,,
không khớp,32721,THC0079,Đông Tây,2025-02-25,200.0,,,,,
không khớp,32720,NHD3225,Mộc Ấn,2025-02-25,2136.0,,,,,
không khớp,32725,THC0003,Đông Tây,2025-02-25,207.0,,,,,
không khớp,32736,CHT0169,Thành Phát,2025-02-26,2075.0,,,,,
không khớp,32741,LON0007,Phương Nam,2025-02-26,100.0,,,,,
không khớp,32740,LON0008,Phương Nam,2025-02-26,100.0,,,,,
không khớp,32739,NAP0056,Thành Phát,2025-02-26,2075.0,,,,,
không khớp,32738,CPT0075,Thành Phát,2025-02-26,2075.0,,,,,
không khớp,32737,NAP0120,Thành Phát,2025-02-26,2075.0,,,,,
không khớp,32735,NHG3219,Mộc Ấn,2025-02-26,1109.0,,,,,
không khớp,32734,NHD3010,Mộc Ấn,2025-02-26,2174.0,,,,,
không khớp,32733,NHG3215,Mộc Ấn,2025-02-26,1085.0,,,,,
không khớp,37945,NLT0005,Mạnh Đan,2025-02-26,75.0,,,,,
không khớp,32744,NHG2664,Mộc Ấn,2025-02-27,6224.0,,,,,
không khớp,32751,CHT0116,Phương Nam,2025-02-27,5025.0,,,,,
không khớp,32750,NAP0129,Hns,2025-02-27,200.0,,,,,
không khớp,32752,NAP0070,Phương Nam,2025-02-27,5025.0,,,,,
không khớp,32749,CAN0027,Hns,2025-02-27,200.0,,,,,
không khớp,32748,CAN0005,Phương Nam,2025-02-27,108.0,,,,,
không khớp,32746,NAP0015,PHL,2025-02-27,4004.0,,,,,
không khớp,32745,CHT0174,PHL,2025-02-27,7007.0,,,,,
không khớp,32743,THC0078,Đông Tây,2025-02-27,503.0,,,,,
không khớp,32742,THC0196,Đông Tây,2025-02-27,404.0,,,,,
không khớp,32747,NAP0043,PHL,2025-02-27,3003.0,,,,,
không khớp,32766,CHT0047,NCCKS013,2025-02-28,800.0,,,,,
không khớp,32765,NAP0057,Thành Phát,2025-02-28,2051.0,,,,,
không khớp,32764,NAP0056,Thành Phát,2025-02-28,6000.0,,,,,
không khớp,32763,CPT0075,Thành Phát,2025-02-28,8051.0,,,,,
không khớp,32762,NAP0028,Hồ Gia,2025-02-28,1000.0,,,,,
không khớp,32761,NAP0028,Hồ Gia,2025-02-28,2106.0,,,,,
không khớp,32760,CHT0012,Hồ Gia,2025-02-28,2106.0,,,,,
không khớp,32758,NAP0028,Hồ Gia,2025-02-28,2100.0,,,,,
không khớp,32757,CHT0022,Hồ Gia,2025-02-28,2100.0,,,,,
không khớp,32756,NHG3230,Mộc Ấn,2025-02-28,1114.0,,,,,
không khớp,32755,NTN3235,Tân Đức,2025-02-28,5160.0,,,,,
không khớp,32754,NTN3233,Tân Đức,2025-02-28,3100.0,,,,,
không khớp,32753,NTN2506,Mộc Ấn,2025-02-28,1144.0,,,,,
không khớp,32759,CHT0058,Phương Nam,2025-02-28,2016.0,,,,,
không khớp,32772,NAP0070,Phương Nam,2025-03-01,1050.0,,,,,
không khớp,32776,NAP0085,Thành Phát,2025-03-01,3042.0,,,,,
không khớp,32775,CPT0105,Thành Phát,2025-03-01,3042.0,,,,,
không khớp,32774,NAP0085,Thành Phát,2025-03-01,2016.0,,,,,
không khớp,32773,CPT0105,Thành Phát,2025-03-01,2016.0,,,,,
không khớp,32771,CHT0116,Phương Nam,2025-03-01,1050.0,,,,,
không khớp,32770,NDT3241,NCCKS014,2025-03-01,51.0,,,,,
không khớp,32769,NDT3232,NCCKS014,2025-03-01,27.0,,,,,
không khớp,32768,NDT3232,NCCKS014,2025-03-01,21.0,,,,,
không khớp,32767,NDT2664,NCCKS014,2025-03-01,300.0,,,,,
không khớp,32783,NHG3242,Mộc Ấn,2025-03-03,2179.0,,,,,
không khớp,32791,NAP0009,Vinaco,2025-03-03,1000.0,,,,,
không khớp,32790,NHG1410,NCCKS002,2025-03-03,400.0,,,,,
không khớp,32789,NHG3258,Mộc Ấn,2025-03-03,2209.0,,,,,
không khớp,32788,NHG3249,Mộc Ấn,2025-03-03,1094.0,,,,,
không khớp,32787,NHG2365,Mộc Ấn,2025-03-03,2174.0,,,,,
không khớp,32786,NHG3244,Mộc Ấn,2025-03-03,1015.0,,,,,
không khớp,32792,NHG3246,Mộc Ấn,2025-03-03,1667.0,,,,,
không khớp,32785,NHG2939,Mộc Ấn,2025-03-03,2279.0,,,,,
không khớp,32782,NHG2399,Mộc Ấn,2025-03-03,5099.0,,,,,
không khớp,32781,NHG1521,Mộc Ấn,2025-03-03,3393.0,,,,,
không khớp,32780,NHG2664,Mộc Ấn,2025-03-03,5050.0,,,,,
không khớp,32779,THC0170,Đông Tây,2025-03-03,104.0,,,,,
không khớp,32778,NTN3234,Tân Đức,2025-03-03,4790.0,,,,,
không khớp,32777,NTN3238,Tân Đức,2025-03-03,3200.0,,,,,
không khớp,32784,NHG3043,Mộc Ấn,2025-03-03,2040.0,,,,,
không khớp,37946,BTPR0090,Kel,2025-03-03,200.0,,,,,
không khớp,32802,NHG2114,Trương Gia Phước,2025-03-04,3.0,,,,,
không khớp,32806,NDT3257,NCCKS014,2025-03-04,51.0,,,,,
không khớp,32805,NDT3256,NCCKS014,2025-03-04,51.0,,,,,
không khớp,32804,NDT3255,NCCKS014,2025-03-04,51.0,,,,,
không khớp,32803,NDT3254,NCCKS014,2025-03-04,51.0,,,,,
không khớp,32801,NHD3080,Trương Gia Phước,2025-03-04,3.0,,,,,
không khớp,32800,NHD3078,Trương Gia Phước,2025-03-04,3.0,,,,,
không khớp,32798,NHD3076,Trương Gia Phước,2025-03-04,3.0,,,,,
không khớp,32797,NHD3075,Trương Gia Phước,2025-03-04,3.0,,,,,
không khớp,32796,NDT3263,NCCKS014,2025-03-04,51.0,,,,,
không khớp,32795,NHD3241,Mộc Ấn,2025-03-04,2254.0,,,,,
không khớp,32794,THC0225,Đông Tây,2025-03-04,104.0,,,,,
không khớp,32793,THC0112,Đông Tây,2025-03-04,210.0,,,,,
không khớp,32799,NHD3077,Trương Gia Phước,2025-03-04,3.0,,,,,
không khớp,32809,CPT0078,Thành Phát,2025-03-05,2075.0,,,,,
không khớp,32813,CAN0031,Thiên An Phú,2025-03-05,204.0,,,,,
không khớp,32812,NAP0060,Thành Phát,2025-03-05,5100.0,,,,,
không khớp,32811,CPV0084,Thành Phát,2025-03-05,5100.0,,,,,
không khớp,32810,NAP0057,Thành Phát,2025-03-05,2075.0,,,,,
không khớp,32808,NAP0131,An Tín,2025-03-05,1000.0,,,,,
không khớp,32807,THI0202,Đông Tây,2025-03-05,313.0,,,,,
không khớp,32814,THC0075,Đông Tây,2025-03-06,211.0,,,,,
không khớp,32815,CNT0033,Minh Ngọc,2025-03-06,1800.0,,,,,
không khớp,32816,CAN0005,Phương Nam,2025-03-06,144.0,,,,,
không khớp,32817,CPT0075,Thành Phát,2025-03-06,5063.0,,,,,
không khớp,32818,NAP0055,Thành Phát,2025-03-06,1000.0,,,,,
không khớp,32819,NAP0057,Thành Phát,2025-03-06,2000.0,,,,,
không khớp,37947,NLT0248,Khai Nhật,2025-03-06,35.0,,,,,
không khớp,37948,NLT0194,Nam Bình,2025-03-06,420.0,,,,,
không khớp,37949,NLT0245,Svc,2025-03-06,400.0,,,,,
không khớp,37950,NLT0038,Hải Bình,2025-03-06,500.0,,,,,
không khớp,37951,NLT0089,Hải Bình,2025-03-06,2.0,,,,,
không khớp,32820,NAP0056,Thành Phát,2025-03-06,2063.0,,,,,
không khớp,32826,CHT0142,Agama,2025-03-06,10.0,,,,,
không khớp,32827,CAN0005,Agama,2025-03-06,3.0,,,,,
không khớp,32828,CHT0057,Agama,2025-03-06,5.0,,,,,
không khớp,32829,CHT0204,Agama,2025-03-06,10.0,,,,,
không khớp,32824,CHT0012,Agama,2025-03-06,50.0,,,,,
không khớp,32832,CAN0005,Agama,2025-03-06,2.0,,,,,
không khớp,32823,CAN0032,Thiên An Phú,2025-03-06,204.0,,,,,
không khớp,32822,NHG2978,NCCKS002,2025-03-06,300.0,,,,,
không khớp,32821,NHG2383,NCCKS002,2025-03-06,400.0,,,,,
không khớp,32870,NTN3268,Tân Đức,2025-03-07,10307.0,,,,,
không khớp,32859,NHG3193,Mộc Ấn,2025-03-07,1090.0,,,,,
không khớp,32869,NHG3195,Mộc Ấn,2025-03-07,1095.0,,,,,
không khớp,32868,NHD3266,Mộc Ấn,2025-03-07,1035.0,,,,,
không khớp,32867,NHD3265,Mộc Ấn,2025-03-07,1035.0,,,,,
không khớp,32866,NHD3264,Mộc Ấn,2025-03-07,1035.0,,,,,
không khớp,32865,NHG2821,Mộc Ấn,2025-03-07,2179.0,,,,,
không khớp,32863,NHG3189,Mộc Ấn,2025-03-07,1080.0,,,,,
không khớp,32862,NHG3205,Mộc Ấn,2025-03-07,1080.0,,,,,
không khớp,32861,NHG3191,Mộc Ấn,2025-03-07,1090.0,,,,,
không khớp,32860,NHG3192,Mộc Ấn,2025-03-07,1080.0,,,,,
không khớp,32864,NHG3188,Mộc Ấn,2025-03-07,1080.0,,,,,
không khớp,32871,NDT1901,NCCKS014,2025-03-07,30.0,,,,,
không khớp,32872,NDT3268,NCCKS014,2025-03-07,27.0,,,,,
không khớp,32873,CHT0018,PHL,2025-03-07,2000.0,,,,,
không khớp,32874,NAP0027,PHL,2025-03-07,2000.0,,,,,
không khớp,32875,CPT0132,PHL,2025-03-07,2000.0,,,,,
không khớp,32876,NDT2383,NCCKS014,2025-03-07,51.0,,,,,
không khớp,32877,NDT3262,NCCKS014,2025-03-07,51.0,,,,,
không khớp,32878,NDT3279,NCCKS014,2025-03-07,51.0,,,,,
không khớp,32879,NDT3166,NCCKS014,2025-03-07,51.0,,,,,
không khớp,32880,NDT3165,NCCKS014,2025-03-07,51.0,,,,,
không khớp,32881,CPT0119,Hà Long,2025-03-07,5.0,,,,,
không khớp,32882,CPT0082,Hà Long,2025-03-07,5.0,,,,,
không khớp,32857,NHG3195,Mộc Ấn,2025-03-07,1090.0,,,,,
không khớp,32833,NHG2433,Mộc Ấn,2025-03-07,6582.0,,,,,
không khớp,32836,NAP0085,Thành Phát,2025-03-07,9009.0,,,,,
không khớp,32837,NHG3259,Mộc Ấn,2025-03-07,2085.0,,,,,
không khớp,32838,NHD3256,Mộc Ấn,2025-03-07,995.0,,,,,
không khớp,32839,NHD3255,Mộc Ấn,2025-03-07,1025.0,,,,,
không khớp,32841,NHD3257,Mộc Ấn,2025-03-07,995.0,,,,,
không khớp,32842,NHG3147,Mộc Ấn,2025-03-07,1090.0,,,,,
không khớp,32843,NHG3248,Mộc Ấn,2025-03-07,1090.0,,,,,
không khớp,32844,NHG3247,Mộc Ấn,2025-03-07,1090.0,,,,,
không khớp,32845,NHG3214,Mộc Ấn,2025-03-07,1090.0,,,,,
không khớp,32846,NHG3212,Mộc Ấn,2025-03-07,1090.0,,,,,
không khớp,32848,NHG3210,Mộc Ấn,2025-03-07,1080.0,,,,,
không khớp,32849,NHG3209,Mộc Ấn,2025-03-07,2164.0,,,,,
không khớp,32850,NHG3207,Mộc Ấn,2025-03-07,1080.0,,,,,
không khớp,32851,NHG3206,Mộc Ấn,2025-03-07,1080.0,,,,,
không khớp,32852,NHG3204,Mộc Ấn,2025-03-07,1080.0,,,,,
không khớp,32853,NHG3203,Mộc Ấn,2025-03-07,1080.0,,,,,
không khớp,32858,NHG3194,Mộc Ấn,2025-03-07,1080.0,,,,,
không khớp,32854,NHG3199,Mộc Ấn,2025-03-07,1090.0,,,,,
không khớp,32855,NHG3197,Mộc Ấn,2025-03-07,1090.0,,,,,
không khớp,32856,NHG3196,Mộc Ấn,2025-03-07,1090.0,,,,,
không khớp,32847,NHG3211,Mộc Ấn,2025-03-07,1090.0,,,,,
không khớp,34197,NHG3190,Mộc Ấn,2025-03-07,1080.0,,,,,
không khớp,32885,NAP0131,An Tín,2025-03-08,2090.0,,,,,
không khớp,32891,NHD3167,NCCKS002,2025-03-08,200.0,,,,,
không khớp,32890,NAP0068,Thành Phát,2025-03-08,1008.0,,,,,
không khớp,32889,CHT0084,Thành Phát,2025-03-08,1008.0,,,,,
không khớp,32888,NHD3267,Mộc Ấn,2025-03-08,1736.0,,,,,
không khớp,32887,NAP0085,Thành Phát,2025-03-08,6084.0,,,,,
không khớp,32886,CPT0105,Thành Phát,2025-03-08,6084.0,,,,,
không khớp,32884,CHV0194,An Tín,2025-03-08,2090.0,,,,,
không khớp,37952,NLT0004,Mạnh Đan,2025-03-08,50.0,,,,,
không khớp,32910,CPT0125,PHL,2025-03-10,2080.0,,,,,
không khớp,32909,NHG1951,Trương Gia Phước,2025-03-10,10.0,,,,,
không khớp,32911,CHT0174,PHL,2025-03-10,3003.0,,,,,
không khớp,32912,NAP0015,PHL,2025-03-10,1001.0,,,,,
không khớp,32913,NAP0043,PHL,2025-03-10,2002.0,,,,,
không khớp,32914,NHG3114,NCCKS002,2025-03-10,420.0,,,,,
không khớp,32915,CPV0084,Thành Phát,2025-03-10,5100.0,,,,,
không khớp,32916,NAP0060,Thành Phát,2025-03-10,5100.0,,,,,
không khớp,32917,CPV0103,Thành Phát,2025-03-10,2100.0,,,,,
không khớp,32918,NAP0069,Thành Phát,2025-03-10,2100.0,,,,,
không khớp,32919,NDT2918,NCCKS014,2025-03-10,51.0,,,,,
không khớp,32920,NDT3100,NCCKS014,2025-03-10,30.0,,,,,
không khớp,32921,NDT3118,NCCKS014,2025-03-10,51.0,,,,,
không khớp,32922,NHD3118,Trương Gia Phước,2025-03-10,200.0,,,,,
không khớp,32923,THC0228,Hà Long,2025-03-10,15.0,,,,,
không khớp,32924,THC0235,Hà Long,2025-03-10,60.0,,,,,
không khớp,32925,TEM0010,Tân Hoa Mai,2025-03-10,50.0,,,,,
không khớp,32892,THC0234,Đông Tây,2025-03-10,110.0,,,,,
không khớp,32894,CPT0075,Thành Phát,2025-03-10,1079.0,,,,,
không khớp,32908,NHD3077,Trương Gia Phước,2025-03-10,10.0,,,,,
không khớp,32893,NHG2695,Mộc Ấn,2025-03-10,2199.0,,,,,
không khớp,32895,NAP0055,Thành Phát,2025-03-10,1079.0,,,,,
không khớp,32896,CPT0075,Thành Phát,2025-03-10,16019.0,,,,,
không khớp,32897,NAP0056,Thành Phát,2025-03-10,10019.0,,,,,
không khớp,32898,NAP0057,Thành Phát,2025-03-10,4000.0,,,,,
không khớp,32899,NHD3075,Trương Gia Phước,2025-03-10,10.0,,,,,
không khớp,32901,NHG2053,Trương Gia Phước,2025-03-10,10.0,,,,,
không khớp,32907,NHD3076,Trương Gia Phước,2025-03-10,10.0,,,,,
không khớp,32906,NHD3078,Trương Gia Phước,2025-03-10,10.0,,,,,
không khớp,32905,NHD3080,Trương Gia Phước,2025-03-10,10.0,,,,,
không khớp,32904,NHG2114,Trương Gia Phước,2025-03-10,10.0,,,,,
không khớp,32903,NHG1908,Trương Gia Phước,2025-03-10,10.0,,,,,
không khớp,32902,NHG1791,Trương Gia Phước,2025-03-10,10.0,,,,,
không khớp,32900,NAP0055,Thành Phát,2025-03-10,2000.0,,,,,
không khớp,32926,NHG3271,Mộc Ấn,2025-03-11,2139.0,,,,,
không khớp,32927,NHG1795,Mộc Ấn,2025-03-11,2164.0,,,,,
không khớp,32928,CPT0075,Thành Phát,2025-03-11,5063.0,,,,,
không khớp,32929,NAP0056,Thành Phát,2025-03-11,5063.0,,,,,
không khớp,32930,NDT3072,NCCKS014,2025-03-11,30.0,,,,,
không khớp,32931,NDT3285,NCCKS014,2025-03-11,51.0,,,,,
không khớp,32932,NDT2614,NCCKS014,2025-03-11,60.0,,,,,
không khớp,32933,NDT3268,NCCKS014,2025-03-11,51.0,,,,,
không khớp,32941,NAP0070,Phương Nam,2025-03-12,2025.0,,,,,
không khớp,32936,NTN3279,Tân Đức,2025-03-12,1070.0,,,,,
không khớp,32942,CHT0079,Thành Phát,2025-03-12,1008.0,,,,,
không khớp,32943,NAP0064,Thành Phát,2025-03-12,1008.0,,,,,
không khớp,32944,CPT0213,Vinaco,2025-03-12,2000.0,,,,,
không khớp,32945,CHT0116,Phương Nam,2025-03-12,2025.0,,,,,
không khớp,32946,NDT3268,NCCKS014,2025-03-12,21.0,,,,,
không khớp,32947,NDT2614,NCCKS014,2025-03-12,12.0,,,,,
không khớp,32939,CPV0084,Thành Phát,2025-03-12,1050.0,,,,,
không khớp,32938,NHG3286,Mộc Ấn,2025-03-12,6627.0,,,,,
không khớp,32937,NHG3262,Mộc Ấn,2025-03-12,2144.0,,,,,
không khớp,32935,NTN3044,Tân Đức,2025-03-12,1070.0,,,,,
không khớp,32934,NTN3263,Mộc Ấn,2025-03-12,17074.0,,,,,
không khớp,32940,NAP0079,Thành Phát,2025-03-12,1050.0,,,,,
không khớp,37957,NLT0033,Hải Bình,2025-03-12,925.0,,,,,
không khớp,37963,NLT0247,Hải Bình,2025-03-12,25.0,,,,,
không khớp,37962,NLT0225,Hải Bình,2025-03-12,850.0,,,,,
không khớp,37961,NLT0178,Hải Bình,2025-03-12,925.0,,,,,
không khớp,37960,NLT0088,Hải Bình,2025-03-12,25.0,,,,,
không khớp,37959,NLT0081,Hải Bình,2025-03-12,200.0,,,,,
không khớp,37958,NLT0046,Hải Bình,2025-03-12,180.0,,,,,
không khớp,37956,NLT0026,Hải Bình,2025-03-12,25.0,,,,,
không khớp,37954,NLT0204,Vĩnh Nam Anh,2025-03-13,200.0,,,,,
không khớp,37953,NLT0029,Vĩnh Nam Anh,2025-03-13,200.0,,,,,
không khớp,32952,NHG3253,Mộc Ấn,2025-03-13,2209.0,,,,,
không khớp,32959,NAP0120,Thành Phát,2025-03-13,2075.0,,,,,
không khớp,32958,CHT0169,Thành Phát,2025-03-13,2075.0,,,,,
không khớp,32957,NAP0009,Vinaco,2025-03-13,2040.0,,,,,
không khớp,32956,CPT0024,Vinaco,2025-03-13,2040.0,,,,,
không khớp,32955,NAP0065,PHL,2025-03-13,2080.0,,,,,
không khớp,32954,CPV0030,PHL,2025-03-13,2080.0,,,,,
không khớp,32953,NHG2958,Mộc Ấn,2025-03-13,8791.0,,,,,
không khớp,32951,THI0164,Đông Tây,2025-03-13,347.0,,,,,
không khớp,32950,NTN3233,Tân Đức,2025-03-13,5340.0,,,,,
không khớp,32949,NTN3166,Tân Đức,2025-03-13,500.0,,,,,
không khớp,32948,NTN3165,Tân Đức,2025-03-13,500.0,,,,,
không khớp,32960,NDT3284,NCCKS014,2025-03-14,30.0,,,,,
không khớp,32969,TEM0010,Tân Hoa Mai,2025-03-14,1000.0,,,,,
không khớp,32968,NAP0131,An Tín,2025-03-14,2090.0,,,,,
không khớp,32967,CHV0194,An Tín,2025-03-14,2090.0,,,,,
không khớp,32966,CPT0214,Kỳ Anh,2025-03-14,6000.0,,,,,
không khớp,32965,NDT3299,NCCKS014,2025-03-14,51.0,,,,,
không khớp,32963,NDT3016,NCCKS014,2025-03-14,30.0,,,,,
không khớp,32964,NDT3288,NCCKS014,2025-03-14,51.0,,,,,
không khớp,32961,NDT3291,NCCKS014,2025-03-14,51.0,,,,,
không khớp,32962,NDT2506,NCCKS014,2025-03-14,102.0,,,,,
không khớp,37955,NLT0006,Mạnh Đan,2025-03-14,575.0,,,,,
không khớp,37965,NLT0084,Hải Bình,2025-03-14,600.0,,,,,
không khớp,32979,NAP0059,Thành Phát,2025-03-15,3000.0,,,,,
không khớp,32984,BAO0012,Nam Hà,2025-03-15,200.0,,,,,
không khớp,32983,NAP0071,Thành Phát,2025-03-15,504.0,,,,,
không khớp,32982,CHT0079,Thành Phát,2025-03-15,504.0,,,,,
không khớp,32981,NAP0064,Thành Phát,2025-03-15,1008.0,,,,,
không khớp,32980,CHT0084,Thành Phát,2025-03-15,1008.0,,,,,
không khớp,32978,CPV0076,Thành Phát,2025-03-15,3000.0,,,,,
không khớp,32977,COC0004,Phương Nam,2025-03-15,2000.0,,,,,
không khớp,32976,NAP0070,Phương Nam,2025-03-15,1050.0,,,,,
không khớp,32975,CHT0116,Phương Nam,2025-03-15,1050.0,,,,,
không khớp,32974,NTN2614,Tân Đức,2025-03-15,1080.0,,,,,
không khớp,32973,NTN3072,Tân Đức,2025-03-15,3180.0,,,,,
không khớp,32972,NTN3283,Tân Đức,2025-03-15,3170.0,,,,,
không khớp,32971,NTN3285,Tân Đức,2025-03-15,1270.0,,,,,
không khớp,32970,NHG3282,Mộc Ấn,2025-03-15,2164.0,,,,,
không khớp,32996,NAP0060,Thành Phát,2025-03-17,5100.0,,,,,
không khớp,33000,CPT0214,Kỳ Anh,2025-03-17,100.0,,,,,
không khớp,32999,NHG2828,Mộc Ấn,2025-03-17,5940.0,,,,,
không khớp,32998,NAP0069,Thành Phát,2025-03-17,3080.0,,,,,
không khớp,32997,CPV0103,Thành Phát,2025-03-17,3080.0,,,,,
không khớp,32995,CPV0084,Thành Phát,2025-03-17,5100.0,,,,,
không khớp,32994,NAP0064,Thành Phát,2025-03-17,2016.0,,,,,
không khớp,32993,CHT0079,Thành Phát,2025-03-17,2016.0,,,,,
không khớp,32992,NHG2970,Mộc Ấn,2025-03-17,2184.0,,,,,
không khớp,32990,NTN3284,Tân Đức,2025-03-17,3170.0,,,,,
không khớp,32989,NHG2517,Mộc Ấn,2025-03-17,1090.0,,,,,
không khớp,32988,NHG2547,Mộc Ấn,2025-03-17,10169.0,,,,,
không khớp,32987,NTN3100,Tân Đức,2025-03-17,5160.0,,,,,
không khớp,32986,NTN3166,Tân Đức,2025-03-17,620.0,,,,,
không khớp,32985,NTN3165,Tân Đức,2025-03-17,620.0,,,,,
không khớp,32991,NHG2969,Mộc Ấn,2025-03-17,2184.0,,,,,
không khớp,37964,NLT0028,Hải Bình,2025-03-17,1.0,,,,,
không khớp,37966,NLT0154,Tmg,2025-03-17,200.0,,,,,
không khớp,37967,NLT0016,Kết Nông,2025-03-17,500.0,,,,,
không khớp,37968,NLT0087,VNT,2025-03-17,200.0,,,,,
không khớp,33009,NDT3281,NCCKS014,2025-03-18,51.0,,,,,
không khớp,33011,NDT2601,NCCKS014,2025-03-18,21.0,,,,,
không khớp,33010,NDT3250,NCCKS014,2025-03-18,51.0,,,,,
không khớp,33008,NDT3280,NCCKS014,2025-03-18,51.0,,,,,
không khớp,33007,NDT3283,NCCKS014,2025-03-18,51.0,,,,,
không khớp,33006,NAP0056,Thành Phát,2025-03-18,4067.0,,,,,
không khớp,33004,NHG3114,Mộc Ấn,2025-03-18,1099.0,,,,,
không khớp,33003,NHG3116,Mộc Ấn,2025-03-18,1099.0,,,,,
không khớp,33002,NHG3115,Mộc Ấn,2025-03-18,1099.0,,,,,
không khớp,33001,NHG3117,Mộc Ấn,2025-03-18,1099.0,,,,,
không khớp,33005,CPT0075,Thành Phát,2025-03-18,4067.0,,,,,
không khớp,33015,NHG2751,Mộc Ấn,2025-03-19,3159.0,,,,,
không khớp,33022,NAP0137,An Tín,2025-03-19,2090.0,,,,,
không khớp,33021,CHV0194,An Tín,2025-03-19,2090.0,,,,,
không khớp,33020,CHV0186,An Tín,2025-03-19,1008.0,,,,,
không khớp,33019,NHG3297,Basel,2025-03-19,2179.0,,,,,
không khớp,33018,NHG3296,Basel,2025-03-19,2179.0,,,,,
không khớp,33017,NAP0131,An Tín,2025-03-19,1008.0,,,,,
không khớp,33016,NHG2734,Mộc Ấn,2025-03-19,1035.0,,,,,
không khớp,33014,NHG3298,Mộc Ấn,2025-03-19,2060.0,,,,,
không khớp,33013,NHG1221,Basel,2025-03-19,2179.0,,,,,
không khớp,33012,NHD1873,Mộc Ấn,2025-03-19,2104.0,,,,,
không khớp,33032,NHD3270,NCCKS002,2025-03-20,100.0,,,,,
không khớp,33033,CHT0084,Thành Phát,2025-03-20,216.0,,,,,
không khớp,33034,NAP0068,Thành Phát,2025-03-20,216.0,,,,,
không khớp,33035,CPV0077,Thành Phát,2025-03-20,2100.0,,,,,
không khớp,33036,NAP0059,Thành Phát,2025-03-20,2100.0,,,,,
không khớp,33037,CHT0116,Phương Nam,2025-03-20,4050.0,,,,,
không khớp,33038,NAP0070,Phương Nam,2025-03-20,4050.0,,,,,
không khớp,33039,TUI0007,NCCKS006,2025-03-20,256.0,,,,,
không khớp,33040,NHP3269,NCCKS002,2025-03-20,100.0,,,,,
không khớp,33041,NHP3270,NCCKS002,2025-03-20,100.0,,,,,
không khớp,33030,XOT0008,Phương Nam,2025-03-20,100.0,,,,,
không khớp,33031,NHD3269,NCCKS002,2025-03-20,100.0,,,,,
không khớp,33023,NHD3288,Mộc Ấn,2025-03-20,2089.0,,,,,
không khớp,33024,THI0169,Đông Tây,2025-03-20,206.0,,,,,
không khớp,33025,THI0172,Đông Tây,2025-03-20,109.0,,,,,
không khớp,33027,NTN3291,Tân Đức,2025-03-20,9846.0,,,,,
không khớp,33028,THI0171,Đông Tây,2025-03-20,210.0,,,,,
không khớp,33029,NHG2838,Mộc Ấn,2025-03-20,5562.0,,,,,
không khớp,33026,NTN3016,Tân Đức,2025-03-20,8833.0,,,,,
không khớp,33042,NHD3299,Mộc Ấn,2025-03-21,2109.0,,,,,
không khớp,33043,NTN2506,Mộc Ấn,2025-03-21,2035.0,,,,,
không khớp,33044,NTN3281,Tân Đức,2025-03-21,5430.0,,,,,
không khớp,33045,NDT3303,NCCKS014,2025-03-21,51.0,,,,,
không khớp,33046,NDT3293,NCCKS014,2025-03-21,30.0,,,,,
không khớp,33047,NDT2601,NCCKS014,2025-03-21,15.0,,,,,
không khớp,33048,CPV0077,Phương Nam,2025-03-21,4000.0,,,,,
không khớp,33049,NAP0060,Phương Nam,2025-03-21,4000.0,,,,,
không khớp,37977,NLT0173,Vĩnh Nam Anh,2025-03-21,200.0,,,,,
không khớp,37976,NLT0245,Svc,2025-03-21,600.0,,,,,
không khớp,37975,NLT0060,Ntk,2025-03-21,860.0,,,,,
không khớp,37974,NLT0194,Nam Bình,2025-03-21,1.26,,,,,
không khớp,37973,NLT0205,Hải Bình,2025-03-21,6.0,,,,,
không khớp,37971,NLT0049,Hải Bình,2025-03-21,200.0,,,,,
không khớp,37970,NLT0047,Hải Bình,2025-03-21,400.0,,,,,
không khớp,37972,NLT0089,Hải Bình,2025-03-21,5.0,,,,,
không khớp,33051,NTN3280,Tân Đức,2025-03-22,3200.0,,,,,
không khớp,33054,NAP0070,Phương Nam,2025-03-22,6000.0,,,,,
không khớp,33053,CHT0116,Phương Nam,2025-03-22,6000.0,,,,,
không khớp,33052,CET0213,PHL,2025-03-22,2000.0,,,,,
không khớp,33050,CPT0154,PHL,2025-03-22,2400.0,,,,,
không khớp,33077,CPT0215,Vinaco,2025-03-24,400.0,,,,,
không khớp,33078,NAP0138,Vinaco,2025-03-24,400.0,,,,,
không khớp,33076,NAP0138,Vinaco,2025-03-24,1200.0,,,,,
không khớp,33075,CPT0215,Vinaco,2025-03-24,1200.0,,,,,
không khớp,33074,NHG3276,NCCKS002,2025-03-24,430.0,,,,,
không khớp,33073,NHG3275,NCCKS002,2025-03-24,230.0,,,,,
không khớp,33072,NHG3274,NCCKS002,2025-03-24,230.0,,,,,
không khớp,33071,NHG3273,NCCKS002,2025-03-24,230.0,,,,,
không khớp,33070,NHG3272,NCCKS002,2025-03-24,230.0,,,,,
không khớp,33069,NHG3277,NCCKS002,2025-03-24,430.0,,,,,
không khớp,33068,TEM0010,Tân Hoa Mai,2025-03-24,1080.0,,,,,
không khớp,33067,NHP3270,NCCKS002,2025-03-24,100.0,,,,,
không khớp,33066,NHP3269,NCCKS002,2025-03-24,100.0,,,,,
không khớp,33064,NHD3305,NCCKS002,2025-03-24,200.0,,,,,
không khớp,33065,NHD3306,NCCKS002,2025-03-24,200.0,,,,,
không khớp,33055,THI0164,Đông Tây,2025-03-24,311.0,,,,,
không khớp,33056,NHD2621,Mộc Ấn,2025-03-24,2189.0,,,,,
không khớp,33057,NHG3301,Mộc Ấn,2025-03-24,2139.0,,,,,
không khớp,33058,NHG3302,Mộc Ấn,2025-03-24,1065.0,,,,,
không khớp,33059,NHG2967,Mộc Ấn,2025-03-24,1075.0,,,,,
không khớp,33060,NHG2733,Mộc Ấn,2025-03-24,1075.0,,,,,
không khớp,33061,NHG2993,Mộc Ấn,2025-03-24,21890.0,,,,,
không khớp,33062,NHG3237,Mộc Ấn,2025-03-24,2149.0,,,,,
không khớp,33063,TUI0007,NCCKS006,2025-03-24,192.0,,,,,
không khớp,33092,THC0228,Hà Long,2025-03-25,10.0,,,,,
không khớp,33091,THC0235,Hà Long,2025-03-25,40.0,,,,,
không khớp,33090,THC0050,Hà Long,2025-03-25,10.0,,,,,
không khớp,33089,NDT3281,NCCKS014,2025-03-25,51.0,,,,,
không khớp,33088,NDT2714,NCCKS014,2025-03-25,51.0,,,,,
không khớp,33087,NDT2715,NCCKS014,2025-03-25,51.0,,,,,
không khớp,33083,NDT2621,NCCKS014,2025-03-25,51.0,,,,,
không khớp,33086,NDT2838,NCCKS014,2025-03-25,51.0,,,,,
không khớp,33085,NDT2497,NCCKS014,2025-03-25,51.0,,,,,
không khớp,33084,NDT2566,NCCKS014,2025-03-25,30.0,,,,,
không khớp,33082,NTN3293,Tân Đức,2025-03-25,9166.0,,,,,
không khớp,33081,NTN3303,Tân Đức,2025-03-25,9615.0,,,,,
không khớp,33080,THC0096,Đông Tây,2025-03-25,109.0,,,,,
không khớp,33079,NTN3250,Mộc Ấn,2025-03-25,3154.0,,,,,
không khớp,33111,NAP0089,Hns,2025-03-26,2000.0,,,,,
không khớp,33110,CHT0106,Hns,2025-03-26,2000.0,,,,,
không khớp,33109,NAP0057,Thành Phát,2025-03-26,4000.0,,,,,
không khớp,33108,NAP0056,Thành Phát,2025-03-26,5047.0,,,,,
không khớp,33107,CPT0075,Thành Phát,2025-03-26,9047.0,,,,,
không khớp,33106,NAP0074,Thành Phát,2025-03-26,1020.0,,,,,
không khớp,33105,CPT0114,Thành Phát,2025-03-26,1020.0,,,,,
không khớp,33104,NHG3294,Mộc Ấn,2025-03-26,2189.0,,,,,
không khớp,33103,NHG3289,Mộc Ấn,2025-03-26,2189.0,,,,,
không khớp,33102,NHG2753,Mộc Ấn,2025-03-26,2189.0,,,,,
không khớp,33100,NHG2610,Mộc Ấn,2025-03-26,2169.0,,,,,
không khớp,33099,NHG1910,Mộc Ấn,2025-03-26,2209.0,,,,,
không khớp,33098,NHG2565,Mộc Ấn,2025-03-26,2209.0,,,,,
không khớp,33097,NHG3314,Mộc Ấn,2025-03-26,2239.0,,,,,
không khớp,33096,NHG3315,Mộc Ấn,2025-03-26,2249.0,,,,,
không khớp,33095,NTN2992,Mộc Ấn,2025-03-26,4940.0,,,,,
không khớp,33094,NHG2873,Mộc Ấn,2025-03-26,2189.0,,,,,
không khớp,33093,THC0078,Đông Tây,2025-03-26,314.0,,,,,
không khớp,33101,NHG2755,Mộc Ấn,2025-03-26,2189.0,,,,,
không khớp,33116,NHG3275,NCCKS002,2025-03-27,210.0,,,,,
không khớp,33123,NAP0070,Phương Nam,2025-03-27,4050.0,,,,,
không khớp,33122,CHT0116,Phương Nam,2025-03-27,4050.0,,,,,
không khớp,33121,NAP0136,Phương Nam,2025-03-27,1050.0,,,,,
không khớp,33120,CHT0218,Phương Nam,2025-03-27,1050.0,,,,,
không khớp,33119,NAP0138,Vinaco,2025-03-27,1000.0,,,,,
không khớp,33118,CPT0215,Vinaco,2025-03-27,1000.0,,,,,
không khớp,33117,NAP0136,Phương Nam,2025-03-27,1050.0,,,,,
không khớp,33115,NHG3274,NCCKS002,2025-03-27,210.0,,,,,
không khớp,33114,NHG3273,NCCKS002,2025-03-27,210.0,,,,,
không khớp,33113,NHG3272,NCCKS002,2025-03-27,210.0,,,,,
không khớp,33112,NHG3319,Mộc Ấn,2025-03-27,10124.0,,,,,
không khớp,33134,CHT0012,Hồ Gia,2025-03-28,2106.0,,,,,
không khớp,33139,CHT0216,Phương Nam,2025-03-28,1512.0,,,,,
không khớp,33138,NAP0028,Hồ Gia,2025-03-28,2106.0,,,,,
không khớp,33137,NHG3322,Mộc Ấn,2025-03-28,2214.0,,,,,
không khớp,33136,NHG3324,Mộc Ấn,2025-03-28,2214.0,,,,,
không khớp,33135,NHG3325,Mộc Ấn,2025-03-28,2209.0,,,,,
không khớp,33133,NAP0122,Hồ Gia,2025-03-28,2100.0,,,,,
không khớp,33132,CHT0217,Hồ Gia,2025-03-28,2100.0,,,,,
không khớp,33131,NHG2819,Mộc Ấn,2025-03-28,4428.0,,,,,
không khớp,33129,CPT0082,PHL,2025-03-28,2400.0,,,,,
không khớp,33128,NHG3300,Mộc Ấn,2025-03-28,3463.0,,,,,
không khớp,33127,NHG3318,Mộc Ấn,2025-03-28,1085.0,,,,,
không khớp,33126,NHD2566,Mộc Ấn,2025-03-28,1045.0,,,,,
không khớp,33125,THI0089,Đông Tây,2025-03-28,102.0,,,,,
không khớp,33124,THC0098,Đông Tây,2025-03-28,114.0,,,,,
không khớp,33130,NHG3292,Mộc Ấn,2025-03-28,1114.0,,,,,
không khớp,33149,CPV0084,Thành Phát,2025-03-29,5100.0,,,,,
không khớp,33153,NHD3009,NCCKS002,2025-03-29,50.0,,,,,
không khớp,33152,NAP0056,Thành Phát,2025-03-29,1079.0,,,,,
không khớp,33151,CPT0175,Thành Phát,2025-03-29,1079.0,,,,,
không khớp,33150,NAP0060,Thành Phát,2025-03-29,5100.0,,,,,
không khớp,33148,NDT3330,NCCKS014,2025-03-29,51.0,,,,,
không khớp,33147,NDT2720,NCCKS014,2025-03-29,51.0,,,,,
không khớp,33146,NDT3321,NCCKS014,2025-03-29,30.0,,,,,
không khớp,33144,NDT2992,NCCKS014,2025-03-29,51.0,,,,,
không khớp,33143,NDT2993,NCCKS014,2025-03-29,501.0,,,,,
không khớp,33142,NHD2715,Mộc Ấn,2025-03-29,2239.0,,,,,
không khớp,33141,NHD2714,Mộc Ấn,2025-03-29,2239.0,,,,,
không khớp,33140,NTN2497,Tân Đức,2025-03-29,1070.0,,,,,
không khớp,33145,NDT2573,NCCKS014,2025-03-29,102.0,,,,,
không khớp,37992,NLT0154,Tmg,2025-03-29,500.0,,,,,
không khớp,37991,NLT0245,Svc,2025-03-29,600.0,,,,,
không khớp,37990,NLT0060,Ntk,2025-03-29,645.0,,,,,
không khớp,37989,NLT0194,Nam Bình,2025-03-29,1.47,,,,,
không khớp,37988,NLT0155,Kết Nông,2025-03-29,25.0,,,,,
không khớp,37987,NLT0039,Kết Nông,2025-03-29,1.0,,,,,
không khớp,37986,NLT0029,Kết Nông,2025-03-29,200.0,,,,,
không khớp,37985,NLT0173,Vĩnh Nam Anh,2025-03-29,100.0,,,,,
không khớp,37984,NLT0022,Vĩnh Nam Anh,2025-03-29,500.0,,,,,
không khớp,37982,NLT0101,Hải Bình,2025-03-29,600.0,,,,,
không khớp,37981,NLT0084,Hải Bình,2025-03-29,400.0,,,,,
không khớp,37980,NLT0048,Hải Bình,2025-03-29,100.0,,,,,
không khớp,37979,NLT0047,Hải Bình,2025-03-29,200.0,,,,,
không khớp,37978,NLT0038,Hải Bình,2025-03-29,500.0,,,,,
không khớp,37983,NLT0205,Hải Bình,2025-03-29,8.0,,,,,
không khớp,37993,NLT0089,Kết Nông,2025-03-31,5.0,,,,,
không khớp,37994,NLT0033,Hải Bình,2025-03-31,475.0,,,,,
không khớp,37995,NLT0046,Hải Bình,2025-03-31,30.0,,,,,
không khớp,33157,CPT0124,Vinaco,2025-03-31,1000.0,,,,,
không khớp,33161,NTN3167,NCCKS006,2025-03-31,1875.0,,,,,
không khớp,33160,NTN3306,NCCKS006,2025-03-31,1600.0,,,,,
không khớp,33159,NTN3305,NCCKS006,2025-03-31,1600.0,,,,,
không khớp,33158,CNT0033,Minh Ngọc,2025-03-31,3000.0,,,,,
không khớp,33156,CPT0124,Vinaco,2025-03-31,1000.0,,,,,
không khớp,33155,NTN3321,Tân Đức,2025-03-31,3180.0,,,,,
không khớp,33154,THI0173,Đông Tây,2025-03-31,209.0,,,,,
không khớp,33175,NAP0107,Hns,2025-04-01,1000.0,,,,,
không khớp,33174,CHT0133,Hns,2025-04-01,1000.0,,,,,
không khớp,33173,NAP0111,Hns,2025-04-01,1000.0,,,,,
không khớp,33172,CHT0142,Hns,2025-04-01,1000.0,,,,,
không khớp,33171,NHG3317,NCCKS002,2025-04-01,420.0,,,,,
không khớp,33170,NHG3316,NCCKS002,2025-04-01,420.0,,,,,
không khớp,33169,NHG3338,Mộc Ấn,2025-04-01,2179.0,,,,,
không khớp,33168,NAP0037,PHL,2025-04-01,10000.0,,,,,
không khớp,33166,NHG3320,Mộc Ấn,2025-04-01,2214.0,,,,,
không khớp,33165,NHG3328,Mộc Ấn,2025-04-01,2214.0,,,,,
không khớp,33164,NHD2720,Mộc Ấn,2025-04-01,2080.0,,,,,
không khớp,33163,NTN3330,Tân Đức,2025-04-01,15230.0,,,,,
không khớp,33162,NHG2365,Mộc Ấn,2025-04-01,2199.0,,,,,
không khớp,33167,CHT0041,PHL,2025-04-01,10000.0,,,,,
không khớp,37996,BTPR0090,Kel,2025-04-01,200.0,,,,,
không khớp,37998,NLT0093,Vĩnh Nam Anh,2025-04-02,340.0,,,,,
không khớp,38003,BTPR0092,Kel,2025-04-02,300.0,,,,,
không khớp,38002,NLT0240,NCCKS030,2025-04-02,4.0,,,,,
không khớp,38001,NLT0199,Kết Nông,2025-04-02,300.0,,,,,
không khớp,38000,NLT0172,Ntk,2025-04-02,50.0,,,,,
không khớp,37999,NLT0042,Khả Doanh,2025-04-02,420.0,,,,,
không khớp,37997,NLT0044,Du Bai,2025-04-02,500.0,,,,,
không khớp,33185,CHT0116,Phương Nam,2025-04-02,4050.0,,,,,
không khớp,33187,COC0007,Vinaco,2025-04-02,1000.0,,,,,
không khớp,33186,NAP0070,Phương Nam,2025-04-02,4050.0,,,,,
không khớp,33184,NAP0057,Thành Phát,2025-04-02,2000.0,,,,,
không khớp,33183,NAP0056,Thành Phát,2025-04-02,6051.0,,,,,
không khớp,33182,CPT0075,Thành Phát,2025-04-02,8051.0,,,,,
không khớp,33181,NAP0064,Thành Phát,2025-04-02,1008.0,,,,,
không khớp,33179,NAP0066,Thành Phát,2025-04-02,1107.0,,,,,
không khớp,33178,CPV0096,Thành Phát,2025-04-02,1107.0,,,,,
không khớp,33177,NHG3312,Mộc Ấn,2025-04-02,2204.0,,,,,
không khớp,33176,THC0222,Đông Tây,2025-04-02,108.0,,,,,
không khớp,33180,CHT0079,Thành Phát,2025-04-02,1008.0,,,,,
không khớp,33191,NHG2969,Mộc Ấn,2025-04-03,2184.0,,,,,
không khớp,33193,NHP2053,NCCKS002,2025-04-03,1000.0,,,,,
không khớp,33192,NHG3346,NCCKS002,2025-04-03,500.0,,,,,
không khớp,33190,NHG2993,Mộc Ấn,2025-04-03,1846.0,,,,,
không khớp,33189,NHG3323,Mộc Ấn,2025-04-03,1055.0,,,,,
không khớp,33188,THC0004,Đông Tây,2025-04-03,507.0,,,,,
không khớp,33211,NHG3357,Mộc Ấn,2025-04-04,4274.0,,,,,
không khớp,33208,NAP0138,Vinaco,2025-04-04,1000.0,,,,,
không khớp,33210,NHG3085,Mộc Ấn,2025-04-04,4378.0,,,,,
không khớp,33209,COC0007,Vinaco,2025-04-04,1000.0,,,,,
không khớp,33212,NHG3114,NCCKS002,2025-04-04,610.0,,,,,
không khớp,33207,CPT0215,Vinaco,2025-04-04,1000.0,,,,,
không khớp,33206,NAP0029,Hồ Gia,2025-04-04,3078.0,,,,,
không khớp,33205,CHT0023,Hồ Gia,2025-04-04,3078.0,,,,,
không khớp,33204,NAP0070,Phương Nam,2025-04-04,2025.0,,,,,
không khớp,33203,CHT0116,Phương Nam,2025-04-04,2025.0,,,,,
không khớp,33201,NAP0136,Phương Nam,2025-04-04,1050.0,,,,,
không khớp,33200,CHT0218,Phương Nam,2025-04-04,1050.0,,,,,
không khớp,33199,NHG3331,Mộc Ấn,2025-04-04,4517.0,,,,,
không khớp,33198,NHG3332,Mộc Ấn,2025-04-04,4517.0,,,,,
không khớp,33197,NHG3342,Mộc Ấn,2025-04-04,1094.0,,,,,
không khớp,33196,NAP0055,Thành Phát,2025-04-04,3071.0,,,,,
không khớp,33195,CPT0075,Thành Phát,2025-04-04,3071.0,,,,,
không khớp,33194,NHG2517,Mộc Ấn,2025-04-04,2114.0,,,,,
không khớp,33202,CAN0006,Phương Nam,2025-04-04,108.0,,,,,
không khớp,38004,NLT0240,NCCKS030,2025-04-04,25.0,,,,,
không khớp,38006,NLT0152,NCCKS023,2025-04-04,5.855,,,,,
không khớp,33222,CPT0063,Thành Phát,2025-04-05,432.0,,,,,
không khớp,33225,NAP0092,Thành Phát,2025-04-05,1026.0,,,,,
không khớp,33223,NAP0074,Thành Phát,2025-04-05,432.0,,,,,
không khớp,33224,CPT0110,Thành Phát,2025-04-05,1026.0,,,,,
không khớp,33226,CPV0176,Thành Phát,2025-04-05,4060.0,,,,,
không khớp,33227,CPV0096,Thành Phát,2025-04-05,2091.0,,,,,
không khớp,33228,NAP0056,Thành Phát,2025-04-05,2091.0,,,,,
không khớp,33229,THC0235,Hà Long,2025-04-05,80.0,,,,,
không khớp,33230,NDT3334,NCCKS014,2025-04-05,51.0,,,,,
không khớp,33231,NDT2834,NCCKS014,2025-04-05,51.0,,,,,
không khớp,33232,NDT3352,NCCKS014,2025-04-05,51.0,,,,,
không khớp,33220,NDT3345,NCCKS014,2025-04-05,51.0,,,,,
không khớp,33219,NDT2829,NCCKS014,2025-04-05,30.0,,,,,
không khớp,33218,NDT3340,NCCKS014,2025-04-05,51.0,,,,,
không khớp,33217,THC0078,Đông Tây,2025-04-05,301.0,,,,,
không khớp,33216,THC0078,Đông Tây,2025-04-05,300.0,,,,,
không khớp,33215,NDT3339,NCCKS014,2025-04-05,30.0,,,,,
không khớp,33214,THC0122,Đông Tây,2025-04-05,213.0,,,,,
không khớp,33213,NDT2728,NCCKS014,2025-04-05,51.0,,,,,
không khớp,33221,THC0087,Đông Tây,2025-04-05,207.0,,,,,
không khớp,33233,NHG3344,Mộc Ấn,2025-04-06,2214.0,,,,,
không khớp,33235,NTN2728,Tân Đức,2025-04-08,1080.0,,,,,
không khớp,33238,NTN3345,Tân Đức,2025-04-08,5370.0,,,,,
không khớp,33237,NHG3051,Trương Gia Phước,2025-04-08,20.0,,,,,
không khớp,33236,NHD2752,Trương Gia Phước,2025-04-08,100.0,,,,,
không khớp,33234,THI0212,Đông Tây,2025-04-08,208.0,,,,,
không khớp,38005,BTPR0057,Basel Thụy Sĩ,2025-04-08,1.0,,,,,
không khớp,33239,HOP2969,Trí Tín,2025-04-09,3200.0,,,,,
không khớp,33240,XOT0007,NCCKS012,2025-04-09,40.0,,,,,
không khớp,33251,NTN3329,Tân Đức,2025-04-10,5470.0,,,,,
không khớp,33258,NAP0056,Thành Phát,2025-04-10,6047.0,,,,,
không khớp,33257,CPT0075,Thành Phát,2025-04-10,9047.0,,,,,
không khớp,33256,NHD3091,NCCKS002,2025-04-10,50.0,,,,,
không khớp,33255,CNT0033,Minh Ngọc,2025-04-10,1000.0,,,,,
không khớp,33254,NAP0028,Hồ Gia,2025-04-10,4050.0,,,,,
không khớp,33253,CHT0012,Hồ Gia,2025-04-10,4050.0,,,,,
không khớp,33252,CAN0005,Phương Nam,2025-04-10,108.0,,,,,
không khớp,33259,NAP0057,Thành Phát,2025-04-10,3000.0,,,,,
không khớp,33250,NHG3353,Mộc Ấn,2025-04-10,2174.0,,,,,
không khớp,33248,NHG3335,Mộc Ấn,2025-04-10,2149.0,,,,,
không khớp,33247,NHG3337,Mộc Ấn,2025-04-10,2149.0,,,,,
không khớp,33246,NHG3336,Mộc Ấn,2025-04-10,2169.0,,,,,
không khớp,33245,NHG3249,Mộc Ấn,2025-04-10,2214.0,,,,,
không khớp,33244,NHD2621,Mộc Ấn,2025-04-10,2284.0,,,,,
không khớp,33243,THC0228,Đông Tây,2025-04-10,102.0,,,,,
không khớp,33242,NTN3339,Mộc Ấn,2025-04-10,5751.0,,,,,
không khớp,33241,NHG1907,Mộc Ấn,2025-04-10,2358.0,,,,,
không khớp,33249,NHG2819,Mộc Ấn,2025-04-10,4288.0,,,,,
không khớp,38007,BTPR0010,Kel,2025-04-10,400.0,,,,,
không khớp,38008,NLT0006,Mạnh Đan,2025-04-10,925.0,,,,,
không khớp,38009,NLT0250,Thiên Nhiên Xanh,2025-04-11,0.03,,,,,
không khớp,33260,NTN3165,Tân Đức,2025-04-11,1040.0,,,,,
không khớp,33268,THC0091,Đông Tây,2025-04-11,200.0,,,,,
không khớp,33267,THC0091,Đông Tây,2025-04-11,310.0,,,,,
không khớp,33266,THI0169,Đông Tây,2025-04-11,320.0,,,,,
không khớp,33265,CHT0162,Thành Phát,2025-04-11,2100.0,,,,,
không khớp,33264,NAP0081,Thành Phát,2025-04-11,2100.0,,,,,
không khớp,33263,CPV0100,Thành Phát,2025-04-11,2100.0,,,,,
không khớp,33262,NHD3352,Mộc Ấn,2025-04-11,2149.0,,,,,
không khớp,33261,NTN3166,Tân Đức,2025-04-11,1060.0,,,,,
không khớp,33269,NTN3340,Mộc Ấn,2025-04-12,5492.0,,,,,
không khớp,33274,NHG3155,Mộc Ấn,2025-04-12,2139.0,,,,,
không khớp,33273,NHG3142,Mộc Ấn,2025-04-12,2139.0,,,,,
không khớp,33272,NHG3157,Mộc Ấn,2025-04-12,2139.0,,,,,
không khớp,33270,THC0187,Đông Tây,2025-04-12,116.0,,,,,
không khớp,33271,NHG3358,Mộc Ấn,2025-04-12,2179.0,,,,,
không khớp,33280,COC0004,Phương Nam,2025-04-14,2000.0,,,,,
không khớp,33281,CAN0005,Phương Nam,2025-04-14,108.0,,,,,
không khớp,33279,CNT0036,Minh Ngọc,2025-04-14,400.0,,,,,
không khớp,33278,NHG3356,Mộc Ấn,2025-04-14,2169.0,,,,,
không khớp,33277,NHG3355,Mộc Ấn,2025-04-14,2169.0,,,,,
không khớp,33276,NHG3359,Mộc Ấn,2025-04-14,2169.0,,,,,
không khớp,33275,THC0235,Đông Tây,2025-04-14,429.0,,,,,
không khớp,33297,NTN3334,Tân Đức,2025-04-15,10269.0,,,,,
không khớp,33285,NHG2433,Mộc Ấn,2025-04-15,6686.0,,,,,
không khớp,33296,HOP3051,Trí Tín,2025-04-15,570.0,,,,,
không khớp,33295,HOP3335,Trí Tín,2025-04-15,2150.0,,,,,
không khớp,33294,HOP1893,Trí Tín,2025-04-15,2070.0,,,,,
không khớp,33293,NDT3302,NCCKS014,2025-04-15,12.0,,,,,
không khớp,33292,NDT2991,NCCKS014,2025-04-15,51.0,,,,,
không khớp,33291,NDT3329,NCCKS014,2025-04-15,51.0,,,,,
không khớp,33290,NDT3356,NCCKS014,2025-04-15,51.0,,,,,
không khớp,33288,NDT2566,NCCKS014,2025-04-15,30.0,,,,,
không khớp,33287,NAP0077,Thành Phát,2025-04-15,1079.0,,,,,
không khớp,33286,CPT0075,Thành Phát,2025-04-15,1079.0,,,,,
không khớp,33284,NAP0056,Thành Phát,2025-04-15,2075.0,,,,,
không khớp,33283,CPT0075,Thành Phát,2025-04-15,2075.0,,,,,
không khớp,33282,THC0219,Đông Tây,2025-04-15,214.0,,,,,
không khớp,33289,NDT3355,NCCKS014,2025-04-15,51.0,,,,,
không khớp,33298,THC0213,Đông Tây,2025-04-16,112.0,,,,,
không khớp,33299,XOT0005,Phương Nam,2025-04-16,100.0,,,,,
không khớp,33300,NHG3294,NCCKS002,2025-04-16,2500.0,,,,,
không khớp,33305,COC0004,Phương Nam,2025-04-17,2000.0,,,,,
không khớp,33309,NAP0130,Phương Nam,2025-04-17,108.0,,,,,
không khớp,33308,CAN0006,Phương Nam,2025-04-17,108.0,,,,,
không khớp,33307,CET0213,PHL,2025-04-17,1480.0,,,,,
không khớp,33306,NHG3316,NCCKS002,2025-04-17,510.0,,,,,
không khớp,33303,CHT0174,PHL,2025-04-17,2002.0,,,,,
không khớp,33302,NAP0017,PHL,2025-04-17,3003.0,,,,,
không khớp,33301,CHT0174,PHL,2025-04-17,3003.0,,,,,
không khớp,33304,NAP0017,PHL,2025-04-17,2002.0,,,,,
không khớp,38010,BTPR0006,NCCKS026,2025-04-17,6.6,,,,,
không khớp,33312,CHT0141,Thành Phát,2025-04-18,1079.0,,,,,
không khớp,33316,NHG3317,Trương Gia Phước,2025-04-18,20.0,,,,,
không khớp,33315,NAP0057,Thành Phát,2025-04-18,1080.0,,,,,
không khớp,33314,CPT0221,Thành Phát,2025-04-18,1080.0,,,,,
không khớp,33313,NAP0117,Thành Phát,2025-04-18,1079.0,,,,,
không khớp,33311,NAP0016,PHL,2025-04-18,5005.0,,,,,
không khớp,33310,CHT0031,PHL,2025-04-18,5005.0,,,,,
không khớp,33325,CHT0141,Thành Phát,2025-04-19,1079.0,,,,,
không khớp,33326,NAP0117,Thành Phát,2025-04-19,1079.0,,,,,
không khớp,33327,THC0188,Đông Tây,2025-04-19,93.0,,,,,
không khớp,33324,NHG3139,Mộc Ấn,2025-04-19,2249.0,,,,,
không khớp,33323,NHG3138,Mộc Ấn,2025-04-19,2249.0,,,,,
không khớp,33322,NHG3144,Mộc Ấn,2025-04-19,2249.0,,,,,
không khớp,33320,CHT0032,PHL,2025-04-19,3003.0,,,,,
không khớp,33321,NAP0018,PHL,2025-04-19,3003.0,,,,,
không khớp,33317,THC0125,Đông Tây,2025-04-19,126.0,,,,,
không khớp,33319,NAP0018,PHL,2025-04-19,2002.0,,,,,
không khớp,33318,CHT0032,PHL,2025-04-19,2002.0,,,,,
không khớp,33328,NHD2991,Trương Gia Phước,2025-04-21,200.0,,,,,
không khớp,33329,CPT0219,Thành Phát,2025-04-21,2048.0,,,,,
không khớp,33330,NAP0139,Thành Phát,2025-04-21,2048.0,,,,,
không khớp,33331,NHD2055,Trương Gia Phước,2025-04-21,20.0,,,,,
không khớp,33342,NDT3093,NCCKS014,2025-04-22,51.0,,,,,
không khớp,33343,NDT3366,NCCKS014,2025-04-22,51.0,,,,,
không khớp,33341,NDT3363,NCCKS014,2025-04-22,51.0,,,,,
không khớp,33340,NAP0062,Thành Phát,2025-04-22,2024.0,,,,,
không khớp,33339,NAP0068,Thành Phát,2025-04-22,1000.0,,,,,
không khớp,33338,CHT0084,Thành Phát,2025-04-22,3024.0,,,,,
không khớp,33337,NHG3217,Mộc Ấn,2025-04-22,2766.0,,,,,
không khớp,33335,NHG3348,Mộc Ấn,2025-04-22,3413.0,,,,,
không khớp,33334,NHG1487,Mộc Ấn,2025-04-22,1094.0,,,,,
không khớp,33333,NHG3360,Mộc Ấn,2025-04-22,1094.0,,,,,
không khớp,33332,NHG3326,Mộc Ấn,2025-04-22,1075.0,,,,,
không khớp,33336,NHG3349,Mộc Ấn,2025-04-22,3413.0,,,,,
không khớp,33349,NHG3379,NCCKS002,2025-04-23,420.0,,,,,
không khớp,33356,CNT0033,Minh Ngọc,2025-04-23,2800.0,,,,,
không khớp,33355,NAP0074,Thành Phát,2025-04-23,432.0,,,,,
không khớp,33354,CPT0063,Thành Phát,2025-04-23,432.0,,,,,
không khớp,33353,NAP0064,Thành Phát,2025-04-23,1008.0,,,,,
không khớp,33352,CHT0084,Thành Phát,2025-04-23,1008.0,,,,,
không khớp,33351,CPT0154,PHL,2025-04-23,2400.0,,,,,
không khớp,33350,NHG2256,NCCKS002,2025-04-23,260.0,,,,,
không khớp,33348,COC0004,Phương Nam,2025-04-23,2000.0,,,,,
không khớp,33347,NHG3311,Mộc Ấn,2025-04-23,2199.0,,,,,
không khớp,33346,NTN3363,Tân Đức,2025-04-23,1090.0,,,,,
không khớp,33345,NAP0118,Thành Phát,2025-04-23,3071.0,,,,,
không khớp,33344,CHT0168,Thành Phát,2025-04-23,3071.0,,,,,
không khớp,32825,CPT0203,Vinaco,2025-04-23,1500.0,,,,,
không khớp,38014,BTPR0010,NCCKS026,2025-04-23,3.0,,,,,
không khớp,38013,NLT0021,Kết Nông,2025-04-24,525.0,,,,,
không khớp,38011,NLT0198,Vĩnh Nam Anh,2025-04-24,100.0,,,,,
không khớp,38012,NLT0209,Kết Nông,2025-04-24,500.0,,,,,
không khớp,33365,NAP0119,Thành Phát,2025-04-24,1000.0,,,,,
không khớp,33364,NTN2829,Tân Đức,2025-04-24,3660.0,,,,,
không khớp,33363,NHG2463,Mộc Ấn,2025-04-24,2249.0,,,,,
không khớp,33362,NHG2847,Mộc Ấn,2025-04-24,2249.0,,,,,
không khớp,33361,NHG3093,Mộc Ấn,2025-04-24,2249.0,,,,,
không khớp,33359,NAP0118,Thành Phát,2025-04-24,2075.0,,,,,
không khớp,33358,CHT0168,Thành Phát,2025-04-24,2075.0,,,,,
không khớp,33357,THC0186,Đông Tây,2025-04-24,112.0,,,,,
không khớp,33360,NHG3364,Mộc Ấn,2025-04-24,2249.0,,,,,
không khớp,33369,NAP0029,Hồ Gia,2025-04-25,2106.0,,,,,
không khớp,33373,HOP1493,Trí Tín,2025-04-25,5130.0,,,,,
không khớp,33372,NHG3368,NCCKS008,2025-04-25,3000.0,,,,,
không khớp,33371,TEM0011,Trương Gia Phước,2025-04-25,50.0,,,,,
không khớp,33370,NAP0028,Hồ Gia,2025-04-25,700.0,,,,,
không khớp,33368,CHT0023,Hồ Gia,2025-04-25,2106.0,,,,,
không khớp,33367,NAP0028,Hồ Gia,2025-04-25,1050.0,,,,,
không khớp,33366,CHT0022,Hồ Gia,2025-04-25,1050.0,,,,,
không khớp,38016,BTPR0006,Basel Thụy Sĩ,2025-04-25,8.0,,,,,
không khớp,33381,NAP0060,Thành Phát,2025-04-26,5000.0,,,,,
không khớp,33382,NAP0079,Thành Phát,2025-04-26,1000.0,,,,,
không khớp,33383,HOP3311,Trí Tín,2025-04-26,540.0,,,,,
không khớp,33380,CPV0084,Thành Phát,2025-04-26,6000.0,,,,,
không khớp,33379,CNT0071,Minh Ngọc,2025-04-26,450.0,,,,,
không khớp,33377,CPT0075,Thành Phát,2025-04-26,4067.0,,,,,
không khớp,33376,NHG3366,Mộc Ấn,2025-04-26,1085.0,,,,,
không khớp,33375,NAP0119,Thành Phát,2025-04-26,4067.0,,,,,
không khớp,33374,CHT0183,Thành Phát,2025-04-26,4067.0,,,,,
không khớp,33378,NAP0056,Thành Phát,2025-04-26,4067.0,,,,,
không khớp,33389,NAP0121,Thành Phát,2025-04-28,1577.0,,,,,
không khớp,33390,THC0237,Du Bai,2025-04-28,20.0,,,,,
không khớp,33388,CHT0163,Thành Phát,2025-04-28,1577.0,,,,,
không khớp,33387,NTN3365,Tân Đức,2025-04-28,3140.0,,,,,
không khớp,33386,THC0078,Đông Tây,2025-04-28,512.0,,,,,
không khớp,33385,NHG3050,Mộc Ấn,2025-04-28,2209.0,,,,,
không khớp,33384,NHG2503,Mộc Ấn,2025-04-28,2209.0,,,,,
không khớp,33391,THC0162,Đông Tây,2025-04-29,206.0,,,,,
không khớp,33392,NHD3381,Mộc Ấn,2025-04-29,2189.0,,,,,
không khớp,33393,NHG3382,Mộc Ấn,2025-05-02,2159.0,,,,,
không khớp,33394,NHG3383,Mộc Ấn,2025-05-02,1094.0,,,,,
không khớp,33395,NHG3459,Mộc Ấn,2025-05-02,5642.0,,,,,
không khớp,33396,CPV0039,Thành Phát,2025-05-02,1080.0,,,,,
không khớp,33397,NAP0090,Thành Phát,2025-05-02,1080.0,,,,,
không khớp,33398,NDT3381,NCCKS014,2025-05-02,51.0,,,,,
không khớp,33399,NDT2732,NCCKS014,2025-05-02,51.0,,,,,
không khớp,33400,NDT3365,NCCKS014,2025-05-02,30.0,,,,,
không khớp,33402,NDT2732,NCCKS014,2025-05-02,6.0,,,,,
không khớp,33401,NDT2902,NCCKS014,2025-05-02,51.0,,,,,
không khớp,33411,NHG3379,NCCKS002,2025-05-02,630.0,,,,,
không khớp,33410,NHG3407,NCCKS002,2025-05-02,420.0,,,,,
không khớp,33409,NHG3114,NCCKS002,2025-05-02,310.0,,,,,
không khớp,33408,NDT3354,NCCKS014,2025-05-02,51.0,,,,,
không khớp,33407,NDT2803,NCCKS014,2025-05-02,30.0,,,,,
không khớp,33406,NDT3381,NCCKS014,2025-05-02,51.0,,,,,
không khớp,33405,NDT3402,NCCKS014,2025-05-02,30.0,,,,,
không khớp,33404,NDT2992,NCCKS014,2025-05-02,51.0,,,,,
không khớp,33403,NDT2933,NCCKS014,2025-05-02,72.0,,,,,
không khớp,33428,NHG3400,Mộc Ấn,2025-05-03,1080.0,,,,,
không khớp,33431,NHG3371,Mộc Ấn,2025-05-03,1085.0,,,,,
không khớp,33429,NHG3401,Mộc Ấn,2025-05-03,1085.0,,,,,
không khớp,33430,NHG3372,Mộc Ấn,2025-05-03,1080.0,,,,,
không khớp,33432,NHG3367,Mộc Ấn,2025-05-03,1080.0,,,,,
không khớp,33433,NHG3370,Mộc Ấn,2025-05-03,1085.0,,,,,
không khớp,33434,NHG3380,Mộc Ấn,2025-05-03,1085.0,,,,,
không khớp,33435,NHG3369,Mộc Ấn,2025-05-03,1085.0,,,,,
không khớp,33436,XOT0005,Phương Nam,2025-05-03,50.0,,,,,
không khớp,33437,CHT0116,Phương Nam,2025-05-03,4050.0,,,,,
không khớp,33438,NAP0070,Phương Nam,2025-05-03,4050.0,,,,,
không khớp,33439,XOT0008,Phương Nam,2025-05-03,100.0,,,,,
không khớp,33440,NAP0142,Phương Nam,2025-05-03,55.0,,,,,
không khớp,33441,CHT0058,Phương Nam,2025-05-03,2016.0,,,,,
không khớp,33442,NHG3388,Mộc Ấn,2025-05-03,1085.0,,,,,
không khớp,33426,NHG3398,Mộc Ấn,2025-05-03,1080.0,,,,,
không khớp,33427,NHG3399,Mộc Ấn,2025-05-03,1080.0,,,,,
không khớp,33413,NHG3384,Mộc Ấn,2025-05-03,1080.0,,,,,
không khớp,33414,NHG3385,Mộc Ấn,2025-05-03,1080.0,,,,,
không khớp,33415,NHG3386,Mộc Ấn,2025-05-03,1085.0,,,,,
không khớp,33416,NHG3387,Mộc Ấn,2025-05-03,1085.0,,,,,
không khớp,33417,NHG3389,Mộc Ấn,2025-05-03,1080.0,,,,,
không khớp,33418,NHG3390,Mộc Ấn,2025-05-03,1085.0,,,,,
không khớp,33419,NHG3391,Mộc Ấn,2025-05-03,1080.0,,,,,
không khớp,33420,NHG3392,Mộc Ấn,2025-05-03,1080.0,,,,,
không khớp,33421,NHG3393,Mộc Ấn,2025-05-03,1080.0,,,,,
không khớp,33422,NHG3394,Mộc Ấn,2025-05-03,1080.0,,,,,
không khớp,33423,NHG3395,Mộc Ấn,2025-05-03,1085.0,,,,,
không khớp,33412,THC0078,Đông Tây,2025-05-03,310.0,,,,,
không khớp,33424,NHG3396,Mộc Ấn,2025-05-03,1085.0,,,,,
không khớp,33425,NHG3397,Mộc Ấn,2025-05-03,1085.0,,,,,
không khớp,33450,TUI0007,NCCKS006,2025-05-05,640.0,,,,,
không khớp,33444,NHD1853,Mộc Ấn,2025-05-05,4527.0,,,,,
không khớp,33449,BAO0009,NCCKS005,2025-05-05,1000.0,,,,,
không khớp,33448,NHG2408,Mộc Ấn,2025-05-05,4338.0,,,,,
không khớp,33447,NHG3404,Mộc Ấn,2025-05-05,2109.0,,,,,
không khớp,33446,NHG1933,Mộc Ấn,2025-05-05,2109.0,,,,,
không khớp,33445,NTN2992,Mộc Ấn,2025-05-05,5448.0,,,,,
không khớp,33443,THI0167,Đông Tây,2025-05-05,310.0,,,,,
không khớp,38017,NLT0006,Mạnh Đan,2025-05-05,350.0,,,,,
không khớp,38015,BTPR0010,NCCKS026,2025-05-05,5.0,,,,,
không khớp,38021,NLT0034,Hải Bình,2025-05-05,3.0,,,,,
không khớp,38019,NLT0225,Hải Bình,2025-05-06,1.3,,,,,
không khớp,38020,NLT0081,Hải Bình,2025-05-06,500.0,,,,,
không khớp,38018,BTPR0077,Mạnh Đan,2025-05-06,500.0,,,,,
không khớp,33470,NHD3080,Trương Gia Phước,2025-05-06,200.0,,,,,
không khớp,33471,TEM0009,Tân Hoa Mai,2025-05-06,35000.0,,,,,
không khớp,33469,NAP0136,Phương Nam,2025-05-06,1050.0,,,,,
không khớp,33468,CHT0218,Phương Nam,2025-05-06,1050.0,,,,,
không khớp,33467,NAP0136,Phương Nam,2025-05-06,1008.0,,,,,
không khớp,33466,CHT0212,Phương Nam,2025-05-06,1008.0,,,,,
không khớp,33465,NHG1966,Quang Đạt,2025-05-06,1095.0,,,,,
không khớp,33464,CAN0005,Phương Nam,2025-05-06,108.0,,,,,
không khớp,33463,NAP0136,Phương Nam,2025-05-06,1050.0,,,,,
không khớp,33462,NHG3410,Mộc Ấn,2025-05-06,2169.0,,,,,
không khớp,33460,CHT0012,Hồ Gia,2025-05-06,6642.0,,,,,
không khớp,33461,NAP0028,Hồ Gia,2025-05-06,6642.0,,,,,
không khớp,33452,CHT0174,PHL,2025-05-06,4004.0,,,,,
không khớp,33451,COC0004,Phương Nam,2025-05-06,2000.0,,,,,
không khớp,33453,NAP0017,PHL,2025-05-06,4004.0,,,,,
không khớp,33454,CHT0174,PHL,2025-05-06,2002.0,,,,,
không khớp,33456,NAP0140,PHL,2025-05-06,3000.0,,,,,
không khớp,33457,CET0098,PHL,2025-05-06,3000.0,,,,,
không khớp,33458,NHG2113,Mộc Ấn,2025-05-06,1194.0,,,,,
không khớp,33459,NHG2112,Mộc Ấn,2025-05-06,1094.0,,,,,
không khớp,33455,NAP0017,PHL,2025-05-06,2002.0,,,,,
không khớp,33484,NDT3460,NCCKS014,2025-05-07,51.0,,,,,
không khớp,33487,NAP0056,Thành Phát,2025-05-07,2075.0,,,,,
không khớp,33486,CPT0075,Thành Phát,2025-05-07,2075.0,,,,,
không khớp,33485,NDT3161,NCCKS014,2025-05-07,30.0,,,,,
không khớp,33483,NDT3408,NCCKS014,2025-05-07,51.0,,,,,
không khớp,33482,NDT3405,NCCKS014,2025-05-07,51.0,,,,,
không khớp,33481,NDT3411,NCCKS014,2025-05-07,51.0,,,,,
không khớp,33480,NDT3080,NCCKS014,2025-05-07,51.0,,,,,
không khớp,33478,NTN3354,Tân Đức,2025-05-07,1100.0,,,,,
không khớp,33477,NHG3075,Quang Đạt,2025-05-07,2090.0,,,,,
không khớp,33476,NHG3077,Quang Đạt,2025-05-07,2040.0,,,,,
không khớp,33475,NAP0070,Phương Nam,2025-05-07,2025.0,,,,,
không khớp,33474,CHT0116,Phương Nam,2025-05-07,2025.0,,,,,
không khớp,33473,THC0219,Đông Tây,2025-05-07,510.0,,,,,
không khớp,33472,THC0185,Đông Tây,2025-05-07,102.0,,,,,
không khớp,33479,NHG3472,NCCKS002,2025-05-07,430.0,,,,,
không khớp,33490,NAP0141,PHL,2025-05-08,2800.0,,,,,
không khớp,33496,COC0002,PHL,2025-05-08,3000.0,,,,,
không khớp,33495,COC0002,PHL,2025-05-08,2800.0,,,,,
không khớp,33494,NHD3031,Quang Đạt,2025-05-08,1124.0,,,,,
không khớp,33493,NTN3405,Tân Đức,2025-05-08,1080.0,,,,,
không khớp,33492,NTN3411,Tân Đức,2025-05-08,1090.0,,,,,
không khớp,33491,NHD3402,Quang Đạt,2025-05-08,1124.0,,,,,
không khớp,33489,CET0187,PHL,2025-05-08,2800.0,,,,,
không khớp,33488,THC0189,Đông Tây,2025-05-08,114.0,,,,,
không khớp,38022,NLT0006,Mạnh Đan,2025-05-08,350.0,,,,,
không khớp,38023,BTPR0090,Kel,2025-05-08,200.0,,,,,
không khớp,33504,NHG3170,Mộc Ấn,2025-05-09,1104.0,,,,,
không khớp,33503,NHG3447,Quang Đạt,2025-05-09,2040.0,,,,,
không khớp,33502,NHG3412,Mộc Ấn,2025-05-09,1094.0,,,,,
không khớp,33500,NHG2465,Mộc Ấn,2025-05-09,1104.0,,,,,
không khớp,33499,NHG3323,Mộc Ấn,2025-05-09,1104.0,,,,,
không khớp,33501,NHG3373,Mộc Ấn,2025-05-09,1104.0,,,,,
không khớp,33497,THC0079,Đông Tây,2025-05-09,200.0,,,,,
không khớp,33498,NHG3114,Mộc Ấn,2025-05-09,2209.0,,,,,
không khớp,33505,THC0079,Đông Tây,2025-05-10,214.0,,,,,
không khớp,33514,NTN2538,Tân Đức,2025-05-10,1110.0,,,,,
không khớp,33513,NHD2435,Mộc Ấn,2025-05-10,2244.0,,,,,
không khớp,33512,NHG2670,Quang Đạt,2025-05-10,4199.0,,,,,
không khớp,33511,NTN2933,Tân Đức,2025-05-10,21010.0,,,,,
không khớp,33510,NAP0055,Thành Phát,2025-05-10,2075.0,,,,,
không khớp,33509,CPT0175,Thành Phát,2025-05-10,2075.0,,,,,
không khớp,33508,HOP2112,Trí Tín,2025-05-10,1100.0,,,,,
không khớp,33507,NHG2450,Mộc Ấn,2025-05-10,4547.0,,,,,
không khớp,33506,NTN2388,Tân Đức,2025-05-10,13400.0,,,,,
không khớp,33525,NAP0057,Thành Phát,2025-05-12,4026.0,,,,,
không khớp,33524,NAP0056,Thành Phát,2025-05-12,4025.0,,,,,
không khớp,33523,CPT0075,Thành Phát,2025-05-12,8051.0,,,,,
không khớp,33522,NAP0141,PHL,2025-05-12,2000.0,,,,,
không khớp,33521,CET0187,PHL,2025-05-12,2000.0,,,,,
không khớp,33520,NAP0140,PHL,2025-05-12,2000.0,,,,,
không khớp,33518,CET0187,PHL,2025-05-12,2200.0,,,,,
không khớp,33517,NHG2572,NCCKS002,2025-05-12,150.0,,,,,
không khớp,33516,COC0002,PHL,2025-05-12,2000.0,,,,,
không khớp,33515,COC0002,PHL,2025-05-12,2200.0,,,,,
không khớp,33519,NAP0141,PHL,2025-05-12,200.0,,,,,
không khớp,33526,NTN3408,Tân Đức,2025-05-13,3220.0,,,,,
không khớp,38024,BTPR0010,NCCKS016,2025-05-13,2.0,,,,,
không khớp,33527,NHG2478,Mộc Ấn,2025-05-14,2249.0,,,,,
không khớp,33528,NDT2993,Mộc Ấn,2025-05-14,567.0,,,,,
không khớp,33529,NHG3446,Mộc Ấn,2025-05-14,1090.0,,,,,
không khớp,38143,NLT0076,Hải Bình,2025-05-14,10.0,,,,,
không khớp,38144,NLT0060,Vĩnh Nam Anh,2025-05-15,860.0,,,,,
không khớp,33540,NDT2889,NCCKS014,2025-05-15,30.0,,,,,
không khớp,33541,NDT2566,NCCKS014,2025-05-15,51.0,,,,,
không khớp,33543,NDT2410,NCCKS014,2025-05-15,51.0,,,,,
không khớp,33544,CHT0137,PHL,2025-05-15,3000.0,,,,,
không khớp,33545,CHT0116,Phương Nam,2025-05-15,4050.0,,,,,
không khớp,33546,NAP0070,Phương Nam,2025-05-15,4050.0,,,,,
không khớp,33547,CHT0218,Phương Nam,2025-05-15,1050.0,,,,,
không khớp,33548,NAP0136,Phương Nam,2025-05-15,1050.0,,,,,
không khớp,33549,CNT0035,Minh Ngọc,2025-05-15,1000.0,,,,,
không khớp,33542,NDT3488,NCCKS014,2025-05-15,51.0,,,,,
không khớp,33538,NDT2613,NCCKS014,2025-05-15,30.0,,,,,
không khớp,33539,NDT3479,NCCKS014,2025-05-15,51.0,,,,,
không khớp,33531,NTN3161,Mộc Ấn,2025-05-15,3259.0,,,,,
không khớp,33532,NTN2889,Tân Đức,2025-05-15,4270.0,,,,,
không khớp,33533,NHG3481,Mộc Ấn,2025-05-15,2164.0,,,,,
không khớp,33534,NHG3482,Mộc Ấn,2025-05-15,2164.0,,,,,
không khớp,33535,NHG1298,Mộc Ấn,2025-05-15,1104.0,,,,,
không khớp,33536,NHG3492,Quang Đạt,2025-05-15,2050.0,,,,,
không khớp,33537,NDT3495,NCCKS014,2025-05-15,51.0,,,,,
không khớp,33530,NHD2613,Mộc Ấn,2025-05-15,1124.0,,,,,
không khớp,38029,NLT0044,Du Bai,2025-05-15,1.0,,,,,
không khớp,38030,NLT0155,Kết Nông,2025-05-15,500.0,,,,,
không khớp,38031,NLT0187,NCCKS031,2025-05-15,200.0,,,,,
không khớp,38028,NLT0049,Hải Bình,2025-05-15,200.0,,,,,
không khớp,38033,NLT0245,Svc,2025-05-15,600.0,,,,,
không khớp,38026,NLT0025,Hải Bình,2025-05-15,1.0,,,,,
không khớp,38034,NLT0171,Ntk,2025-05-15,225.0,,,,,
không khớp,38035,NLT0060,Vĩnh Nam Anh,2025-05-15,430.0,,,,,
không khớp,38032,NLT0194,Nam Bình,2025-05-15,420.0,,,,,
không khớp,38037,BTPR0090,Kel,2025-05-15,200.0,,,,,
không khớp,38036,NLT0204,Vĩnh Nam Anh,2025-05-15,200.0,,,,,
không khớp,38025,NLT0017,Hải Bình,2025-05-15,1.0,,,,,
không khớp,38039,NLT0250,Thiên Nhiên Xanh,2025-05-15,0.1,,,,,
không khớp,38027,NLT0028,Hải Bình,2025-05-15,2.0,,,,,
không khớp,38038,NLT0004,Mạnh Đan,2025-05-16,75.0,,,,,
không khớp,33554,NAP0055,Thành Phát,2025-05-16,3063.0,,,,,
không khớp,33562,NHD3008,NCCKS002,2025-05-16,50.0,,,,,
không khớp,33561,NDT2538,NCCKS014,2025-05-16,51.0,,,,,
không khớp,33560,CPV0176,Thành Phát,2025-05-16,1050.0,,,,,
không khớp,33559,NAP0066,Thành Phát,2025-05-16,2016.0,,,,,
không khớp,33558,CHT0079,Thành Phát,2025-05-16,2016.0,,,,,
không khớp,33557,NAP0066,Thành Phát,2025-05-16,2016.0,,,,,
không khớp,33556,CHT0079,Thành Phát,2025-05-16,2016.0,,,,,
không khớp,33555,NAP0077,Thành Phát,2025-05-16,2000.0,,,,,
không khớp,33553,CPT0075,Thành Phát,2025-05-16,5063.0,,,,,
không khớp,33552,NDT3361,NCCKS014,2025-05-16,30.0,,,,,
không khớp,33551,NHG3480,Mộc Ấn,2025-05-16,2189.0,,,,,
không khớp,33550,NDT2933,NCCKS014,2025-05-16,201.0,,,,,
không khớp,33563,CHT0137,PHL,2025-05-17,2000.0,,,,,
không khớp,33574,COC0004,Phương Nam,2025-05-17,2000.0,,,,,
không khớp,33573,NAP0124,Phương Nam,2025-05-17,1080.0,,,,,
không khớp,33572,CHT0190,Phương Nam,2025-05-17,1080.0,,,,,
không khớp,33571,NAP0117,Thành Phát,2025-05-17,2075.0,,,,,
không khớp,33570,CHT0141,Thành Phát,2025-05-17,2075.0,,,,,
không khớp,33568,NHG3477,Mộc Ấn,2025-05-17,2288.0,,,,,
không khớp,33567,NTN2829,Tân Đức,2025-05-17,6300.0,,,,,
không khớp,33566,NTN3488,Tân Đức,2025-05-17,1090.0,,,,,
không khớp,33565,NTN3479,Tân Đức,2025-05-17,5290.0,,,,,
không khớp,33564,NTN3458,Tân Đức,2025-05-17,5360.0,,,,,
không khớp,33569,NHG3478,Mộc Ấn,2025-05-17,2288.0,,,,,
không khớp,33586,NHD2410,Quang Đạt,2025-05-19,2090.0,,,,,
không khớp,33587,NHD3495,Quang Đạt,2025-05-19,2090.0,,,,,
không khớp,33588,NHG3496,Mộc Ấn,2025-05-19,1085.0,,,,,
không khớp,33589,NHD2055,Trương Gia Phước,2025-05-19,100.0,,,,,
không khớp,33590,NHG3406,Quang Đạt,2025-05-19,2119.0,,,,,
không khớp,33591,NHG3422,Mộc Ấn,2025-05-19,2224.0,,,,,
không khớp,33592,NHG3426,Mộc Ấn,2025-05-19,4572.0,,,,,
không khớp,33593,NHG3420,Mộc Ấn,2025-05-19,3398.0,,,,,
không khớp,33594,NHG3414,Mộc Ấn,2025-05-19,1134.0,,,,,
không khớp,33595,NHG2671,NCCKS002,2025-05-19,50.0,,,,,
không khớp,33577,NHG3483,Mộc Ấn,2025-05-19,1109.0,,,,,
không khớp,33584,NHG3486,Mộc Ấn,2025-05-19,1134.0,,,,,
không khớp,33583,NHG3407,Mộc Ấn,2025-05-19,1094.0,,,,,
không khớp,33582,NHG2617,Mộc Ấn,2025-05-19,2189.0,,,,,
không khớp,33581,NHG3487,Mộc Ấn,2025-05-19,1094.0,,,,,
không khớp,33580,NHG3484,Mộc Ấn,2025-05-19,2288.0,,,,,
không khớp,33579,NHG3468,Mộc Ấn,2025-05-19,2288.0,,,,,
không khớp,33578,NHG3485,Mộc Ấn,2025-05-19,2288.0,,,,,
không khớp,33575,NHD3460,Quang Đạt,2025-05-19,2090.0,,,,,
không khớp,33576,NHD2566,Mộc Ấn,2025-05-19,2204.0,,,,,
không khớp,33585,NHG2821,Quang Đạt,2025-05-19,2030.0,,,,,
không khớp,33600,NHG2469,Mộc Ấn,2025-05-20,9811.0,,,,,
không khớp,33604,COC0004,Phương Nam,2025-05-20,2000.0,,,,,
không khớp,33603,NAP0029,Hồ Gia,2025-05-20,4050.0,,,,,
không khớp,33602,CHT0023,Hồ Gia,2025-05-20,4050.0,,,,,
không khớp,33601,THC0003,Đông Tây,2025-05-20,210.0,,,,,
không khớp,33599,NHG2543,Quang Đạt,2025-05-20,1095.0,,,,,
không khớp,33598,COC0004,Phương Nam,2025-05-20,2000.0,,,,,
không khớp,33597,NTN3493,Tân Đức,2025-05-20,1100.0,,,,,
không khớp,33596,THC0078,Đông Tây,2025-05-20,508.0,,,,,
không khớp,33623,NHG3473,Mộc Ấn,2025-05-21,1090.0,,,,,
không khớp,33622,NHG3474,Mộc Ấn,2025-05-21,1090.0,,,,,
không khớp,33621,NHG3463,Mộc Ấn,2025-05-21,1090.0,,,,,
không khớp,33620,NHG3462,Mộc Ấn,2025-05-21,4423.0,,,,,
không khớp,33619,NHG2607,Mộc Ấn,2025-05-21,1099.0,,,,,
không khớp,33618,NHG3323,Mộc Ấn,2025-05-21,4676.0,,,,,
không khớp,33611,NHG3427,Mộc Ấn,2025-05-21,2338.0,,,,,
không khớp,33617,NHG3419,Mộc Ấn,2025-05-21,1109.0,,,,,
không khớp,33616,NHG3413,Mộc Ấn,2025-05-21,1169.0,,,,,
không khớp,33615,NHG3433,Mộc Ấn,2025-05-21,1109.0,,,,,
không khớp,33613,NHG3432,Mộc Ấn,2025-05-21,1109.0,,,,,
không khớp,33612,NHG3430,Mộc Ấn,2025-05-21,2219.0,,,,,
không khớp,33610,NHG3434,Mộc Ấn,2025-05-21,1109.0,,,,,
không khớp,33609,NAP0118,Thành Phát,2025-05-21,2075.0,,,,,
không khớp,33608,CHT0141,Thành Phát,2025-05-21,2075.0,,,,,
không khớp,33607,NDT2469,Mộc Ấn,2025-05-21,622.0,,,,,
không khớp,33606,NTN3361,Tân Đức,2025-05-21,5350.0,,,,,
không khớp,33605,NTN2730,Âu Việt,2025-05-21,1000.0,,,,,
không khớp,33614,NHG3428,Mộc Ấn,2025-05-21,1169.0,,,,,
không khớp,38040,BTPR0006,NCCKS024,2025-05-21,2.0,,,,,
không khớp,33631,CPT0066,Vinaco,2025-05-22,3910.0,,,,,
không khớp,33633,CNT0033,Minh Ngọc,2025-05-22,1000.0,,,,,
không khớp,33632,COC0002,Vinaco,2025-05-22,3910.0,,,,,
không khớp,33630,NAP0120,Thành Phát,2025-05-22,2000.0,,,,,
không khớp,33629,NHP3270,Tân Hoa Mai,2025-05-22,200.0,,,,,
không khớp,33627,TEM0011,Tân Hoa Mai,2025-05-22,500.0,,,,,
không khớp,33628,NHP3269,Tân Hoa Mai,2025-05-22,200.0,,,,,
không khớp,33626,NHG3499,Quang Đạt,2025-05-22,2130.0,,,,,
không khớp,33625,NHG3220,Mộc Ấn,2025-05-22,2179.0,,,,,
không khớp,33624,HOP3481,Trí Tín,2025-05-22,1100.0,,,,,
không khớp,33634,NHG3461,Mộc Ấn,2025-05-23,2224.0,,,,,
không khớp,33635,NHG2911,NCCKS002,2025-05-23,200.0,,,,,
không khớp,33636,NHG3501,Mộc Ấn,2025-05-23,1119.0,,,,,
không khớp,33637,THC0191,Đông Tây,2025-05-23,110.0,,,,,
không khớp,33647,NHG3498,Mộc Ấn,2025-05-24,2348.0,,,,,
không khớp,33648,CPV0084,Thành Phát,2025-05-24,6000.0,,,,,
không khớp,33650,NAP0079,Thành Phát,2025-05-24,1000.0,,,,,
không khớp,33651,CPT0175,Thành Phát,2025-05-24,2075.0,,,,,
không khớp,33652,NAP0056,Thành Phát,2025-05-24,2075.0,,,,,
không khớp,33653,CPT0075,Thành Phát,2025-05-24,3071.0,,,,,
không khớp,33654,NAP0055,Thành Phát,2025-05-24,3071.0,,,,,
không khớp,33655,NDT3528,NCCKS014,2025-05-24,51.0,,,,,
không khớp,33649,NAP0060,Thành Phát,2025-05-24,5000.0,,,,,
không khớp,33645,NDT2503,NCCKS014,2025-05-24,51.0,,,,,
không khớp,33644,NDT3029,NCCKS014,2025-05-24,51.0,,,,,
không khớp,33643,NDT3458,NCCKS014,2025-05-24,51.0,,,,,
không khớp,33642,NHG3500,Quang Đạt,2025-05-24,1085.0,,,,,
không khớp,33641,NHD3029,Quang Đạt,2025-05-24,2119.0,,,,,
không khớp,33640,NDT2829,NCCKS014,2025-05-24,75.0,,,,,
không khớp,33639,NDT3493,NCCKS014,2025-05-24,51.0,,,,,
không khớp,33638,NDT3008,NCCKS014,2025-05-24,51.0,,,,,
không khớp,33646,NHG2547,Quang Đạt,2025-05-24,8450.0,,,,,
không khớp,33665,CHT0190,Phương Nam,2025-05-26,1080.0,,,,,
không khớp,33668,NAP0070,Phương Nam,2025-05-26,5025.0,,,,,
không khớp,33667,CHT0116,Phương Nam,2025-05-26,5025.0,,,,,
không khớp,33666,NAP0124,Phương Nam,2025-05-26,1080.0,,,,,
không khớp,33664,NAP0126,An Tín,2025-05-26,600.0,,,,,
không khớp,33663,NAP0120,Thành Phát,2025-05-26,2075.0,,,,,
không khớp,33661,CPV0176,Thành Phát,2025-05-26,2100.0,,,,,
không khớp,33660,NAP0064,Thành Phát,2025-05-26,864.0,,,,,
không khớp,33659,CHT0222,Thành Phát,2025-05-26,864.0,,,,,
không khớp,33658,NAP0056,Thành Phát,2025-05-26,5063.0,,,,,
không khớp,33657,CPT0075,Thành Phát,2025-05-26,5063.0,,,,,
không khớp,33656,NHD3132,Mộc Ấn,2025-05-26,2249.0,,,,,
không khớp,33662,CHT0169,Thành Phát,2025-05-26,2075.0,,,,,
không khớp,38041,BTPR0072,Basel Thụy Sĩ,2025-05-26,1.0,,,,,
không khớp,38042,BTPR0073,Basel Thụy Sĩ,2025-05-26,400.0,,,,,
không khớp,33672,NAP0070,Phương Nam,2025-05-27,3000.0,,,,,
không khớp,33674,NAP0070,Phương Nam,2025-05-27,225.0,,,,,
không khớp,33673,CHT0116,Phương Nam,2025-05-27,225.0,,,,,
không khớp,33671,CHT0116,Phương Nam,2025-05-27,3000.0,,,,,
không khớp,33670,NHG3510,Mộc Ấn,2025-05-27,1075.0,,,,,
không khớp,33669,NHG3511,Mộc Ấn,2025-05-27,1144.0,,,,,
không khớp,33691,NAP0028,Hồ Gia,2025-05-28,1000.0,,,,,
không khớp,33690,NAP0028,Hồ Gia,2025-05-28,2106.0,,,,,
không khớp,33689,CHT0012,Hồ Gia,2025-05-28,2106.0,,,,,
không khớp,33688,THC0112,Đông Tây,2025-05-28,217.0,,,,,
không khớp,33687,NHG3550,NCCKS002,2025-05-28,320.0,,,,,
không khớp,33686,NHG3551,NCCKS002,2025-05-28,130.0,,,,,
không khớp,33685,NHG3553,NCCKS002,2025-05-28,160.0,,,,,
không khớp,33684,NHD2490,NCCKS002,2025-05-28,400.0,,,,,
không khớp,33682,NHG3547,NCCKS002,2025-05-28,322.0,,,,,
không khớp,33683,NHG3552,NCCKS002,2025-05-28,250.0,,,,,
không khớp,33675,NHG3559,Mộc Ấn,2025-05-28,2144.0,,,,,
không khớp,33676,NHG3560,Mộc Ấn,2025-05-28,2144.0,,,,,
không khớp,33677,NTN3528,Tân Đức,2025-05-28,3310.0,,,,,
không khớp,33679,NHG3546,NCCKS002,2025-05-28,250.0,,,,,
không khớp,33680,NHG3549,NCCKS002,2025-05-28,350.0,,,,,
không khớp,33681,NHG3557,NCCKS002,2025-05-28,400.0,,,,,
không khớp,33678,NHG3548,NCCKS002,2025-05-28,550.0,,,,,
không khớp,38046,NLT0072,Hải Bình,2025-05-28,25.0,,,,,
không khớp,38045,NLT0205,Hải Bình,2025-05-28,2.0,,,,,
không khớp,38047,NLT0155,Kết Nông,2025-05-28,2.0,,,,,
không khớp,38044,NLT0049,Hải Bình,2025-05-28,200.0,,,,,
không khớp,38043,NLT0047,Hải Bình,2025-05-28,500.0,,,,,
không khớp,38048,NLT0194,Nam Bình,2025-05-28,840.0,,,,,
không khớp,38049,NLT0060,Ntk,2025-05-28,430.0,,,,,
không khớp,33701,CPT0130,Thành Phát,2025-05-29,2109.0,,,,,
không khớp,33705,NHG2519,NCCKS002,2025-05-29,300.0,,,,,
không khớp,33704,NHG3548,NCCKS002,2025-05-29,530.0,,,,,
không khớp,33703,NHG3546,NCCKS002,2025-05-29,250.0,,,,,
không khớp,33702,NDT3562,NCCKS014,2025-05-29,30.0,,,,,
không khớp,33700,NHG3558,Mộc Ấn,2025-05-29,4875.0,,,,,
không khớp,33699,NDT2728,NCCKS014,2025-05-29,51.0,,,,,
không khớp,33698,NHG3529,Mộc Ấn,2025-05-29,1114.0,,,,,
không khớp,33697,NDT3470,NCCKS014,2025-05-29,51.0,,,,,
không khớp,33696,NDT3469,NCCKS014,2025-05-29,30.0,,,,,
không khớp,33695,NDT3471,NCCKS014,2025-05-29,30.0,,,,,
không khớp,33694,NDT3525,NCCKS014,2025-05-29,51.0,,,,,
không khớp,33693,NTN3471,Tân Đức,2025-05-29,3240.0,,,,,
không khớp,33692,NTN3469,Tân Đức,2025-05-29,3240.0,,,,,
không khớp,33710,NHD3333,Mộc Ấn,2025-05-30,2199.0,,,,,
không khớp,33720,THI0169,Đông Tây,2025-05-30,200.0,,,,,
không khớp,33719,THI0169,Đông Tây,2025-05-30,311.0,,,,,
không khớp,33718,NHD3573,NCCKS002,2025-05-30,400.0,,,,,
không khớp,33717,NHG3563,NCCKS002,2025-05-30,400.0,,,,,
không khớp,33716,NHG3557,NCCKS002,2025-05-30,380.0,,,,,
không khớp,33715,NHG3561,Mộc Ấn,2025-05-30,1085.0,,,,,
không khớp,33714,NHG3550,NCCKS002,2025-05-30,320.0,,,,,
không khớp,33712,NHG3553,NCCKS002,2025-05-30,160.0,,,,,
không khớp,33711,NHG2798,Mộc Ấn,2025-05-30,2239.0,,,,,
không khớp,33706,THC0125,Đông Tây,2025-05-30,116.0,,,,,
không khớp,33709,NHD3470,Mộc Ấn,2025-05-30,2199.0,,,,,
không khớp,33708,THI0169,Đông Tây,2025-05-30,300.0,,,,,
không khớp,33707,THC0192,Đông Tây,2025-05-30,103.0,,,,,
không khớp,33713,NHG3551,NCCKS002,2025-05-30,130.0,,,,,
không khớp,38050,NLT0254,Mạnh Đan,2025-05-30,250.0,,,,,
không khớp,38051,NLT0046,Hải Bình,2025-05-31,45.0,,,,,
không khớp,38052,NLT0225,Hải Bình,2025-05-31,475.0,,,,,
không khớp,33723,NHG3575,Mộc Ấn,2025-05-31,2219.0,,,,,
không khớp,33725,NAP0123,Hns,2025-05-31,2000.0,,,,,
không khớp,33724,CHT0177,Hns,2025-05-31,2000.0,,,,,
không khớp,33722,NTN2728,Tân Đức,2025-05-31,1110.0,,,,,
không khớp,33721,THC0193,Đông Tây,2025-05-31,110.0,,,,,
không khớp,33726,NHD3525,Quang Đạt,2025-06-02,2109.0,,,,,
không khớp,33739,CPT0203,Vinaco,2025-06-02,2000.0,,,,,
không khớp,33738,CHT0138,Hồ Gia,2025-06-02,2178.0,,,,,
không khớp,33737,NHD3580,Trương Gia Phước,2025-06-02,100.0,,,,,
không khớp,33736,NHD3552,Trương Gia Phước,2025-06-02,5.0,,,,,
không khớp,33735,NHD3550,Trương Gia Phước,2025-06-02,5.0,,,,,
không khớp,33734,NHD3551,Trương Gia Phước,2025-06-02,5.0,,,,,
không khớp,33732,NHD3554,Trương Gia Phước,2025-06-02,55.0,,,,,
không khớp,33731,NHD3577,Mộc Ấn,2025-06-02,1124.0,,,,,
không khớp,33730,NHD3562,Mộc Ấn,2025-06-02,1114.0,,,,,
không khớp,33729,NHD3545,Trương Gia Phước,2025-06-02,100.0,,,,,
không khớp,33728,THC0061,Đông Tây,2025-06-02,211.0,,,,,
không khớp,33727,NHD3512,Quang Đạt,2025-06-02,547.0,,,,,
không khớp,33733,NHD3553,Trương Gia Phước,2025-06-02,5.0,,,,,
không khớp,38053,BTPR0077,Mạnh Đan,2025-06-02,250.0,,,,,
không khớp,38054,NLT0005,Mạnh Đan,2025-06-03,75.0,,,,,
không khớp,38055,BTPR0010,Kel,2025-06-03,4.0,,,,,
không khớp,33748,NHG3576,Quang Đạt,2025-06-03,4298.0,,,,,
không khớp,33756,NDT3620,NCCKS014,2025-06-03,30.0,,,,,
không khớp,33755,NDT3577,NCCKS014,2025-06-03,51.0,,,,,
không khớp,33754,NDT2805,NCCKS014,2025-06-03,51.0,,,,,
không khớp,33753,NDT3403,NCCKS014,2025-06-03,51.0,,,,,
không khớp,33752,NAP0092,Thành Phát,2025-06-03,2052.0,,,,,
không khớp,33751,CPT0110,Thành Phát,2025-06-03,2052.0,,,,,
không khớp,33750,NHG3558,Mộc Ấn,2025-06-03,6587.0,,,,,
không khớp,33749,NHG3588,Mộc Ấn,2025-06-03,2239.0,,,,,
không khớp,33747,NHG3582,Mộc Ấn,2025-06-03,2219.0,,,,,
không khớp,33746,NTN3556,Tân Đức,2025-06-03,3160.0,,,,,
không khớp,33745,NTN3579,Tân Đức,2025-06-03,3150.0,,,,,
không khớp,33744,NDT3582,NCCKS014,2025-06-03,51.0,,,,,
không khớp,33743,NHG3581,Mộc Ấn,2025-06-03,1094.0,,,,,
không khớp,33742,NHG3564,Mộc Ấn,2025-06-03,4378.0,,,,,
không khớp,33741,NHG3565,Mộc Ấn,2025-06-03,2244.0,,,,,
không khớp,33740,NHG3566,Mộc Ấn,2025-06-03,1094.0,,,,,
không khớp,33769,NHD3545,Trương Gia Phước,2025-06-04,5.0,,,,,
không khớp,33758,NHG3584,Mộc Ấn,2025-06-04,2229.0,,,,,
không khớp,33768,NHG3557,Trương Gia Phước,2025-06-04,5.0,,,,,
không khớp,33767,NHG3549,Trương Gia Phước,2025-06-04,5.0,,,,,
không khớp,33766,NHG3547,Trương Gia Phước,2025-06-04,5.0,,,,,
không khớp,33765,NHG3546,Trương Gia Phước,2025-06-04,5.0,,,,,
không khớp,33764,NHG3548,Trương Gia Phước,2025-06-04,5.0,,,,,
không khớp,33762,CPT0144,PHL,2025-06-04,2400.0,,,,,
không khớp,33761,NHG3586,Mộc Ấn,2025-06-04,1114.0,,,,,
không khớp,33760,NHG3585,Mộc Ấn,2025-06-04,1114.0,,,,,
không khớp,33759,NHG3601,Mộc Ấn,2025-06-04,2209.0,,,,,
không khớp,33757,NHG3583,Mộc Ấn,2025-06-04,1114.0,,,,,
không khớp,33763,NDT3621,NCCKS014,2025-06-04,51.0,,,,,
không khớp,38058,NLT0223,NCCKS027,2025-06-04,500.0,,,,,
không khớp,33778,NHG3625,Quang Đạt,2025-06-05,4189.0,,,,,
không khớp,33781,NHG3588,Mộc Ấn,2025-06-05,2204.0,,,,,
không khớp,33780,NHG3587,Mộc Ấn,2025-06-05,2204.0,,,,,
không khớp,33779,CAN0005,Phương Nam,2025-06-05,216.0,,,,,
không khớp,33777,NHG3600,Mộc Ấn,2025-06-05,1080.0,,,,,
không khớp,33776,NHG3599,Mộc Ấn,2025-06-05,1080.0,,,,,
không khớp,33774,NHG3596,Mộc Ấn,2025-06-05,1080.0,,,,,
không khớp,33770,NHD3375,Quang Đạt,2025-06-05,1139.0,,,,,
không khớp,33773,NHG3595,Mộc Ấn,2025-06-05,1080.0,,,,,
không khớp,33772,NHG3594,Mộc Ấn,2025-06-05,1080.0,,,,,
không khớp,33771,NTN3268,Tân Đức,2025-06-05,10538.0,,,,,
không khớp,33775,NHG3597,Mộc Ấn,2025-06-05,1080.0,,,,,
không khớp,33784,NHG3409,Mộc Ấn,2025-06-06,1080.0,,,,,
không khớp,33785,NHG3605,Quang Đạt,2025-06-06,2129.0,,,,,
không khớp,33783,NAP0068,Thành Phát,2025-06-06,1008.0,,,,,
không khớp,33782,CHT0223,Thành Phát,2025-06-06,1008.0,,,,,
không khớp,33800,NDT3165,NCCKS014,2025-06-07,51.0,,,,,
không khớp,33799,NDT3589,NCCKS014,2025-06-07,30.0,,,,,
không khớp,33798,NDT3590,NCCKS014,2025-06-07,30.0,,,,,
không khớp,33797,NDT3591,NCCKS014,2025-06-07,30.0,,,,,
không khớp,33796,NDT3603,NCCKS014,2025-06-07,30.0,,,,,
không khớp,33795,NDT3607,NCCKS014,2025-06-07,30.0,,,,,
không khớp,33794,NDT3598,NCCKS014,2025-06-07,51.0,,,,,
không khớp,33792,NDT3467,NCCKS014,2025-06-07,30.0,,,,,
không khớp,33793,NDT3226,NCCKS014,2025-06-07,51.0,,,,,
không khớp,33786,NHG2805,Quang Đạt,2025-06-07,2139.0,,,,,
không khớp,33787,NHG3624,Mộc Ấn,2025-06-07,1119.0,,,,,
không khớp,33788,NHG3524,Mộc Ấn,2025-06-07,1119.0,,,,,
không khớp,33789,NHG3633,Quang Đạt,2025-06-07,2139.0,,,,,
không khớp,33790,NHG3634,Quang Đạt,2025-06-07,2139.0,,,,,
không khớp,33791,NHG3567,Mộc Ấn,2025-06-07,2114.0,,,,,
không khớp,33818,NHG3619,Mộc Ấn,2025-06-09,1224.0,,,,,
không khớp,33817,NHG3597,Mộc Ấn,2025-06-09,1109.0,,,,,
không khớp,33816,NHD3573,Quang Đạt,2025-06-09,2090.0,,,,,
không khớp,33815,NHG3598,Mộc Ấn,2025-06-09,3413.0,,,,,
không khớp,33814,NHG3602,Mộc Ấn,2025-06-09,1090.0,,,,,
không khớp,33813,NHG3606,Mộc Ấn,2025-06-09,1090.0,,,,,
không khớp,33812,NHD3226,Mộc Ấn,2025-06-09,2229.0,,,,,
không khớp,33811,NHG3622,Mộc Ấn,2025-06-09,2204.0,,,,,
không khớp,33810,NHG3618,Mộc Ấn,2025-06-09,1109.0,,,,,
không khớp,33808,NHG3616,Mộc Ấn,2025-06-09,2219.0,,,,,
không khớp,33807,NHG3614,Mộc Ấn,2025-06-09,1109.0,,,,,
không khớp,33806,NHG3613,Mộc Ấn,2025-06-09,2219.0,,,,,
không khớp,33805,NHG3612,Mộc Ấn,2025-06-09,2219.0,,,,,
không khớp,33804,NTN3620,Tân Đức,2025-06-09,3170.0,,,,,
không khớp,33803,THC0081,Đông Tây,2025-06-09,110.0,,,,,
không khớp,33802,NTN3403,Tân Đức,2025-06-09,10452.0,,,,,
không khớp,33801,NHG3604,Mộc Ấn,2025-06-09,1109.0,,,,,
không khớp,33809,NHG3617,Mộc Ấn,2025-06-09,1109.0,,,,,
không khớp,33819,CPV0077,Thành Phát,2025-06-10,2100.0,,,,,
không khớp,33821,NAP0032,PHL,2025-06-10,2800.0,,,,,
không khớp,33820,NAP0060,Thành Phát,2025-06-10,2100.0,,,,,
không khớp,38057,NLT0017,Hải Bình,2025-06-10,300.0,,,,,
không khớp,38056,NLT0015,Hải Bình,2025-06-10,300.0,,,,,
không khớp,33832,NHG3657,Quang Đạt,2025-06-11,4199.0,,,,,
không khớp,33831,NHG3659,Quang Đạt,2025-06-11,6298.0,,,,,
không khớp,33830,NAP0090,Thành Phát,2025-06-11,2075.0,,,,,
không khớp,33829,CPT0078,Thành Phát,2025-06-11,2075.0,,,,,
không khớp,33828,NTN3591,Tân Đức,2025-06-11,3170.0,,,,,
không khớp,33827,NTN3467,Tân Đức,2025-06-11,3160.0,,,,,
không khớp,33825,NTN3590,Tân Đức,2025-06-11,3160.0,,,,,
không khớp,33824,NHD3607,Mộc Ấn,2025-06-11,1099.0,,,,,
không khớp,33823,NHD3589,Mộc Ấn,2025-06-11,1099.0,,,,,
không khớp,33822,NHG3578,Mộc Ấn,2025-06-11,2284.0,,,,,
không khớp,33826,NHD2834,Mộc Ấn,2025-06-11,2209.0,,,,,
không khớp,33839,NHG3553,Mộc Ấn,2025-06-13,1134.0,,,,,
không khớp,33845,HOP3335,Trí Tín,2025-06-13,2095.0,,,,,
không khớp,33844,HOP3051,Trí Tín,2025-06-13,545.0,,,,,
không khớp,33843,NHG3476,Mộc Ấn,2025-06-13,2169.0,,,,,
không khớp,33842,NAP0017,PHL,2025-06-13,5005.0,,,,,
không khớp,33841,CHT0174,PHL,2025-06-13,5005.0,,,,,
không khớp,33840,NHD3641,Quang Đạt,2025-06-13,1134.0,,,,,
không khớp,33838,NHG3552,Mộc Ấn,2025-06-13,2279.0,,,,,
không khớp,33837,THC0078,Đông Tây,2025-06-13,309.0,,,,,
không khớp,33836,NHG3574,Mộc Ấn,2025-06-13,1080.0,,,,,
không khớp,33835,NHD3544,Mộc Ấn,2025-06-13,1214.0,,,,,
không khớp,33834,NHD3543,Mộc Ấn,2025-06-13,1214.0,,,,,
không khớp,33833,NHG3615,Mộc Ấn,2025-06-13,1139.0,,,,,
không khớp,33846,NTN3621,Tân Đức,2025-06-14,1070.0,,,,,
không khớp,33854,NDT3621,NCCKS014,2025-06-14,51.0,,,,,
không khớp,33853,NTN3635,Tân Đức,2025-06-14,1090.0,,,,,
không khớp,33852,NTN3640,Tân Đức,2025-06-14,1080.0,,,,,
không khớp,33851,NTN3639,Tân Đức,2025-06-14,1070.0,,,,,
không khớp,33850,NDT3635,NCCKS014,2025-06-14,51.0,,,,,
không khớp,33849,NDT3640,NCCKS014,2025-06-14,51.0,,,,,
không khớp,33848,NDT3639,NCCKS014,2025-06-14,51.0,,,,,
không khớp,33847,NHG3475,Mộc Ấn,2025-06-14,2209.0,,,,,
không khớp,38059,NLT0059,Hải Bình,2025-06-14,5.0,,,,,
không khớp,38060,NLT0089,Hải Bình,2025-06-14,1.0,,,,,
không khớp,33855,CHT0018,PHL,2025-06-16,2000.0,,,,,
không khớp,33856,NAP0027,PHL,2025-06-16,2000.0,,,,,
không khớp,33857,CPT0091,Thành Phát,2025-06-17,1079.0,,,,,
không khớp,33858,NAP0056,Thành Phát,2025-06-17,1079.0,,,,,
không khớp,33859,NAP0059,Thành Phát,2025-06-17,4050.0,,,,,
không khớp,33860,CPV0076,Thành Phát,2025-06-17,4050.0,,,,,
không khớp,33862,NHD3672,Quang Đạt,2025-06-18,1194.0,,,,,
không khớp,33866,HOP3475,Trí Tín,2025-06-18,1130.0,,,,,
không khớp,33865,NHG3679,NCCKS002,2025-06-18,300.0,,,,,
không khớp,33863,NHD3680,Quang Đạt,2025-06-18,1194.0,,,,,
không khớp,33861,THC0078,Đông Tây,2025-06-18,200.0,,,,,
không khớp,33864,NHG2519,NCCKS002,2025-06-18,300.0,,,,,
không khớp,38061,NLT0015,Hải Bình,2025-06-18,200.0,,,,,
không khớp,38062,NLT0017,Hải Bình,2025-06-18,100.0,,,,,
không khớp,33873,CPV0077,Thành Phát,2025-06-19,2100.0,,,,,
không khớp,33874,NAP0061,Thành Phát,2025-06-19,2100.0,,,,,
không khớp,33872,NAP0056,Thành Phát,2025-06-19,6059.0,,,,,
không khớp,33871,CPT0075,Thành Phát,2025-06-19,6059.0,,,,,
không khớp,33870,NHD3636,Trương Gia Phước,2025-06-19,40.0,,,,,
không khớp,33869,NHD3672,Quang Đạt,2025-06-19,846.0,,,,,
không khớp,33868,NHD3680,Quang Đạt,2025-06-19,846.0,,,,,
không khớp,33867,NHG3656,Quang Đạt,2025-06-19,2129.0,,,,,
không khớp,33875,NTN3593,Tân Đức,2025-06-21,5320.0,,,,,
không khớp,33876,THC0079,Đông Tây,2025-06-21,200.0,,,,,
không khớp,33877,CPT0206,Vinaco,2025-06-21,1000.0,,,,,
không khớp,33878,CHT0057,Phương Nam,2025-06-21,1080.0,,,,,
không khớp,33880,NHG3665,Mộc Ấn,2025-06-23,1094.0,,,,,
không khớp,33886,THC0003,Đông Tây,2025-06-23,200.0,,,,,
không khớp,33885,THC0079,Đông Tây,2025-06-23,310.0,,,,,
không khớp,33884,NHG3690,Mộc Ấn,2025-06-23,1124.0,,,,,
không khớp,33883,NTN3682,Tân Đức,2025-06-23,1110.0,,,,,
không khớp,33882,NTN3681,Tân Đức,2025-06-23,1080.0,,,,,
không khớp,33881,NHG3696,Mộc Ấn,2025-06-23,4418.0,,,,,
không khớp,33879,THC0206,Đông Tây,2025-06-23,110.0,,,,,
không khớp,38063,NLT0015,Hải Bình,2025-06-23,150.0,,,,,
không khớp,38064,NLT0017,Hải Bình,2025-06-23,175.0,,,,,
không khớp,38065,NLT0033,Hải Bình,2025-06-23,175.0,,,,,
không khớp,38066,NLT0059,Hải Bình,2025-06-23,10.0,,,,,
không khớp,38067,NLT0089,Hải Bình,2025-06-23,400.0,,,,,
không khớp,38068,NLT0005,Mạnh Đan,2025-06-24,50.0,,,,,
không khớp,38069,NLT0006,Mạnh Đan,2025-06-24,700.0,,,,,
không khớp,33887,THC0078,Đông Tây,2025-06-24,213.0,,,,,
không khớp,33888,THC0072,Đông Tây,2025-06-24,108.0,,,,,
không khớp,33889,CHT0116,Phương Nam,2025-06-24,3000.0,,,,,
không khớp,33890,NAP0070,Phương Nam,2025-06-24,3000.0,,,,,
không khớp,33891,NHG2310,NCCKS002,2025-06-24,300.0,,,,,
không khớp,33901,NHG2470,NCCKS002,2025-06-25,160.0,,,,,
không khớp,33900,NHG3740,NCCKS002,2025-06-25,1000.0,,,,,
không khớp,33899,NHG3744,NCCKS002,2025-06-25,1000.0,,,,,
không khớp,33898,NHG3741,NCCKS002,2025-06-25,1000.0,,,,,
không khớp,33897,THI0164,Đông Tây,2025-06-25,310.0,,,,,
không khớp,33895,NDT3681,NCCKS014,2025-06-25,51.0,,,,,
không khớp,33896,NDT3636,NCCKS014,2025-06-25,51.0,,,,,
không khớp,33892,NDT3593,NCCKS014,2025-06-25,51.0,,,,,
không khớp,33894,NDT3682,NCCKS014,2025-06-25,51.0,,,,,
không khớp,33893,NDT3638,NCCKS014,2025-06-25,51.0,,,,,
không khớp,38070,NLT0060,Ntk,2025-06-25,215.0,,,,,
không khớp,38071,NLT0256,Basel Thụy Sĩ,2025-06-26,50.0,,,,,
không khớp,33902,CPV0084,Thành Phát,2025-06-26,5100.0,,,,,
không khớp,33903,NAP0060,Thành Phát,2025-06-26,5100.0,,,,,
không khớp,33904,NHG3719,Quang Đạt,2025-06-26,2070.0,,,,,
không khớp,33905,NHG3720,Quang Đạt,2025-06-26,2070.0,,,,,
không khớp,33906,NHG3745,Quang Đạt,2025-06-26,2070.0,,,,,
không khớp,33907,NHG3741,NCCKS002,2025-06-27,1000.0,,,,,
không khớp,33908,NHG3744,NCCKS002,2025-06-27,1000.0,,,,,
không khớp,33909,CPT0214,NCCKS011,2025-06-27,5300.0,,,,,
không khớp,33910,NHD3751,Trương Gia Phước,2025-06-27,80.0,,,,,
không khớp,33911,NHG3673,Quang Đạt,2025-06-27,4159.0,,,,,
không khớp,33917,NHG3744,NCCKS002,2025-06-28,1000.0,,,,,
không khớp,33916,NHG3741,NCCKS002,2025-06-28,1000.0,,,,,
không khớp,33915,NHG3740,NCCKS002,2025-06-28,1000.0,,,,,
không khớp,33913,NHG3740,NCCKS002,2025-06-28,1600.0,,,,,
không khớp,33912,NHG3708,Quang Đạt,2025-06-28,1850.0,,,,,
không khớp,33914,CPT0203,Vinaco,2025-06-28,1000.0,,,,,
không khớp,33918,NHG3749,Mộc Ấn,2025-06-30,6756.0,,,,,
không khớp,33919,NHG3717,NCCKS002,2025-06-30,400.0,,,,,
không khớp,33920,CHT0199,An Tín,2025-06-30,572.0,,,,,
không khớp,33921,CPT0075,Phương Nam,2025-06-30,8064.0,,,,,
không khớp,33922,NAP0056,Phương Nam,2025-06-30,8064.0,,,,,
không khớp,33925,NHG3702,Quang Đạt,2025-07-01,3980.0,,,,,
không khớp,33928,CPT0214,NCCKS011,2025-07-01,1000.0,,,,,
không khớp,33927,NHG3732,Quang Đạt,2025-07-01,1990.0,,,,,
không khớp,33926,NHG3703,Quang Đạt,2025-07-01,3980.0,,,,,
không khớp,33924,NHG3684,Quang Đạt,2025-07-01,3980.0,,,,,
không khớp,33923,NHG3719,Quang Đạt,2025-07-01,1990.0,,,,,
không khớp,33929,NHD3727,Quang Đạt,2025-07-02,1085.0,,,,,
không khớp,33930,NTN3747,Tân Đức,2025-07-02,3330.0,,,,,
không khớp,33931,NHG3673,Quang Đạt,2025-07-02,2090.0,,,,,
không khớp,38073,NLT0017,Hải Bình,2025-07-02,300.0,,,,,
không khớp,38074,NLT0038,Hải Bình,2025-07-02,150.0,,,,,
không khớp,38075,NLT0059,Hải Bình,2025-07-02,20.0,,,,,
không khớp,38072,NLT0015,Hải Bình,2025-07-02,300.0,,,,,
không khớp,38076,NLT0089,Hải Bình,2025-07-02,300.0,,,,,
không khớp,33937,NHG3769,NCCKS002,2025-07-03,400.0,,,,,
không khớp,33936,NHG3790,Mộc Ấn,2025-07-03,6582.0,,,,,
không khớp,33934,NHG3686,NCCKS002,2025-07-03,400.0,,,,,
không khớp,33933,NHG3746,NCCKS002,2025-07-03,100.0,,,,,
không khớp,33932,NHG3465,Mộc Ấn,2025-07-03,1099.0,,,,,
không khớp,33935,NHG3546,NCCKS002,2025-07-03,200.0,,,,,
không khớp,33938,NHG3723,Quang Đạt,2025-07-04,1124.0,,,,,
không khớp,33939,NHG3678,Quang Đạt,2025-07-04,2129.0,,,,,
không khớp,33940,NHG3674,Quang Đạt,2025-07-04,1124.0,,,,,
không khớp,33941,NHD3718,Quang Đạt,2025-07-04,1124.0,,,,,
không khớp,33942,NHG3782,Quang Đạt,2025-07-04,4099.0,,,,,
không khớp,33943,NHD3791,Trương Gia Phước,2025-07-04,80.0,,,,,
không khớp,33944,NHG3772,NCCKS002,2025-07-04,300.0,,,,,
không khớp,38077,BTPR0090,Kel,2025-07-04,275.0,,,,,
không khớp,33946,NHG3745,Quang Đạt,2025-07-05,8477.0,,,,,
không khớp,33952,NHD1828,Mộc Ấn,2025-07-05,2189.0,,,,,
không khớp,33951,NHD1825,Mộc Ấn,2025-07-05,2189.0,,,,,
không khớp,33950,NAP0056,Phương Nam,2025-07-05,4032.0,,,,,
không khớp,33949,CPT0075,Phương Nam,2025-07-05,4032.0,,,,,
không khớp,33948,CPT0157,PHL,2025-07-05,2400.0,,,,,
không khớp,33947,NHG3755,Quang Đạt,2025-07-05,2119.0,,,,,
không khớp,33945,NHG3719,Quang Đạt,2025-07-05,8477.0,,,,,
không khớp,33953,NDT3727,NCCKS014,2025-07-07,27.0,,,,,
không khớp,33961,THC0233,NCCKS010,2025-07-07,40.0,,,,,
không khớp,33960,CHT0171,NCCKS010,2025-07-07,1300.0,,,,,
không khớp,33959,NDT3797,NCCKS014,2025-07-07,30.0,,,,,
không khớp,33958,NDT3701,NCCKS014,2025-07-07,30.0,,,,,
không khớp,33957,NDT3700,NCCKS014,2025-07-07,30.0,,,,,
không khớp,33956,NDT3747,NCCKS014,2025-07-07,30.0,,,,,
không khớp,33955,NDT3703,NCCKS014,2025-07-07,30.0,,,,,
không khớp,33954,NDT3702,NCCKS014,2025-07-07,21.0,,,,,
không khớp,33962,CHT0223,Phương Nam,2025-07-08,1500.0,,,,,
không khớp,33963,NAP0071,Phương Nam,2025-07-08,1000.0,,,,,
không khớp,33964,NAP0063,Phương Nam,2025-07-08,500.0,,,,,
không khớp,33965,NHG3793,Quang Đạt,2025-07-09,1085.0,,,,,
không khớp,33966,NHG3789,Quang Đạt,2025-07-09,2119.0,,,,,
không khớp,33967,NDT3664,NCCKS014,2025-07-09,33.0,,,,,
không khớp,33968,NDT3771,NCCKS014,2025-07-09,15.0,,,,,
không khớp,33969,NDT3787,NCCKS014,2025-07-09,51.0,,,,,
không khớp,33970,NDT3804,NCCKS014,2025-07-09,30.0,,,,,
không khớp,38078,NLT0159,Mạnh Đan,2025-07-09,500.0,,,,,
không khớp,33972,NDT3754,NCCKS014,2025-07-09,51.0,,,,,
không khớp,33973,CHT0177,Hns,2025-07-09,1000.0,,,,,
không khớp,33974,NAP0123,Hns,2025-07-09,1000.0,,,,,
không khớp,33971,NDT3706,NCCKS014,2025-07-09,36.0,,,,,
không khớp,33975,CPT0082,PHL,2025-07-10,2400.0,,,,,
không khớp,33976,NTN3787,Quang Đạt,2025-07-10,2059.0,,,,,
không khớp,33977,NHG3756,NCCKS002,2025-07-10,400.0,,,,,
không khớp,33978,NHG3781,NCCKS002,2025-07-10,400.0,,,,,
không khớp,33979,CNT0034,Minh Ngọc,2025-07-10,600.0,,,,,
không khớp,33980,NHG3548,NCCKS002,2025-07-10,50.0,,,,,
không khớp,33987,NHD3632,NCCKS002,2025-07-11,40.0,,,,,
không khớp,33989,CPT0255,Vinaco,2025-07-11,1000.0,,,,,
không khớp,33988,NHG3772,NCCKS002,2025-07-11,300.0,,,,,
không khớp,33986,NTN3754,Tân Đức,2025-07-11,5220.0,,,,,
không khớp,33985,NHG3753,Quang Đạt,2025-07-11,2060.0,,,,,
không khớp,33984,NHG3784,Mộc Ấn,2025-07-11,1109.0,,,,,
không khớp,33983,NHG3786,Mộc Ấn,2025-07-11,2239.0,,,,,
không khớp,33982,THC0079,Đông Tây,2025-07-11,322.0,,,,,
không khớp,33981,THC0205,Đông Tây,2025-07-11,110.0,,,,,
không khớp,33990,NHD3700,Mộc Ấn,2025-07-12,1139.0,,,,,
không khớp,33991,NHD3771,Quang Đạt,2025-07-12,1124.0,,,,,
không khớp,33992,CHT0212,Phương Nam,2025-07-12,1008.0,,,,,
không khớp,33993,NAP0136,Phương Nam,2025-07-12,1008.0,,,,,
không khớp,33994,CPT0075,Phương Nam,2025-07-12,4032.0,,,,,
không khớp,33995,NAP0056,Phương Nam,2025-07-12,4032.0,,,,,
không khớp,38080,NLT0038,Hải Bình,2025-07-12,200.0,,,,,
không khớp,38081,NLT0084,Hải Bình,2025-07-12,200.0,,,,,
không khớp,34004,NHG3808,Quang Đạt,2025-07-14,2109.0,,,,,
không khớp,34005,NHG3806,Quang Đạt,2025-07-14,2109.0,,,,,
không khớp,34006,NDT3816,NCCKS014,2025-07-14,51.0,,,,,
không khớp,34008,NDT3841,NCCKS014,2025-07-14,12.0,,,,,
không khớp,34009,NDT3788,NCCKS014,2025-07-14,51.0,,,,,
không khớp,34007,NDT3817,NCCKS014,2025-07-14,51.0,,,,,
không khớp,34002,NHG3819,Mộc Ấn,2025-07-14,1099.0,,,,,
không khớp,34001,NHG3726,Mộc Ấn,2025-07-14,1099.0,,,,,
không khớp,34000,NHG3835,Mộc Ấn,2025-07-14,1080.0,,,,,
không khớp,33996,NHD3804,Quang Đạt,2025-07-14,2080.0,,,,,
không khớp,33999,NHG3834,Mộc Ấn,2025-07-14,1080.0,,,,,
không khớp,33998,NHD3797,Quang Đạt,2025-07-14,2129.0,,,,,
không khớp,34003,NHG3820,Quang Đạt,2025-07-14,2109.0,,,,,
không khớp,33997,NHD3701,Quang Đạt,2025-07-14,2129.0,,,,,
không khớp,34014,NHG3836,Quang Đạt,2025-07-15,1184.0,,,,,
không khớp,34021,COC0004,Phương Nam,2025-07-15,4000.0,,,,,
không khớp,34020,NAP0062,Phương Nam,2025-07-15,2000.0,,,,,
không khớp,34019,CHT0059,Phương Nam,2025-07-15,2000.0,,,,,
không khớp,34018,NAP0068,Phương Nam,2025-07-15,1225.0,,,,,
không khớp,34017,CHT0059,Phương Nam,2025-07-15,1225.0,,,,,
không khớp,34016,NHD3811,Trương Gia Phước,2025-07-15,40.0,,,,,
không khớp,34015,NHP3811,Trương Gia Phước,2025-07-15,200.0,,,,,
không khớp,34013,NHG3725,Quang Đạt,2025-07-15,1184.0,,,,,
không khớp,34012,NHG3799,Quang Đạt,2025-07-15,1184.0,,,,,
không khớp,34011,NHG3821,Quang Đạt,2025-07-15,1980.0,,,,,
không khớp,34010,NHG3772,Quang Đạt,2025-07-15,1184.0,,,,,
không khớp,34023,NHG3801,Mộc Ấn,2025-07-16,1119.0,,,,,
không khớp,34028,HOP3792,Trí Tín,2025-07-16,700.0,,,,,
không khớp,34027,NAP0055,Phương Nam,2025-07-16,2016.0,,,,,
không khớp,34025,CPV0176,Thành Phát,2025-07-16,2100.0,,,,,
không khớp,34024,NTN3788,Tân Đức,2025-07-16,5290.0,,,,,
không khớp,34026,CPT0075,Phương Nam,2025-07-16,2016.0,,,,,
không khớp,34022,NHG3676,Quang Đạt,2025-07-16,2070.0,,,,,
không khớp,34029,NHG3707,Quang Đạt,2025-07-17,4239.0,,,,,
không khớp,34030,NTN3823,Âu Việt,2025-07-17,3000.0,,,,,
không khớp,34031,NHG3798,Quang Đạt,2025-07-17,1154.0,,,,,
không khớp,34032,NTN3800,Tân Đức,2025-07-17,1130.0,,,,,
không khớp,34033,CPT0130,Thành Phát,2025-07-17,2109.0,,,,,
không khớp,34034,NTN3664,Tân Đức,2025-07-18,9273.0,,,,,
không khớp,34035,NHG3732,Quang Đạt,2025-07-18,2020.0,,,,,
không khớp,38082,NLT0254,Mạnh Đan,2025-07-18,250.0,,,,,
không khớp,38083,NLT0015,Hải Bình,2025-07-19,200.0,,,,,
không khớp,38084,NLT0017,Hải Bình,2025-07-19,200.0,,,,,
không khớp,38085,NLT0225,Hải Bình,2025-07-19,1.0,,,,,
không khớp,38086,NLT0244,Đệ Nhất,2025-07-19,0.1,,,,,
không khớp,34044,NDT3787,NCCKS014,2025-07-19,60.0,,,,,
không khớp,34049,THC0229,NCCKS010,2025-07-19,30.0,,,,,
không khớp,34048,NAP0107,NCCKS010,2025-07-19,1250.0,,,,,
không khớp,34047,CHT0198,NCCKS010,2025-07-19,1250.0,,,,,
không khớp,34046,THC0233,NCCKS010,2025-07-19,10.0,,,,,
không khớp,34045,CHT0171,NCCKS010,2025-07-19,301.0,,,,,
không khớp,34043,NDT3800,NCCKS014,2025-07-19,15.0,,,,,
không khớp,34042,NAP0080,Phương Nam,2025-07-19,1080.0,,,,,
không khớp,34041,CPV0106,Phương Nam,2025-07-19,1080.0,,,,,
không khớp,34040,NHG3546,Trương Gia Phước,2025-07-19,150.0,,,,,
không khớp,34039,NHD3833,Trương Gia Phước,2025-07-19,100.0,,,,,
không khớp,34038,NHD3815,Quang Đạt,2025-07-19,1154.0,,,,,
không khớp,34036,NHD3841,Quang Đạt,2025-07-19,2080.0,,,,,
không khớp,34037,NHD3814,Quang Đạt,2025-07-19,1154.0,,,,,
không khớp,34053,CPT0189,Vinaco,2025-07-21,800.0,,,,,
không khớp,34056,NAP0150,Vinaco,2025-07-21,1000.0,,,,,
không khớp,34055,CHT0216,Vinaco,2025-07-21,1000.0,,,,,
không khớp,34054,NAP0138,Vinaco,2025-07-21,800.0,,,,,
không khớp,34052,NHG3690,Quang Đạt,2025-07-21,2000.0,,,,,
không khớp,34051,NHG3822,Mộc Ấn,2025-07-21,1094.0,,,,,
không khớp,34050,THC0191,Đông Tây,2025-07-21,507.0,,,,,
không khớp,34059,THC0153,Đông Tây,2025-07-22,205.0,,,,,
không khớp,34068,NHD3863,Trương Gia Phước,2025-07-22,41.0,,,,,
không khớp,34067,NTN3816,Tân Đức,2025-07-22,6050.0,,,,,
không khớp,34066,NHG3710,Quang Đạt,2025-07-22,1095.0,,,,,
không khớp,34065,NHG3709,Quang Đạt,2025-07-22,2080.0,,,,,
không khớp,34064,THI0164,Đông Tây,2025-07-22,313.0,,,,,
không khớp,34063,NAP0127,An Tín,2025-07-22,1000.0,,,,,
không khớp,34062,NAP0126,An Tín,2025-07-22,400.0,,,,,
không khớp,34061,NAP0131,An Tín,2025-07-22,1000.0,,,,,
không khớp,34060,THI0166,Đông Tây,2025-07-22,299.0,,,,,
không khớp,34058,NTN3817,Tân Đức,2025-07-22,18060.0,,,,,
không khớp,34057,NTN3706,Tân Đức,2025-07-22,9000.0,,,,,
không khớp,38087,BTPR0010,Gemsky,2025-07-22,3.0,,,,,
không khớp,34079,NAP0060,Thành Phát,2025-07-23,2100.0,,,,,
không khớp,34082,NDT3879,NCCKS014,2025-07-23,30.0,,,,,
không khớp,34081,NDT3222,NCCKS014,2025-07-23,30.0,,,,,
không khớp,34080,HOP3311,Trí Tín,2025-07-23,1040.0,,,,,
không khớp,34078,CPV0077,Thành Phát,2025-07-23,2100.0,,,,,
không khớp,34077,NDT3842,NCCKS014,2025-07-23,51.0,,,,,
không khớp,34075,NDT3736,NCCKS014,2025-07-23,51.0,,,,,
không khớp,34074,NDT3854,NCCKS014,2025-07-23,51.0,,,,,
không khớp,34069,NHD3603,Mộc Ấn,2025-07-23,1075.0,,,,,
không khớp,34073,NDT3734,NCCKS014,2025-07-23,30.0,,,,,
không khớp,34072,NHG3733,Quang Đạt,2025-07-23,2099.0,,,,,
không khớp,34071,NDT3859,NCCKS014,2025-07-23,51.0,,,,,
không khớp,34070,NDT3750,NCCKS014,2025-07-23,51.0,,,,,
không khớp,34076,NDT3737,NCCKS014,2025-07-23,30.0,,,,,
không khớp,34093,NHG3877,Trương Gia Phước,2025-07-24,200.0,,,,,
không khớp,34095,NHG3857,Trương Gia Phước,2025-07-24,400.0,,,,,
không khớp,34094,NHG3871,Trương Gia Phước,2025-07-24,400.0,,,,,
không khớp,34096,CHT0116,Phương Nam,2025-07-24,2025.0,,,,,
không khớp,34097,NAP0070,Phương Nam,2025-07-24,2025.0,,,,,
không khớp,34098,CHT0212,Phương Nam,2025-07-24,1008.0,,,,,
không khớp,34099,NAP0136,Phương Nam,2025-07-24,1008.0,,,,,
không khớp,34100,NHG3790,Hns,2025-07-24,4000.0,,,,,
không khớp,34101,NHG3790,Hns,2025-07-24,2350.0,,,,,
không khớp,34091,NHG3868,Quang Đạt,2025-07-24,2090.0,,,,,
không khớp,34090,NHG3790,Mộc Ấn,2025-07-24,5169.0,,,,,
không khớp,34089,NHG3770,Trương Gia Phước,2025-07-24,1000.0,,,,,
không khớp,34088,NHD3859,Trương Gia Phước,2025-07-24,100.0,,,,,
không khớp,34087,NTN3854,Tân Đức,2025-07-24,3090.0,,,,,
không khớp,34086,NHG3750,Mộc Ấn,2025-07-24,1025.0,,,,,
không khớp,34085,THC0075,Đông Tây,2025-07-24,110.0,,,,,
không khớp,34084,NHG3845,Mộc Ấn,2025-07-24,3264.0,,,,,
không khớp,34083,THC0223,Đông Tây,2025-07-24,104.0,,,,,
không khớp,34092,NHD3842,Trương Gia Phước,2025-07-24,140.0,,,,,
không khớp,34104,CHT0018,PHL,2025-07-25,2400.0,,,,,
không khớp,34110,NHG3846,Quang Đạt,2025-07-25,1124.0,,,,,
không khớp,34109,NAP0015,PHL,2025-07-25,5000.0,,,,,
không khớp,34108,CHT0027,PHL,2025-07-25,5000.0,,,,,
không khớp,34107,COC0007,PHL,2025-07-25,2400.0,,,,,
không khớp,34106,NHD3881,Mộc Ấn,2025-07-25,2229.0,,,,,
không khớp,34105,NAP0027,PHL,2025-07-25,2400.0,,,,,
không khớp,34103,NHG3735,Quang Đạt,2025-07-25,1124.0,,,,,
không khớp,34102,NHG3824,Quang Đạt,2025-07-25,1124.0,,,,,
không khớp,38088,NLT0015,Hải Bình,2025-07-25,500.0,,,,,
không khớp,38091,NLT0089,Hải Bình,2025-07-25,300.0,,,,,
không khớp,38089,NLT0017,Hải Bình,2025-07-25,400.0,,,,,
không khớp,38090,NLT0028,Hải Bình,2025-07-25,300.0,,,,,
không khớp,38093,NLT0017,Hải Bình,2025-07-26,1.0,,,,,
không khớp,38092,NLT0015,Hải Bình,2025-07-26,1.0,,,,,
không khớp,34118,CHT0022,Hồ Gia,2025-07-26,1050.0,,,,,
không khớp,34119,NAP0028,Hồ Gia,2025-07-26,1050.0,,,,,
không khớp,34120,CHT0023,Hồ Gia,2025-07-26,1134.0,,,,,
không khớp,34121,NAP0029,Hồ Gia,2025-07-26,1134.0,,,,,
không khớp,34122,HOP3335,Trí Tín,2025-07-26,5180.0,,,,,
không khớp,34113,NTN3734,Tân Đức,2025-07-26,3110.0,,,,,
không khớp,34116,NHG3860,Mộc Ấn,2025-07-26,2219.0,,,,,
không khớp,34115,NTN3737,Tân Đức,2025-07-26,3110.0,,,,,
không khớp,34114,NTN3736,Tân Đức,2025-07-26,3150.0,,,,,
không khớp,34111,THC0078,Đông Tây,2025-07-26,208.0,,,,,
không khớp,34117,NHG3884,Mộc Ấn,2025-07-26,1099.0,,,,,
không khớp,34112,THC0004,Đông Tây,2025-07-26,102.0,,,,,
không khớp,38095,NLT0089,Hải Bình,2025-07-26,2.0,,,,,
không khớp,38096,NLT0205,Hải Bình,2025-07-26,2.0,,,,,
không khớp,38097,NLT0194,Nam Bình,2025-07-26,840.0,,,,,
không khớp,38098,NLT0060,Ntk,2025-07-26,430.0,,,,,
không khớp,38094,NLT0028,Hải Bình,2025-07-26,1.0,,,,,
không khớp,38099,NLT0254,Mạnh Đan,2025-07-28,250.0,,,,,
không khớp,38100,NLT0016,Đắc Khang,2025-07-28,1.0,,,,,
không khớp,34130,NHG3909,Quang Đạt,2025-07-28,2030.0,,,,,
không khớp,34136,NHD3658,Trương Gia Phước,2025-07-28,210.0,,,,,
không khớp,34135,NAP0131,An Tín,2025-07-28,1045.0,,,,,
không khớp,34134,NAP0126,An Tín,2025-07-28,1045.0,,,,,
không khớp,34133,CHV0194,An Tín,2025-07-28,2090.0,,,,,
không khớp,34132,NHG3899,Quang Đạt,2025-07-28,2030.0,,,,,
không khớp,34131,NHG3809,Quang Đạt,2025-07-28,2030.0,,,,,
không khớp,34129,THC0157,Đông Tây,2025-07-28,50.0,,,,,
không khớp,34128,NHP3909,NCCKS002,2025-07-28,250.0,,,,,
không khớp,34127,NDT3909,NCCKS002,2025-07-28,50.0,,,,,
không khớp,34126,NHG3862,Trương Gia Phước,2025-07-28,105.0,,,,,
không khớp,34125,NHG3732,Quang Đạt,2025-07-28,4060.0,,,,,
không khớp,34124,NHG3843,Quang Đạt,2025-07-28,2139.0,,,,,
không khớp,34123,THI0224,Đông Tây,2025-07-28,200.0,,,,,
không khớp,34140,NAP0070,Phương Nam,2025-07-29,525.0,,,,,
không khớp,34144,NAP0070,Phương Nam,2025-07-29,4050.0,,,,,
không khớp,34143,CHT0116,Phương Nam,2025-07-29,4050.0,,,,,
không khớp,34142,NAP0063,Phương Nam,2025-07-29,525.0,,,,,
không khớp,34139,CHT0116,Phương Nam,2025-07-29,525.0,,,,,
không khớp,34138,LON0002,Thành Phát,2025-07-29,1000.0,,,,,
không khớp,34137,NTN3697,Tân Đức,2025-07-29,1100.0,,,,,
không khớp,34141,CHT0079,Phương Nam,2025-07-29,525.0,,,,,
không khớp,34174,NDT3777,NCCKS014,2025-07-30,30.0,,,,,
không khớp,34164,HOP3897,Trí Tín,2025-07-30,1075.0,,,,,
không khớp,34165,HOP3898,Trí Tín,2025-07-30,1085.0,,,,,
không khớp,34166,NDT3895,NCCKS014,2025-07-30,51.0,,,,,
không khớp,34167,NDT3896,NCCKS014,2025-07-30,51.0,,,,,
không khớp,34168,NDT3892,NCCKS014,2025-07-30,102.0,,,,,
không khớp,34169,NDT3911,NCCKS014,2025-07-30,51.0,,,,,
không khớp,34170,CPT0075,Phương Nam,2025-07-30,4032.0,,,,,
không khớp,34171,NAP0056,Phương Nam,2025-07-30,4032.0,,,,,
không khớp,34172,CPV0076,Phương Nam,2025-07-30,2080.0,,,,,
không khớp,34173,NAP0060,Phương Nam,2025-07-30,2080.0,,,,,
không khớp,34175,NDT3883,NCCKS014,2025-07-30,30.0,,,,,
không khớp,34176,NDT3913,NCCKS014,2025-07-30,30.0,,,,,
không khớp,34177,NDT3914,NCCKS014,2025-07-30,30.0,,,,,
không khớp,34178,NDT3818,NCCKS014,2025-07-30,15.0,,,,,
không khớp,34179,NDT3912,NCCKS014,2025-07-30,21.0,,,,,
không khớp,34153,NAP0148,PHL,2025-07-30,2160.0,,,,,
không khớp,34162,NDT3866,NCCKS014,2025-07-30,30.0,,,,,
không khớp,34145,CHT0174,PHL,2025-07-30,5005.0,,,,,
không khớp,34146,NAP0017,PHL,2025-07-30,5005.0,,,,,
không khớp,34147,THI0224,Đông Tây,2025-07-30,302.0,,,,,
không khớp,34148,CHT0031,PHL,2025-07-30,5005.0,,,,,
không khớp,34149,NAP0016,PHL,2025-07-30,5005.0,,,,,
không khớp,34150,CHT0032,PHL,2025-07-30,8008.0,,,,,
không khớp,34151,NAP0018,PHL,2025-07-30,8008.0,,,,,
không khớp,34152,CHT0224,PHL,2025-07-30,2160.0,,,,,
không khớp,34154,COC0010,PHL,2025-07-30,2160.0,,,,,
không khớp,34155,THC0086,Đông Tây,2025-07-30,216.0,,,,,
không khớp,34156,CNT0033,Minh Ngọc,2025-07-30,1800.0,,,,,
không khớp,34157,THC0080,Đông Tây,2025-07-30,109.0,,,,,
không khớp,34158,THC0080,Đông Tây,2025-07-30,200.0,,,,,
không khớp,34159,CNT0071,Minh Ngọc,2025-07-30,450.0,,,,,
không khớp,34160,NTN3866,Tân Đức,2025-07-30,10340.0,,,,,
không khớp,34161,NDT3697,NCCKS014,2025-07-30,51.0,,,,,
không khớp,34163,NTN3892,Tân Đức,2025-07-30,6300.0,,,,,
không khớp,38107,NLT0154,Amigos,2025-07-30,500.0,,,,,
không khớp,38132,NLT0253,Thịnh Phát Vi Na,2025-07-30,1.0,,,,,
không khớp,38106,NLT0172,Ntk,2025-07-30,25.0,,,,,
không khớp,38105,NLT0245,Svc,2025-07-30,400.0,,,,,
không khớp,38104,NLT0258,Hải Bình,2025-07-30,60.0,,,,,
không khớp,38103,NLT0089,Hải Bình,2025-07-30,3.0,,,,,
không khớp,38102,NLT0059,Hải Bình,2025-07-30,50.0,,,,,
không khớp,38101,NLT0047,Hải Bình,2025-07-30,350.0,,,,,
không khớp,38123,NLT0244,Đệ Nhất,2025-07-31,0.1,,,,,
không khớp,38131,NLT0198,Vĩnh Nam Anh,2025-07-31,50.0,,,,,
không khớp,38130,NLT0173,Vĩnh Nam Anh,2025-07-31,200.0,,,,,
không khớp,38129,NLT0204,Vĩnh Nam Anh,2025-07-31,150.0,,,,,
không khớp,38128,NLT0093,Vĩnh Nam Anh,2025-07-31,340.0,,,,,
không khớp,38127,NLT0060,Vĩnh Nam Anh,2025-07-31,860.0,,,,,
không khớp,38126,NLT0022,Vĩnh Nam Anh,2025-07-31,500.0,,,,,
không khớp,38125,NLT0171,Ntk,2025-07-31,225.0,,,,,
không khớp,38124,NLT0194,Nam Bình,2025-07-31,1.05,,,,,
không khớp,38122,NLT0044,Du Bai,2025-07-31,600.0,,,,,
không khớp,38120,NLT0205,Hải Bình,2025-07-31,4.6,,,,,
không khớp,38121,NLT0225,Hải Bình,2025-07-31,200.0,,,,,
không khớp,38109,NLT0016,Hải Bình,2025-07-31,1.5,,,,,
không khớp,38110,NLT0025,Hải Bình,2025-07-31,600.0,,,,,
không khớp,38111,NLT0028,Hải Bình,2025-07-31,1.5,,,,,
không khớp,38112,NLT0033,Hải Bình,2025-07-31,400.0,,,,,
không khớp,38113,NLT0038,Hải Bình,2025-07-31,300.0,,,,,
không khớp,38114,NLT0039,Hải Bình,2025-07-31,800.0,,,,,
không khớp,38115,NLT0048,Hải Bình,2025-07-31,100.0,,,,,
không khớp,38116,NLT0050,Hải Bình,2025-07-31,150.0,,,,,
không khớp,38117,NLT0076,Hải Bình,2025-07-31,2.0,,,,,
không khớp,38118,NLT0084,Hải Bình,2025-07-31,500.0,,,,,
không khớp,38119,NLT0101,Hải Bình,2025-07-31,125.0,,,,,
không khớp,38108,NLT0011,Hải Bình,2025-07-31,150.0,,,,,
không khớp,34190,NHG3876,Quang Đạt,2025-07-31,2209.0,,,,,
không khớp,34191,NHG3850,Quang Đạt,2025-07-31,1104.0,,,,,
không khớp,34192,NHG3851,Quang Đạt,2025-07-31,1104.0,,,,,
không khớp,34193,CHT0025,PHL,2025-07-31,8000.0,,,,,
không khớp,34194,NAP0017,PHL,2025-07-31,8000.0,,,,,
không khớp,34195,CHT0084,Thành Phát,2025-07-31,1008.0,,,,,
không khớp,34196,NAP0116,Thành Phát,2025-07-31,1008.0,,,,,
không khớp,34186,NHG3893,Quang Đạt,2025-07-31,1104.0,,,,,
không khớp,34188,NHG3778,Quang Đạt,2025-07-31,1104.0,,,,,
không khớp,34187,NHG3882,Quang Đạt,2025-07-31,1104.0,,,,,
không khớp,34185,NHG3790,Mộc Ấn,2025-07-31,6477.0,,,,,
không khớp,34184,NHG3658,Mộc Ấn,2025-07-31,2139.0,,,,,
không khớp,34183,NAP0017,PHL,2025-07-31,5005.0,,,,,
không khớp,34182,CHT0174,PHL,2025-07-31,5005.0,,,,,
không khớp,34181,NTN3896,Tân Đức,2025-07-31,1080.0,,,,,
không khớp,34180,NTN3895,Tân Đức,2025-07-31,5410.0,,,,,
không khớp,34189,NHG3878,Quang Đạt,2025-07-31,1104.0,,,,,
không khớp,34206,NHG3779,Quang Đạt,2025-08-01,2090.0,,,,,
không khớp,34212,NAP0070,Phương Nam,2025-08-01,5025.0,,,,,
không khớp,34211,CHT0116,Phương Nam,2025-08-01,5025.0,,,,,
không khớp,34210,NAP0138,Vinaco,2025-08-01,1200.0,,,,,
không khớp,34209,CPT0189,Vinaco,2025-08-01,1200.0,,,,,
không khớp,34208,NHD3904,Trương Gia Phước,2025-08-01,20.0,,,,,
không khớp,34207,NHG3309,Quang Đạt,2025-08-01,2090.0,,,,,
không khớp,34205,NHG3910,Quang Đạt,2025-08-01,4219.0,,,,,
không khớp,34204,NHG3889,Trương Gia Phước,2025-08-01,260.0,,,,,
không khớp,34203,NHG3865,Mộc Ấn,2025-08-01,1114.0,,,,,
không khớp,34202,NHG3683,NCCKS002,2025-08-01,140.0,,,,,
không khớp,34201,NHG3884,Quang Đạt,2025-08-01,2090.0,,,,,
không khớp,34200,NTN3873,Tân Đức,2025-08-01,2140.0,,,,,
không khớp,34199,NTN3844,Tân Đức,2025-08-01,5020.0,,,,,
không khớp,34198,NHD3911,Quang Đạt,2025-08-01,2149.0,,,,,
không khớp,34213,NHG3887,Mộc Ấn,2025-08-02,4408.0,,,,,
không khớp,34214,NHG3888,Mộc Ấn,2025-08-02,5313.0,,,,,
không khớp,34215,CAN0003,Hns,2025-08-02,120.0,,,,,
không khớp,34224,NHG3897,Quang Đạt,2025-08-04,2080.0,,,,,
không khớp,34225,NHG3898,Quang Đạt,2025-08-04,2080.0,,,,,
không khớp,34226,NHG3085,Mộc Ấn,2025-08-04,4328.0,,,,,
không khớp,34227,CHT0079,Thành Phát,2025-08-04,1008.0,,,,,
không khớp,34228,NAP0066,Thành Phát,2025-08-04,1008.0,,,,,
không khớp,34229,NDT3932,NCCKS014,2025-08-04,51.0,,,,,
không khớp,34230,NDT3873,NCCKS014,2025-08-04,51.0,,,,,
không khớp,34222,NDT3858,NCCKS014,2025-08-04,51.0,,,,,
không khớp,34221,NTN3914,Tân Đức,2025-08-04,3110.0,,,,,
không khớp,34220,NTN3913,Tân Đức,2025-08-04,3110.0,,,,,
không khớp,34219,NHD3777,Quang Đạt,2025-08-04,1124.0,,,,,
không khớp,34218,NHD3883,Quang Đạt,2025-08-04,1124.0,,,,,
không khớp,34217,NHD3879,Quang Đạt,2025-08-04,1124.0,,,,,
không khớp,34216,THC0083,Đông Tây,2025-08-04,104.0,,,,,
không khớp,34223,NDT3918,NCCKS014,2025-08-04,30.0,,,,,
không khớp,34239,THC0079,Niềm Tin Việt,2025-08-05,94.0,,,,,
không khớp,34244,NAP0067,Phương Nam,2025-08-05,108.0,,,,,
không khớp,34243,CAN0005,Phương Nam,2025-08-05,108.0,,,,,
không khớp,34242,COC0004,Phương Nam,2025-08-05,2160.0,,,,,
không khớp,34241,NAP0144,Phương Nam,2025-08-05,2160.0,,,,,
không khớp,34240,CHT0057,Phương Nam,2025-08-05,2160.0,,,,,
không khớp,34238,NHG3919,Quang Đạt,2025-08-05,1134.0,,,,,
không khớp,34236,NHG3900,Quang Đạt,2025-08-05,1134.0,,,,,
không khớp,34235,NHG3887,Mộc Ấn,2025-08-05,1099.0,,,,,
không khớp,34234,THI0190,Đông Tây,2025-08-05,210.0,,,,,
không khớp,34233,THC0146,Đông Tây,2025-08-05,318.0,,,,,
không khớp,34232,THC0061,Đông Tây,2025-08-05,200.0,,,,,
không khớp,34231,THC0078,Đông Tây,2025-08-05,515.0,,,,,
không khớp,34237,THC0061,Đông Tây,2025-08-05,115.0,,,,,
không khớp,34877,CPT0203,Vinaco,2025-08-05,1000.0,,,,,
không khớp,34256,NHG3767,Mộc Ấn,2025-08-06,4592.0,,,,,
không khớp,34257,NHG3776,Trương Gia Phước,2025-08-06,420.0,,,,,
không khớp,34258,NHD3932,Trương Gia Phước,2025-08-06,200.0,,,,,
không khớp,34259,NHG3877,Trương Gia Phước,2025-08-06,90.0,,,,,
không khớp,34260,NHG3244,Trương Gia Phước,2025-08-06,420.0,,,,,
không khớp,34261,NHG3472,Trương Gia Phước,2025-08-06,400.0,,,,,
không khớp,34262,COC0007,PHL,2025-08-06,2400.0,,,,,
không khớp,34263,CHT0225,PHL,2025-08-06,2160.0,,,,,
không khớp,34264,NAP0149,PHL,2025-08-06,2160.0,,,,,
không khớp,34265,NHG3768,Mộc Ấn,2025-08-06,4438.0,,,,,
không khớp,34254,NHG3764,Mộc Ấn,2025-08-06,2219.0,,,,,
không khớp,34255,NHG3765,Mộc Ấn,2025-08-06,3438.0,,,,,
không khớp,34245,NHG3934,Quang Đạt,2025-08-06,2139.0,,,,,
không khớp,34246,THC0177,Đông Tây,2025-08-06,109.0,,,,,
không khớp,34247,CHT0018,PHL,2025-08-06,2400.0,,,,,
không khớp,34248,NAP0027,PHL,2025-08-06,2400.0,,,,,
không khớp,34250,NHG3759,Mộc Ấn,2025-08-06,4438.0,,,,,
không khớp,34251,NHG3760,Mộc Ấn,2025-08-06,3438.0,,,,,
không khớp,34252,NHG3761,Mộc Ấn,2025-08-06,2288.0,,,,,
không khớp,34253,NHG3762,Mộc Ấn,2025-08-06,2219.0,,,,,
không khớp,34249,NHG3786,Mộc Ấn,2025-08-06,1085.0,,,,,
không khớp,34266,NTN3858,Tân Đức,2025-08-07,1100.0,,,,,
không khớp,34267,NTN3918,Tân Đức,2025-08-07,6250.0,,,,,
không khớp,34268,NHG3937,Quang Đạt,2025-08-07,4279.0,,,,,
không khớp,34276,NAP0070,Phương Nam,2025-08-08,5025.0,,,,,
không khớp,34280,COC0004,Phương Nam,2025-08-08,2000.0,,,,,
không khớp,34279,COC0004,Phương Nam,2025-08-08,1008.0,,,,,
không khớp,34278,NAP0144,Phương Nam,2025-08-08,1008.0,,,,,
không khớp,34277,CHT0058,Phương Nam,2025-08-08,1008.0,,,,,
không khớp,34275,CHT0116,Phương Nam,2025-08-08,5025.0,,,,,
không khớp,34273,CHT0226,Phương Nam,2025-08-08,3024.0,,,,,
không khớp,34272,NAP0068,Phương Nam,2025-08-08,2025.0,,,,,
không khớp,34271,CHT0084,Phương Nam,2025-08-08,2025.0,,,,,
không khớp,34270,NHG3905,Quang Đạt,2025-08-08,8438.0,,,,,
không khớp,34269,THC0004,Đông Tây,2025-08-08,100.0,,,,,
không khớp,34274,NAP0150,Phương Nam,2025-08-08,3024.0,,,,,
không khớp,38141,NLT0042,Khả Doanh,2025-08-08,420.0,,,,,
không khớp,38140,NLT0172,Ntk,2025-08-08,100.0,,,,,
không khớp,38137,BTPR0073,Basel Thụy Sĩ,2025-08-08,500.0,,,,,
không khớp,38139,NLT0048,Hải Bình,2025-08-08,300.0,,,,,
không khớp,38138,NLT0038,Kết Nông,2025-08-08,200.0,,,,,
không khớp,38136,BTPR0057,Basel Thụy Sĩ,2025-08-08,270.0,,,,,
không khớp,34302,NHG3956,Cẩm Hùng,2025-08-09,440.0,,,,,
không khớp,34293,NDT2395,NCCKS014,2025-08-09,21.0,,,,,
không khớp,34294,NHG3940,Quang Đạt,2025-08-09,4080.0,,,,,
không khớp,34295,NHG3953,Quang Đạt,2025-08-09,2139.0,,,,,
không khớp,34296,NHG3956,Quang Đạt,2025-08-09,2139.0,,,,,
không khớp,34298,THC0078,Đông Tây,2025-08-09,502.0,,,,,
không khớp,34299,NAP0061,Phương Nam,2025-08-09,4080.0,,,,,
không khớp,34300,NAP0060,Phương Nam,2025-08-09,2000.0,,,,,
không khớp,34301,NHG3218,Cẩm Hùng,2025-08-09,420.0,,,,,
không khớp,34303,CPV0077,Phương Nam,2025-08-09,6080.0,,,,,
không khớp,34297,NHG3128,Quang Đạt,2025-08-09,2139.0,,,,,
không khớp,34291,NDT3623,NCCKS014,2025-08-09,51.0,,,,,
không khớp,34292,NDT3234,NCCKS014,2025-08-09,21.0,,,,,
không khớp,34282,THC0079,Đông Tây,2025-08-09,210.0,,,,,
không khớp,34283,NHG3894,Quang Đạt,2025-08-09,4259.0,,,,,
không khớp,34284,NHG3922,Quang Đạt,2025-08-09,2090.0,,,,,
không khớp,34285,NDT3943,NCCKS014,2025-08-09,30.0,,,,,
không khớp,34286,NDT3949,NCCKS014,2025-08-09,51.0,,,,,
không khớp,34287,NDT3939,NCCKS014,2025-08-09,51.0,,,,,
không khớp,34281,THC0004,Đông Tây,2025-08-09,299.0,,,,,
không khớp,34288,NDT2469,NCCKS014,2025-08-09,102.0,,,,,
không khớp,34289,NDT3938,NCCKS014,2025-08-09,21.0,,,,,
không khớp,34290,NDT3573,NCCKS014,2025-08-09,51.0,,,,,
không khớp,34313,CPT0203,Vinaco,2025-08-11,1000.0,,,,,
không khớp,34312,NAP0144,Thành Phát,2025-08-11,2075.0,,,,,
không khớp,34311,CHT0097,Thành Phát,2025-08-11,2075.0,,,,,
không khớp,34310,NAP0029,Hồ Gia,2025-08-11,2106.0,,,,,
không khớp,34309,CHT0023,Hồ Gia,2025-08-11,2106.0,,,,,
không khớp,34307,NTN3949,Tân Đức,2025-08-11,5220.0,,,,,
không khớp,34306,NHD3939,Quang Đạt,2025-08-11,2269.0,,,,,
không khớp,34305,NHG3946,Mộc Ấn,2025-08-11,1090.0,,,,,
không khớp,34304,HOP3937,Trí Tín,2025-08-11,3325.0,,,,,
không khớp,34308,NHG3497,Trương Gia Phước,2025-08-11,20.0,,,,,
không khớp,38153,NLT0033,Hải Bình,2025-08-11,400.0,,,,,
không khớp,34321,NAP0129,Hns,2025-08-12,120.0,,,,,
không khớp,34328,NHD3932,Cẩm Hùng,2025-08-12,200.0,,,,,
không khớp,34327,NAP0130,Phương Nam,2025-08-12,108.0,,,,,
không khớp,34326,CAN0006,Phương Nam,2025-08-12,108.0,,,,,
không khớp,34325,COC0007,Vinaco,2025-08-12,500.0,,,,,
không khớp,34324,CPT0066,Vinaco,2025-08-12,500.0,,,,,
không khớp,34323,NAP0150,Vinaco,2025-08-12,600.0,,,,,
không khớp,34322,CHT0216,Vinaco,2025-08-12,600.0,,,,,
không khớp,34320,CAN0005,Hns,2025-08-12,120.0,,,,,
không khớp,34319,NHG3550,Cẩm Hùng,2025-08-12,220.0,,,,,
không khớp,34318,NHG3889,Cẩm Hùng,2025-08-12,2000.0,,,,,
không khớp,34317,THC0078,Đông Tây,2025-08-12,309.0,,,,,
không khớp,34316,HOP3939,Quang Đạt,2025-08-12,2129.0,,,,,
không khớp,34315,THI0210,Đông Tây,2025-08-12,206.0,,,,,
không khớp,34314,THI0224,Đông Tây,2025-08-12,207.0,,,,,
không khớp,34338,NHD3932,Cẩm Hùng,2025-08-13,200.0,,,,,
không khớp,34337,NHG3904,Cẩm Hùng,2025-08-13,20.0,,,,,
không khớp,34331,NHG3897,Mộc Ấn,2025-08-13,1114.0,,,,,
không khớp,34336,NHG3973,Quang Đạt,2025-08-13,4099.0,,,,,
không khớp,34335,HOP2970,Quang Đạt,2025-08-13,995.0,,,,,
không khớp,34333,NHG3623,Quang Đạt,2025-08-13,2040.0,,,,,
không khớp,34332,NTN3938,Tân Đức,2025-08-13,5170.0,,,,,
không khớp,34330,NTN3818,Tân Đức,2025-08-13,10526.0,,,,,
không khớp,34329,NTN3912,Tân Đức,2025-08-13,10178.0,,,,,
không khớp,34334,NHG3936,Quang Đạt,2025-08-13,2050.0,,,,,
không khớp,34339,NHG3860,Mộc Ấn,2025-08-14,2199.0,,,,,
không khớp,34340,NHG3933,Mộc Ấn,2025-08-14,2249.0,,,,,
không khớp,34341,NHG3924,Mộc Ấn,2025-08-14,2249.0,,,,,
không khớp,34342,NHG3923,Mộc Ấn,2025-08-14,1124.0,,,,,
không khớp,34343,CNT0034,Minh Ngọc,2025-08-14,800.0,,,,,
không khớp,34344,NHG3790,Mộc Ấn,2025-08-14,1124.0,,,,,
không khớp,34345,THC0233,NCCKS010,2025-08-14,30.0,,,,,
không khớp,34346,CHT0171,NCCKS010,2025-08-14,484.0,,,,,
không khớp,38142,BTPR0072,Basel Thụy Sĩ,2025-08-14,650.0,,,,,
không khớp,34347,NTN3943,Tân Đức,2025-08-15,3190.0,,,,,
không khớp,34352,THC0092,Đông Tây,2025-08-15,210.0,,,,,
không khớp,34351,NAP0032,PHL,2025-08-15,8000.0,,,,,
không khớp,34350,CET0028,PHL,2025-08-15,8000.0,,,,,
không khớp,34349,NHG3952,Quang Đạt,2025-08-15,2129.0,,,,,
không khớp,34348,THC0238,Đông Tây,2025-08-15,105.0,,,,,
không khớp,34369,THI0224,Đông Tây,2025-08-16,300.0,,,,,
không khớp,34368,NHG3965,Cẩm Hùng,2025-08-16,220.0,,,,,
không khớp,34367,NHD3948,Cẩm Hùng,2025-08-16,12.0,,,,,
không khớp,34366,NHD3960,Cẩm Hùng,2025-08-16,40.0,,,,,
không khớp,34365,NHG3951,Cẩm Hùng,2025-08-16,160.0,,,,,
không khớp,34364,NHG3962,Cẩm Hùng,2025-08-16,160.0,,,,,
không khớp,34363,NHG3981,Quang Đạt,2025-08-16,2090.0,,,,,
không khớp,34362,NAP0058,Thành Phát,2025-08-16,1260.0,,,,,
không khớp,34360,NAP0092,Thành Phát,2025-08-16,2052.0,,,,,
không khớp,34359,CPT0110,Thành Phát,2025-08-16,2052.0,,,,,
không khớp,34358,NHG3848,Quang Đạt,2025-08-16,2119.0,,,,,
không khớp,34357,NHG3969,Mộc Ấn,2025-08-16,1119.0,,,,,
không khớp,34356,NHG3963,Quang Đạt,2025-08-16,2090.0,,,,,
không khớp,34355,NHG3941,Quang Đạt,2025-08-16,2090.0,,,,,
không khớp,34354,NHG3849,Quang Đạt,2025-08-16,2090.0,,,,,
không khớp,34353,NHG3942,Quang Đạt,2025-08-16,2090.0,,,,,
không khớp,34361,CPT0089,Thành Phát,2025-08-16,1260.0,,,,,
không khớp,37887,NLT0031,NCCKS019,2025-08-16,230.0,,,,,
không khớp,34372,NHG3945,Quang Đạt,2025-08-18,2090.0,,,,,
không khớp,34379,NAP0152,Hns,2025-08-18,600.0,,,,,
không khớp,34378,CHT0228,Hns,2025-08-18,350.0,,,,,
không khớp,34377,NDT3989,NCCKS014,2025-08-18,50.0,,,,,
không khớp,34376,NDT3737,NCCKS014,2025-08-18,51.0,,,,,
không khớp,34375,NDT3941,NCCKS014,2025-08-18,51.0,,,,,
không khớp,34374,NDT3693,NCCKS014,2025-08-18,51.0,,,,,
không khớp,34373,NHG3893,Quang Đạt,2025-08-18,2090.0,,,,,
không khớp,34371,NHG3971,Mộc Ấn,2025-08-18,1104.0,,,,,
không khớp,34370,NHG3790,Mộc Ấn,2025-08-18,9204.0,,,,,
không khớp,38145,NLT0259,Nguyễn Bá,2025-08-18,50.0,,,,,
không khớp,38146,NLT0017,Hải Bình,2025-08-19,1.0,,,,,
không khớp,38147,NLT0089,Hải Bình,2025-08-19,3.0,,,,,
không khớp,38148,NLT0205,Hải Bình,2025-08-19,2.0,,,,,
không khớp,38149,NLT0245,Svc,2025-08-19,400.0,,,,,
không khớp,38150,NLT0194,Nam Bình,2025-08-19,210.0,,,,,
không khớp,38151,NLT0187,Thuận Duyên,2025-08-19,200.0,,,,,
không khớp,34381,NHG3977,Mộc Ấn,2025-08-19,1124.0,,,,,
không khớp,34386,CHT0228,Hns,2025-08-19,250.0,,,,,
không khớp,34385,NHG3951,Cẩm Hùng,2025-08-19,50.0,,,,,
không khớp,34384,NHG3983,Cẩm Hùng,2025-08-19,400.0,,,,,
không khớp,34382,NHG3975,Cẩm Hùng,2025-08-19,600.0,,,,,
không khớp,34380,NTN3737,Tân Đức,2025-08-19,5300.0,,,,,
không khớp,34383,NHG2822,Cẩm Hùng,2025-08-19,1200.0,,,,,
không khớp,34393,NAP0093,Thành Phát,2025-08-20,1008.0,,,,,
không khớp,34392,CPT0111,Thành Phát,2025-08-20,1008.0,,,,,
không khớp,34391,NHG3982,Cẩm Hùng,2025-08-20,50.0,,,,,
không khớp,34390,NHG3983,Cẩm Hùng,2025-08-20,50.0,,,,,
không khớp,34389,NHG3991,Cẩm Hùng,2025-08-20,110.0,,,,,
không khớp,34388,NHG3986,Cẩm Hùng,2025-08-20,420.0,,,,,
không khớp,34387,NHG3982,Cẩm Hùng,2025-08-20,1000.0,,,,,
không khớp,34409,NHG4017,Cẩm Hùng,2025-08-21,230.0,,,,,
không khớp,34408,NHD3972,Cẩm Hùng,2025-08-21,20.0,,,,,
không khớp,34407,NHG3860,Mộc Ấn,2025-08-21,2189.0,,,,,
không khớp,34406,NHG3903,Mộc Ấn,2025-08-21,2264.0,,,,,
không khớp,34405,NHG3926,Mộc Ấn,2025-08-21,2264.0,,,,,
không khớp,34404,NHG3984,Basel,2025-08-21,2204.0,,,,,
không khớp,34403,NHG4008,Quang Đạt,2025-08-21,2139.0,,,,,
không khớp,34401,NHG3986,Mộc Ấn,2025-08-21,2264.0,,,,,
không khớp,34400,NHG3925,Mộc Ấn,2025-08-21,2264.0,,,,,
không khớp,34399,NHG3968,Mộc Ấn,2025-08-21,2264.0,,,,,
không khớp,34398,NHG3967,Mộc Ấn,2025-08-21,2264.0,,,,,
không khớp,34397,NHG3966,Mộc Ấn,2025-08-21,2264.0,,,,,
không khớp,34396,NHG4012,Mộc Ấn,2025-08-21,2264.0,,,,,
không khớp,34395,NHG3790,Mộc Ấn,2025-08-21,2264.0,,,,,
không khớp,34394,NHG4005,Trương Gia Phước,2025-08-21,40.0,,,,,
không khớp,34402,NHG3867,Basel,2025-08-21,1099.0,,,,,
không khớp,34412,NTN3989,Tân Đức,2025-08-22,3250.0,,,,,
không khớp,34418,CPV0077,Thành Phát,2025-08-22,161.0,,,,,
không khớp,34417,NAP0117,Thành Phát,2025-08-22,2075.0,,,,,
không khớp,34416,CHT0141,Thành Phát,2025-08-22,2075.0,,,,,
không khớp,34415,NAP0153,PHL,2025-08-22,2040.0,,,,,
không khớp,34414,CHT0229,PHL,2025-08-22,2040.0,,,,,
không khớp,34413,CPT0082,PHL,2025-08-22,2400.0,,,,,
không khớp,34411,NHD3996,Quang Đạt,2025-08-22,1114.0,,,,,
không khớp,34410,NTN3693,Tân Đức,2025-08-22,9060.0,,,,,
không khớp,38152,NLT0005,Mạnh Đan,2025-08-22,50.0,,,,,
không khớp,34424,NAP0029,Hồ Gia,2025-08-23,2106.0,,,,,
không khớp,34426,THC0122,Đông Tây,2025-08-23,213.0,,,,,
không khớp,34425,THI0226,Đông Tây,2025-08-23,209.0,,,,,
không khớp,34423,CHT0023,Hồ Gia,2025-08-23,2106.0,,,,,
không khớp,34422,NAP0028,Hồ Gia,2025-08-23,2100.0,,,,,
không khớp,34421,CHT0022,Hồ Gia,2025-08-23,2100.0,,,,,
không khớp,34420,NHG4008,Quang Đạt,2025-08-23,2090.0,,,,,
không khớp,34419,NHG3860,Mộc Ấn,2025-08-23,2254.0,,,,,
không khớp,34432,NHG3851,Quang Đạt,2025-08-25,1095.0,,,,,
không khớp,34438,NAP0070,Phương Nam,2025-08-25,2250.0,,,,,
không khớp,34437,CHT0116,Phương Nam,2025-08-25,2250.0,,,,,
không khớp,34436,NHG4011,Quang Đạt,2025-08-25,2080.0,,,,,
không khớp,34435,COC0010,PHL,2025-08-25,2048.0,,,,,
không khớp,34434,NAP0153,PHL,2025-08-25,2048.0,,,,,
không khớp,34433,NHG3850,Quang Đạt,2025-08-25,1095.0,,,,,
không khớp,34431,CHT0230,PHL,2025-08-25,2048.0,,,,,
không khớp,34430,NAP0070,Phương Nam,2025-08-25,2025.0,,,,,
không khớp,34429,CHT0116,Phương Nam,2025-08-25,2025.0,,,,,
không khớp,34428,NHG3987,Quang Đạt,2025-08-25,1095.0,,,,,
không khớp,34427,NHG3951,Quang Đạt,2025-08-25,1095.0,,,,,
không khớp,38154,BTPR0073,Basel Thụy Sĩ,2025-08-25,500.0,,,,,
không khớp,38155,BTPR0072,Basel Thụy Sĩ,2025-08-25,900.0,,,,,
không khớp,38156,NLT0171,Ntk,2025-08-26,225.0,,,,,
không khớp,38157,NLT0011,Hải Bình,2025-08-26,25.0,,,,,
không khớp,38158,NLT0050,Hải Bình,2025-08-26,150.0,,,,,
không khớp,38159,NLT0084,Hải Bình,2025-08-26,300.0,,,,,
không khớp,38160,NLT0225,Hải Bình,2025-08-26,450.0,,,,,
không khớp,38161,NLT0269,Thuận Duyên,2025-08-26,75.0,,,,,
không khớp,34446,NHG3776,Cẩm Hùng,2025-08-26,20.0,,,,,
không khớp,34447,NHG3975,Cẩm Hùng,2025-08-26,50.0,,,,,
không khớp,34448,NHG4021,Cẩm Hùng,2025-08-26,52.0,,,,,
không khớp,34449,THC0239,Đông Tây,2025-08-26,90.0,,,,,
không khớp,34450,NHG4033,Cẩm Hùng,2025-08-26,1100.0,,,,,
không khớp,34451,NHG4034,Cẩm Hùng,2025-08-26,1200.0,,,,,
không khớp,34443,NHG4018,Quang Đạt,2025-08-26,2139.0,,,,,
không khớp,34444,NHG3965,Cẩm Hùng,2025-08-26,100.0,,,,,
không khớp,34445,NHG3877,Cẩm Hùng,2025-08-26,250.0,,,,,
không khớp,34440,NTN4015,Tân Đức,2025-08-26,1090.0,,,,,
không khớp,34441,NTN4006,Tân Đức,2025-08-26,1090.0,,,,,
không khớp,34442,NHD3939,Quang Đạt,2025-08-26,1075.0,,,,,
không khớp,34439,NTN3938,Tân Đức,2025-08-26,5260.0,,,,,
không khớp,34452,NTN3985,Tân Đức,2025-08-27,15625.0,,,,,
không khớp,34453,CHT0216,Vinaco,2025-08-27,1368.0,,,,,
không khớp,34454,NAP0150,Vinaco,2025-08-27,1368.0,,,,,
không khớp,34455,NHD2927,Trương Gia Phước,2025-08-27,41.0,,,,,
không khớp,34456,CHT0171,NCCKS010,2025-08-27,1100.0,,,,,
không khớp,34457,THC0233,NCCKS010,2025-08-27,30.0,,,,,
không khớp,34472,NHG3983,Cẩm Hùng,2025-08-28,450.0,,,,,
không khớp,34471,NHG3982,Cẩm Hùng,2025-08-28,450.0,,,,,
không khớp,34470,NDT2728,Thành Công,2025-08-28,12.0,,,,,
không khớp,34469,NDT4015,Thành Công,2025-08-28,60.0,,,,,
không khớp,34468,NDT3935,Thành Công,2025-08-28,30.0,,,,,
không khớp,34467,NDT3635,Thành Công,2025-08-28,20.0,,,,,
không khớp,34466,NDT3844,Thành Công,2025-08-28,50.0,,,,,
không khớp,34465,NHG4009,Quang Đạt,2025-08-28,2090.0,,,,,
không khớp,34463,NHG4025,Mộc Ấn,2025-08-28,2229.0,,,,,
không khớp,34462,NHG3978,Mộc Ấn,2025-08-28,1050.0,,,,,
không khớp,34461,NHG4023,Mộc Ấn,2025-08-28,1060.0,,,,,
không khớp,34460,NHG4022,Mộc Ấn,2025-08-28,1040.0,,,,,
không khớp,34459,NHG4019,Mộc Ấn,2025-08-28,2229.0,,,,,
không khớp,34458,NHG4020,Mộc Ấn,2025-08-28,1060.0,,,,,
không khớp,34464,NHG4028,Quang Đạt,2025-08-28,2090.0,,,,,
không khớp,34485,NHD4024,Mộc Ấn,2025-08-29,2348.0,,,,,
không khớp,34486,NDT3957,Thành Công,2025-08-29,80.0,,,,,
không khớp,34487,NDT4046,Thành Công,2025-08-29,50.0,,,,,
không khớp,34488,NDT4026,Thành Công,2025-08-29,50.0,,,,,
không khớp,34489,NDT3280,Thành Công,2025-08-29,30.0,,,,,
không khớp,34490,NDT3989,Thành Công,2025-08-29,50.0,,,,,
không khớp,34491,NDT3989,Thành Công,2025-08-29,51.0,,,,,
không khớp,34492,NHG4033,Cẩm Hùng,2025-08-29,300.0,,,,,
không khớp,34493,NHD3960,Cẩm Hùng,2025-08-29,40.0,,,,,
không khớp,34494,CHT0212,Phương Nam,2025-08-29,1008.0,,,,,
không khớp,34474,NHG4010,Mộc Ấn,2025-08-29,2259.0,,,,,
không khớp,34495,NAP0136,Phương Nam,2025-08-29,1008.0,,,,,
không khớp,34483,CPT0075,Phương Nam,2025-08-29,4032.0,,,,,
không khớp,34484,NAP0056,Phương Nam,2025-08-29,4032.0,,,,,
không khớp,34473,NDT3938,Thành Công,2025-08-29,50.0,,,,,
không khớp,34475,NDT3985,Thành Công,2025-08-29,30.0,,,,,
không khớp,34476,CHT0032,PHL,2025-08-29,5005.0,,,,,
không khớp,34477,NAP0018,PHL,2025-08-29,5005.0,,,,,
không khớp,34478,NTN4014,Tân Đức,2025-08-29,6500.0,,,,,
không khớp,34479,NDT4024,Thành Công,2025-08-29,50.0,,,,,
không khớp,34480,CHT0057,Phương Nam,2025-08-29,2160.0,,,,,
không khớp,34481,CHT0116,Phương Nam,2025-08-29,1500.0,,,,,
không khớp,34482,NAP0070,Phương Nam,2025-08-29,1500.0,,,,,
không khớp,38162,NLT0270,Hóa Chất Miền Nam,2025-08-29,400.0,,,,,
không khớp,34878,NDT4014,Thành Công,2025-08-29,30.0,,,,,
không khớp,34879,NDT0517,Thành Công,2025-08-29,90.0,,,,,
không khớp,34880,NDT4046,Thành Công,2025-08-29,60.0,,,,,
không khớp,34881,NDT3994,Thành Công,2025-08-29,23.0,,,,,
không khớp,34883,NDT3957,Thành Công,2025-08-29,80.0,,,,,
không khớp,34884,NDT3810,Thành Công,2025-08-29,60.0,,,,,
không khớp,34882,NTN3935,Tân Đức,2025-08-30,3170.0,,,,,
không khớp,34886,NDT4086,Thành Công,2025-08-30,50.0,,,,,
không khớp,34502,NHG4044,Cẩm Hùng,2025-08-30,400.0,,,,,
không khớp,34509,NAP0070,Phương Nam,2025-08-30,2025.0,,,,,
không khớp,34508,NAP0060,Thành Phát,2025-08-30,2100.0,,,,,
không khớp,34507,CPV0077,Thành Phát,2025-08-30,2100.0,,,,,
không khớp,34506,NAP0056,Phương Nam,2025-08-30,5040.0,,,,,
không khớp,34505,CPT0075,Phương Nam,2025-08-30,5040.0,,,,,
không khớp,34504,NAP0070,Phương Nam,2025-08-30,1275.0,,,,,
không khớp,34503,CHT0116,Phương Nam,2025-08-30,1275.0,,,,,
không khớp,34501,NTN4026,Tân Đức,2025-08-30,3160.0,,,,,
không khớp,34500,NHG4004,Mộc Ấn,2025-08-30,1119.0,,,,,
không khớp,34499,NHG4037,Mộc Ấn,2025-08-30,1104.0,,,,,
không khớp,34498,NHG4031,Mộc Ấn,2025-08-30,1119.0,,,,,
không khớp,34497,NHG4013,Quang Đạt,2025-08-30,2090.0,,,,,
không khớp,34496,NHG4036,Mộc Ấn,2025-08-30,1119.0,,,,,
không khớp,34510,NHG3982,Quang Đạt,2025-09-03,1990.0,,,,,
không khớp,34511,NTN4048,Tân Đức,2025-09-03,5100.0,,,,,
không khớp,34512,NHD3988,Quang Đạt,2025-09-03,1085.0,,,,,
không khớp,34513,NHG3983,Quang Đạt,2025-09-03,1990.0,,,,,
không khớp,34514,NDT4040,Thành Công,2025-09-03,50.0,,,,,
không khớp,34515,THI0224,Đông Tây,2025-09-03,218.0,,,,,
không khớp,34888,NDT4094,Thành Công,2025-09-03,60.0,,,,,
không khớp,34521,NAP0144,Phương Nam,2025-09-04,2160.0,,,,,
không khớp,34522,COC0004,Phương Nam,2025-09-04,2160.0,,,,,
không khớp,34523,CHT0167,Hns,2025-09-04,1000.0,,,,,
không khớp,34516,NHG3998,Quang Đạt,2025-09-04,1095.0,,,,,
không khớp,34519,THC0078,Đông Tây,2025-09-04,514.0,,,,,
không khớp,34518,NHG4039,Quang Đạt,2025-09-04,1095.0,,,,,
không khớp,34517,NHG4029,Quang Đạt,2025-09-04,1095.0,,,,,
không khớp,34520,CHT0058,Phương Nam,2025-09-04,2160.0,,,,,
không khớp,38163,NLT0271,Việt Mỹ,2025-09-04,50.0,,,,,
không khớp,38164,NLT0204,Vĩnh Nam Anh,2025-09-04,300.0,,,,,
không khớp,38165,NLT0004,Mạnh Đan,2025-09-04,50.0,,,,,
không khớp,38191,NLT0028,NCCKS025,2025-09-05,50.0,,,,,
không khớp,38167,NLT0083,Hóa Chất Miền Nam,2025-09-05,25.0,,,,,
không khớp,38166,BTPR0010,Mạnh Đan,2025-09-05,3.0,,,,,
không khớp,34533,NHG4071,Quang Đạt,2025-09-05,3980.0,,,,,
không khớp,34538,COC0007,PHL,2025-09-05,2400.0,,,,,
không khớp,34537,NAP0027,PHL,2025-09-05,2400.0,,,,,
không khớp,34536,CHT0018,PHL,2025-09-05,2400.0,,,,,
không khớp,34535,CHT0229,PHL,2025-09-05,2040.0,,,,,
không khớp,34534,COC0010,PHL,2025-09-05,5040.0,,,,,
không khớp,34532,NHG4076,Quang Đạt,2025-09-05,2090.0,,,,,
không khớp,34531,NHG4043,Quang Đạt,2025-09-05,2090.0,,,,,
không khớp,34530,NAP0153,PHL,2025-09-05,7080.0,,,,,
không khớp,34529,CHT0231,PHL,2025-09-05,5040.0,,,,,
không khớp,34528,CNT0033,Minh Ngọc,2025-09-05,4000.0,,,,,
không khớp,34527,CNT0034,Minh Ngọc,2025-09-05,800.0,,,,,
không khớp,34526,NHG3994,Quang Đạt,2025-09-05,2060.0,,,,,
không khớp,34525,NTN4051,Tân Đức,2025-09-05,3170.0,,,,,
không khớp,34524,NTN4054,Tân Đức,2025-09-05,3100.0,,,,,
không khớp,34539,NHG4052,Quang Đạt,2025-09-06,1144.0,,,,,
không khớp,34540,NHD4046,Mộc Ấn,2025-09-06,2229.0,,,,,
không khớp,34541,NHG4040,Quang Đạt,2025-09-06,1144.0,,,,,
không khớp,34542,NHG4042,Mộc Ấn,2025-09-06,2194.0,,,,,
không khớp,34543,NHG4041,Mộc Ấn,2025-09-06,2194.0,,,,,
không khớp,34544,NHG4055,Mộc Ấn,2025-09-06,5144.0,,,,,
không khớp,34545,NHG4075,Quang Đạt,2025-09-06,3980.0,,,,,
không khớp,34546,CHT0079,Phương Nam,2025-09-06,225.0,,,,,
không khớp,34548,CHT0167,Hns,2025-09-06,100.0,,,,,
không khớp,34547,NAP0063,Phương Nam,2025-09-06,225.0,,,,,
không khớp,38192,NLT0015,Hóa Chất Miền Nam,2025-09-07,125.0,,,,,
không khớp,38193,NLT0015,Hóa Chất Miền Nam,2025-09-08,50.0,,,,,
không khớp,34549,NHG4074,Mộc Ấn,2025-09-08,2089.0,,,,,
không khớp,34559,CHT0031,PHL,2025-09-08,5005.0,,,,,
không khớp,34558,NAP0017,PHL,2025-09-08,5005.0,,,,,
không khớp,34885,THC0102,Hà Long,2025-09-08,198.0,,,,,
không khớp,34557,CHT0174,PHL,2025-09-08,5005.0,,,,,
không khớp,34556,NAP0149,PHL,2025-09-08,2880.0,,,,,
không khớp,34555,CHT0225,PHL,2025-09-08,2880.0,,,,,
không khớp,34554,NAP0148,PHL,2025-09-08,3060.0,,,,,
không khớp,34553,CHT0224,PHL,2025-09-08,3060.0,,,,,
không khớp,34552,NAP0062,Phương Nam,2025-09-08,1500.0,,,,,
không khớp,34560,NAP0016,PHL,2025-09-08,5005.0,,,,,
không khớp,34551,CHT0059,Phương Nam,2025-09-08,1500.0,,,,,
không khớp,34550,NHD3810,Mộc Ấn,2025-09-08,1119.0,,,,,
không khớp,34887,NTN4045,Tân Đức,2025-09-09,6110.0,,,,,
không khớp,34561,NHG4073,Mộc Ấn,2025-09-09,4259.0,,,,,
không khớp,34892,NDT4051,Thành Công,2025-09-09,30.0,,,,,
không khớp,34893,NDT3743,Thành Công,2025-09-09,30.0,,,,,
không khớp,34563,NHG4088,Quang Đạt,2025-09-09,2129.0,,,,,
không khớp,34562,NHG4091,Trương Gia Phước,2025-09-09,420.0,,,,,
không khớp,34564,NDT4045,Thành Công,2025-09-09,70.0,,,,,
không khớp,34565,NHG4091,Quang Đạt,2025-09-09,1095.0,,,,,
không khớp,34566,NHG4089,Quang Đạt,2025-09-09,2129.0,,,,,
không khớp,34567,NHG4089,Trương Gia Phước,2025-09-09,420.0,,,,,
không khớp,34568,NHD3842,Trương Gia Phước,2025-09-09,100.0,,,,,
không khớp,34569,CPT0075,Phương Nam,2025-09-09,2016.0,,,,,
không khớp,34570,NAP0056,Phương Nam,2025-09-09,2016.0,,,,,
không khớp,38186,NLT0174,Vĩnh Nam Anh,2025-09-09,25.0,,,,,
không khớp,38185,NLT0054,Vĩnh Nam Anh,2025-09-09,50.0,,,,,
không khớp,38180,NLT0259,Nguyễn Bá,2025-09-09,25.0,,,,,
không khớp,38184,NLT0270,Việt Mỹ,2025-09-09,300.0,,,,,
không khớp,38183,NLT0051,Việt Mỹ,2025-09-09,200.0,,,,,
không khớp,38174,NLT0047,Hải Bình,2025-09-09,200.0,,,,,
không khớp,38187,NLT0198,Vĩnh Nam Anh,2025-09-09,25.0,,,,,
không khớp,38188,NLT0171,Ntk,2025-09-09,225.0,,,,,
không khớp,38189,NLT0245,Svc,2025-09-09,400.0,,,,,
không khớp,38190,NLT0194,Nam Bình,2025-09-09,210.0,,,,,
không khớp,38194,NLT0015,Hóa Chất Miền Nam,2025-09-09,100.0,,,,,
không khớp,38179,NLT0258,Hải Bình,2025-09-09,20.0,,,,,
không khớp,38178,NLT0209,Hải Bình,2025-09-09,500.0,,,,,
không khớp,38177,NLT0084,Hải Bình,2025-09-09,200.0,,,,,
không khớp,38176,NLT0050,Hải Bình,2025-09-09,50.0,,,,,
không khớp,38175,NLT0049,Hải Bình,2025-09-09,100.0,,,,,
không khớp,38173,NLT0033,Hải Bình,2025-09-09,400.0,,,,,
không khớp,38172,NLT0017,Hải Bình,2025-09-09,1.0,,,,,
không khớp,38171,NLT0025,Châu Ngân,2025-09-09,300.0,,,,,
không khớp,38170,NLT0015,Châu Ngân,2025-09-09,1.0,,,,,
không khớp,38169,NLT0044,Du Bai,2025-09-09,300.0,,,,,
không khớp,38168,NLT0028,Đắc Khang,2025-09-10,2.0,,,,,
không khớp,34573,NDT4086,Thành Công,2025-09-10,30.0,,,,,
không khớp,34571,NHG4072,Mộc Ấn,2025-09-10,1109.0,,,,,
không khớp,34572,NHG3953,Quang Đạt,2025-09-10,2090.0,,,,,
không khớp,34577,NDT3891,Thành Công,2025-09-10,50.0,,,,,
không khớp,34574,CHT0018,PHL,2025-09-10,2400.0,,,,,
không khớp,34575,NAP0027,PHL,2025-09-10,2400.0,,,,,
không khớp,34576,COC0007,PHL,2025-09-10,2400.0,,,,,
không khớp,34579,NDT4116,Thành Công,2025-09-10,100.0,,,,,
không khớp,34578,NDT4096,Thành Công,2025-09-10,30.0,,,,,
không khớp,34889,THC0080,Đông Tây,2025-09-11,315.0,,,,,
không khớp,34890,THI0171,Đông Tây,2025-09-11,100.0,,,,,
không khớp,34891,THI0224,Đông Tây,2025-09-11,100.0,,,,,
không khớp,34583,NHG3999,Cẩm Hùng,2025-09-11,280.0,,,,,
không khớp,34582,NHG4059,Cẩm Hùng,2025-09-11,380.0,,,,,
không khớp,34581,NTN4030,Tân Đức,2025-09-11,5420.0,,,,,
không khớp,34580,NHG4071,Mộc Ấn,2025-09-11,3279.0,,,,,
không khớp,34896,NDT4085,Thành Công,2025-09-12,50.0,,,,,
không khớp,34584,NHD4085,Quang Đạt,2025-09-12,2070.0,,,,,
không khớp,34585,NTN4070,Tân Đức,2025-09-12,15070.0,,,,,
không khớp,34586,NTN4069,Tân Đức,2025-09-12,15540.0,,,,,
không khớp,34587,THI0171,Đông Tây,2025-09-12,215.0,,,,,
không khớp,34588,NDT4070,Thành Công,2025-09-12,50.0,,,,,
không khớp,34594,NAP0152,Hns,2025-09-12,800.0,,,,,
không khớp,34593,CHT0228,Hns,2025-09-12,800.0,,,,,
không khớp,34592,NDT4093,Thành Công,2025-09-12,50.0,,,,,
không khớp,34591,NDT4092,Thành Công,2025-09-12,100.0,,,,,
không khớp,34590,NDT4095,Thành Công,2025-09-12,50.0,,,,,
không khớp,34589,NDT4069,Thành Công,2025-09-12,50.0,,,,,
không khớp,38197,COC250,An Khánh,2025-09-12,15.0,,,,,
không khớp,38196,COC150,An Khánh,2025-09-12,20.0,,,,,
không khớp,38200,DIA,An Khánh,2025-09-12,5.0,,,,,
không khớp,38198,COC500,An Khánh,2025-09-12,10.0,,,,,
không khớp,38199,COC1000,An Khánh,2025-09-12,4.0,,,,,
không khớp,38201,NLT0025,Hải Bình,2025-09-12,100.0,,,,,
không khớp,38202,COCN500,An Khánh,2025-09-12,5.0,,,,,
không khớp,38203,BTPR0072,Basel Thụy Sĩ,2025-09-12,500.0,,,,,
không khớp,38195,NLT0271,Việt Mỹ,2025-09-13,50.0,,,,,
không khớp,34599,CHT0116,Phương Nam,2025-09-13,2025.0,,,,,
không khớp,34595,NHG4076,Quang Đạt,2025-09-13,2169.0,,,,,
không khớp,34596,NTN4094,Tân Đức,2025-09-13,2240.0,,,,,
không khớp,34597,NHD4086,Quang Đạt,2025-09-13,2070.0,,,,,
không khớp,34598,NHG3948,Cẩm Hùng,2025-09-13,20.0,,,,,
không khớp,34600,NAP0070,Phương Nam,2025-09-13,2025.0,,,,,
không khớp,34612,COC0009,Vinaco,2025-09-15,1000.0,,,,,
không khớp,34601,NHG4043,Quang Đạt,2025-09-15,2119.0,,,,,
không khớp,34602,NHG4003,Mộc Ấn,2025-09-15,2239.0,,,,,
không khớp,34603,NHD3743,Quang Đạt,2025-09-15,1144.0,,,,,
không khớp,34604,NTN3891,Tân Đức,2025-09-15,1090.0,,,,,
không khớp,34605,NTN4095,Tân Đức,2025-09-15,5110.0,,,,,
không khớp,34606,NHG4119,Mộc Ấn,2025-09-15,1060.0,,,,,
không khớp,34607,NHG4090,Quang Đạt,2025-09-15,2080.0,,,,,
không khớp,34608,NHG3983,Quang Đạt,2025-09-15,2109.0,,,,,
không khớp,34609,NHG4032,Mộc Ấn,2025-09-15,1060.0,,,,,
không khớp,34610,CPT0024,Vinaco,2025-09-15,1000.0,,,,,
không khớp,34611,NAP0009,Vinaco,2025-09-15,1000.0,,,,,
không khớp,34613,NDT3780,Thành Công,2025-09-15,30.0,,,,,
không khớp,38204,NLT0038,Hóa Chất Miền Nam,2025-09-15,250.0,,,,,
không khớp,38205,NLT0015,Hải Bình,2025-09-16,500.0,,,,,
không khớp,38206,NLT0089,Hải Bình,2025-09-16,1.5,,,,,
không khớp,38207,NLT0194,Nam Bình,2025-09-16,630.0,,,,,
không khớp,38208,NLT0270,Việt Mỹ,2025-09-16,300.0,,,,,
không khớp,34622,NAP0150,Vinaco,2025-09-16,2128.0,,,,,
không khớp,34614,NTN4116,Tân Đức,2025-09-16,10240.0,,,,,
không khớp,34615,NHG4073,Mộc Ấn,2025-09-16,4796.0,,,,,
không khớp,34616,NHG4124,Quang Đạt,2025-09-16,1114.0,,,,,
không khớp,34617,NHG4126,Quang Đạt,2025-09-16,1114.0,,,,,
không khớp,34618,NHD4053,Mộc Ấn,2025-09-16,2229.0,,,,,
không khớp,34619,NHD3972,Cẩm Hùng,2025-09-16,12.0,,,,,
không khớp,34620,NHG3801,Cẩm Hùng,2025-09-16,300.0,,,,,
không khớp,34621,CHT0216,Vinaco,2025-09-16,2128.0,,,,,
không khớp,34894,NDT3891,Thành Công,2025-09-17,30.0,,,,,
không khớp,34895,NDT4096,Thành Công,2025-09-17,30.0,,,,,
không khớp,34899,NHG2565,Mộc Ấn,2025-09-17,2269.0,,,,,
không khớp,34900,NHG1910,Mộc Ấn,2025-09-17,2269.0,,,,,
không khớp,34623,NHG4097,Mộc Ấn,2025-09-17,1099.0,,,,,
không khớp,34624,CHT0174,PHL,2025-09-17,4004.0,,,,,
không khớp,34625,NAP0043,PHL,2025-09-17,4004.0,,,,,
không khớp,34626,NHD4096,Mộc Ấn,2025-09-17,1099.0,,,,,
không khớp,38209,NLT0130,Ngàn Hương,2025-09-17,50.0,,,,,
không khớp,34627,CHT0174,PHL,2025-09-18,8008.0,,,,,
không khớp,34628,NAP0017,PHL,2025-09-18,5005.0,,,,,
không khớp,34629,NTN3780,Tân Đức,2025-09-18,10200.0,,,,,
không khớp,34630,NHG3684,Quang Đạt,2025-09-18,2109.0,,,,,
không khớp,34631,NHG4146,Quang Đạt,2025-09-18,4219.0,,,,,
không khớp,34638,CHT0058,Phương Nam,2025-09-19,1008.0,,,,,
không khớp,34639,NAP0144,Phương Nam,2025-09-19,1008.0,,,,,
không khớp,34640,COC0004,Phương Nam,2025-09-19,1008.0,,,,,
không khớp,34641,NHG3684,Quang Đạt,2025-09-19,1990.0,,,,,
không khớp,34642,NHG4008,Quang Đạt,2025-09-19,2060.0,,,,,
không khớp,34637,NHG4141,Cẩm Hùng,2025-09-19,400.0,,,,,
không khớp,34636,NHG3970,Quang Đạt,2025-09-19,1114.0,,,,,
không khớp,34635,NTN4131,Tân Đức,2025-09-19,5360.0,,,,,
không khớp,34634,NAP0017,PHL,2025-09-19,3003.0,,,,,
không khớp,34633,NHG4050,Mộc Ấn,2025-09-19,2189.0,,,,,
không khớp,34632,NHG4049,Mộc Ấn,2025-09-19,2189.0,,,,,
không khớp,34643,THI0224,Đông Tây,2025-09-20,204.0,,,,,
không khớp,34645,NDT4139,Thành Công,2025-09-21,50.0,,,,,
không khớp,34644,NDT4142,Thành Công,2025-09-21,30.0,,,,,
không khớp,34904,NDT4139,Thành Công,2025-09-22,50.0,,,,,
không khớp,34897,NDT3780,Thành Công,2025-09-22,30.0,,,,,
không khớp,34901,CHT0180,NCCKS010,2025-09-22,400.0,,,,,
không khớp,34902,THC0233,NCCKS010,2025-09-22,10.0,,,,,
không khớp,34647,NHG4124,Quang Đạt,2025-09-22,2090.0,,,,,
không khớp,34646,THI0224,Đông Tây,2025-09-22,310.0,,,,,
không khớp,34658,NDT3866,Thành Công,2025-09-22,25.0,,,,,
không khớp,34657,NAP0112,Phương Nam,2025-09-22,1050.0,,,,,
không khớp,34656,CHT0151,Phương Nam,2025-09-22,1050.0,,,,,
không khớp,34655,NAP0136,Phương Nam,2025-09-22,1008.0,,,,,
không khớp,34654,CHT0212,Phương Nam,2025-09-22,1008.0,,,,,
không khớp,34653,NHG1625,Cẩm Hùng,2025-09-22,150.0,,,,,
không khớp,34652,NHG4027,Cẩm Hùng,2025-09-22,120.0,,,,,
không khớp,34651,NAP0056,Phương Nam,2025-09-22,3024.0,,,,,
không khớp,34650,CPT0075,Phương Nam,2025-09-22,3024.0,,,,,
không khớp,34649,NAP0074,Phương Nam,2025-09-22,581.0,,,,,
không khớp,34648,CPT0068,Phương Nam,2025-09-22,581.0,,,,,
không khớp,34662,NTN3866,Tân Đức,2025-09-23,10720.0,,,,,
không khớp,34659,NTN4139,Tân Đức,2025-09-23,5370.0,,,,,
không khớp,34660,NHD4125,Quang Đạt,2025-09-23,1075.0,,,,,
không khớp,34661,NHD3883,Quang Đạt,2025-09-23,1075.0,,,,,
không khớp,34663,NHG3520,Cẩm Hùng,2025-09-23,1200.0,,,,,
không khớp,34664,NHG4122,Quang Đạt,2025-09-23,4099.0,,,,,
không khớp,38210,NLT0004,Mạnh Đan,2025-09-23,25.0,,,,,
không khớp,38211,NLT0225,Hải Bình,2025-09-24,1.7,,,,,
không khớp,38212,NLT0274,Vĩnh Nam Anh,2025-09-24,100.0,,,,,
không khớp,34667,NHG4138,Mộc Ấn,2025-09-24,1099.0,,,,,
không khớp,34670,CPT0154,PHL,2025-09-24,2400.0,,,,,
không khớp,34669,NHG4134,Mộc Ấn,2025-09-24,1099.0,,,,,
không khớp,34668,NHG4140,Mộc Ấn,2025-09-24,1214.0,,,,,
không khớp,34666,NHD4142,Mộc Ấn,2025-09-24,1114.0,,,,,
không khớp,34665,TEM0010,Tân Hoa Mai,2025-09-24,200.0,,,,,
không khớp,34673,NHG4132,Mộc Ấn,2025-09-25,2229.0,,,,,
không khớp,34680,NHD1853,Mộc Ấn,2025-09-25,8920.0,,,,,
không khớp,34679,NHG4129,Mộc Ấn,2025-09-25,2224.0,,,,,
không khớp,34678,NHG4155,Cẩm Hùng,2025-09-25,220.0,,,,,
không khớp,34677,NHG3801,Cẩm Hùng,2025-09-25,30.0,,,,,
không khớp,34676,NHG3965,Cẩm Hùng,2025-09-25,110.0,,,,,
không khớp,34675,NHG3786,Mộc Ấn,2025-09-25,1094.0,,,,,
không khớp,34674,NHD4133,Mộc Ấn,2025-09-25,2224.0,,,,,
không khớp,34672,NHG4130,Mộc Ấn,2025-09-25,2224.0,,,,,
không khớp,34671,NHG4128,Mộc Ấn,2025-09-25,2224.0,,,,,
không khớp,38213,NLT0024,Hóa Chất Miền Nam,2025-09-25,50.0,,,,,
không khớp,38224,NLT0024,Hóa Chất Miền Nam,2025-09-25,50.0,,,,,
không khớp,38214,NLT0270,Việt Mỹ,2025-09-26,200.0,,,,,
không khớp,34688,NAP0153,PHL,2025-09-26,2048.0,,,,,
không khớp,34681,CPT0075,Phương Nam,2025-09-26,2016.0,,,,,
không khớp,34682,NAP0056,Phương Nam,2025-09-26,2016.0,,,,,
không khớp,34683,CHT0116,Phương Nam,2025-09-26,2025.0,,,,,
không khớp,34684,NAP0070,Phương Nam,2025-09-26,2025.0,,,,,
không khớp,34685,CHT0058,Phương Nam,2025-09-26,1008.0,,,,,
không khớp,34686,NDT4133,Thành Công,2025-09-26,20.0,,,,,
không khớp,34687,CHT0230,PHL,2025-09-26,2048.0,,,,,
không khớp,34689,COC0010,PHL,2025-09-26,2048.0,,,,,
không khớp,34690,CHT0169,Thành Phát,2025-09-26,1079.0,,,,,
không khớp,34691,NAP0120,Thành Phát,2025-09-26,1079.0,,,,,
không khớp,34692,CHT0116,Phương Nam,2025-09-26,2025.0,,,,,
không khớp,34704,CPV0176,Thành Phát,2025-09-27,2025.0,,,,,
không khớp,34703,NAP0055,Thành Phát,2025-09-27,2045.0,,,,,
không khớp,34702,CPT0075,Thành Phát,2025-09-27,2045.0,,,,,
không khớp,34701,NDT2883,Thành Công,2025-09-27,20.0,,,,,
không khớp,34694,NHG4150,Quang Đạt,2025-09-27,2060.0,,,,,
không khớp,34700,NAP0136,Phương Nam,2025-09-27,500.0,,,,,
không khớp,34699,CHT0058,Phương Nam,2025-09-27,1008.0,,,,,
không khớp,34698,NHG4174,Cẩm Hùng,2025-09-27,600.0,,,,,
không khớp,34693,NTN4152,Tân Đức,2025-09-27,3120.0,,,,,
không khớp,34903,NDT4048,Thành Công,2025-09-27,20.0,,,,,
không khớp,34697,NHD4163,Cẩm Hùng,2025-09-27,420.0,,,,,
không khớp,34908,NDT4133,Thành Công,2025-09-27,30.0,,,,,
không khớp,34910,NDT3702,Thành Công,2025-09-27,20.0,,,,,
không khớp,34696,NHG4162,Cẩm Hùng,2025-09-27,420.0,,,,,
không khớp,34913,NDT4113,Thành Công,2025-09-27,20.0,,,,,
không khớp,34695,NHG4027,Cẩm Hùng,2025-09-27,200.0,,,,,
không khớp,38218,NLT0047,Hải Bình,2025-09-27,100.0,,,,,
không khớp,38221,NLT0154,Ntk,2025-09-27,100.0,,,,,
không khớp,38217,NLT0017,Hải Bình,2025-09-27,500.0,,,,,
không khớp,38220,NLT0050,Hải Bình,2025-09-27,100.0,,,,,
không khớp,38219,NLT0049,Hải Bình,2025-09-27,50.0,,,,,
không khớp,38222,NLT0198,Vĩnh Nam Anh,2025-09-27,25.0,,,,,
không khớp,38215,NLT0024,Châu Ngân,2025-09-27,200.0,,,,,
không khớp,38216,NLT0016,Hải Bình,2025-09-27,200.0,,,,,
không khớp,38223,NLT0250,Thiên Nhiên Xanh,2025-09-29,0.1,,,,,
không khớp,34710,NHG3520,Cẩm Hùng,2025-09-29,220.0,,,,,
không khớp,34705,CET0028,PHL,2025-09-29,10000.0,,,,,
không khớp,34706,NAP0017,PHL,2025-09-29,10000.0,,,,,
không khớp,34707,NTN4048,Tân Đức,2025-09-29,5530.0,,,,,
không khớp,34708,NHG4151,Mộc Ấn,2025-09-29,1085.0,,,,,
không khớp,34709,NHG3877,Cẩm Hùng,2025-09-29,220.0,,,,,
không khớp,34711,NHG4175,Cẩm Hùng,2025-09-29,110.0,,,,,
không khớp,34712,NHD3525,Cẩm Hùng,2025-09-29,420.0,,,,,
không khớp,34905,NHG4157,Mộc Ấn,2025-09-29,1085.0,,,,,
không khớp,34911,NDT4131,Thành Công,2025-09-29,30.0,,,,,
không khớp,34716,NHG4164,Mộc Ấn,2025-09-30,1075.0,,,,,
không khớp,34914,NDT4178,Thành Công,2025-09-30,12.0,,,,,
không khớp,34713,CHT0023,Hồ Gia,2025-09-30,2106.0,,,,,
không khớp,34715,NHG4027,Mộc Ấn,2025-09-30,2179.0,,,,,
không khớp,34717,NHG4169,Mộc Ấn,2025-09-30,1075.0,,,,,
không khớp,34718,NHG4174,Mộc Ấn,2025-09-30,1090.0,,,,,
không khớp,34719,NHG3979,Mộc Ấn,2025-09-30,1075.0,,,,,
không khớp,34720,NDT3525,Thành Công,2025-09-30,25.0,,,,,
không khớp,34721,NDT4158,Thành Công,2025-09-30,50.0,,,,,
không khớp,34722,NDT4178,Thành Công,2025-09-30,50.0,,,,,
không khớp,34723,NHG3965,Cẩm Hùng,2025-09-30,120.0,,,,,
không khớp,34714,NAP0029,Hồ Gia,2025-09-30,2106.0,,,,,
không khớp,34898,NDT3866,Thành Công,2025-09-30,25.0,,,,,
không khớp,34906,NDT4133,Thành Công,2025-10-01,25.0,,,,,
không khớp,34915,CPV0176,Thành Phát,2025-10-01,2100.0,,,,,
không khớp,34916,CPT0110,Thành Phát,2025-10-01,1026.0,,,,,
không khớp,34917,NAP0075,Thành Phát,2025-10-01,526.0,,,,,
không khớp,34918,NAP0092,Thành Phát,2025-10-01,500.0,,,,,
không khớp,34907,NDT4166,Thành Công,2025-10-01,50.0,,,,,
không khớp,34724,NHG4165,Mộc Ấn,2025-10-01,2229.0,,,,,
không khớp,34725,NHG3962,Cẩm Hùng,2025-10-01,120.0,,,,,
không khớp,34726,CPT0075,Phương Nam,2025-10-01,4032.0,,,,,
không khớp,34727,NHG4160,Mộc Ấn,2025-10-02,2209.0,,,,,
không khớp,34728,NTN4170,Tân Đức,2025-10-02,3120.0,,,,,
không khớp,34729,NHG3725,Mộc Ấn,2025-10-02,1124.0,,,,,
không khớp,34730,CHT0165,Vinaco,2025-10-02,2128.0,,,,,
không khớp,34731,CHT0231,Dego Cần Thơ,2025-10-02,1200.0,,,,,
không khớp,34732,NAP0153,Dego Cần Thơ,2025-10-02,1200.0,,,,,
không khớp,34733,COC0010,Dego Cần Thơ,2025-10-02,1200.0,,,,,
không khớp,34734,THC0098,Đông Tây,2025-10-03,116.0,,,,,
không khớp,34743,NAP0015,PHL,2025-10-03,5000.0,,,,,
không khớp,34735,NHG4180,Quang Đạt,2025-10-03,1095.0,,,,,
không khớp,34736,NHG4158,Quang Đạt,2025-10-03,1970.0,,,,,
không khớp,34737,NHG4179,Quang Đạt,2025-10-03,1095.0,,,,,
không khớp,34738,NHD4183,Cẩm Hùng,2025-10-03,40.0,,,,,
không khớp,34739,NHG4068,Cẩm Hùng,2025-10-03,220.0,,,,,
không khớp,34740,NHG4067,Cẩm Hùng,2025-10-03,220.0,,,,,
không khớp,34741,NHG4058,Cẩm Hùng,2025-10-03,420.0,,,,,
không khớp,34742,CHT0027,PHL,2025-10-03,5000.0,,,,,
không khớp,34909,NDT4170,Thành Công,2025-10-03,60.0,,,,,
không khớp,34921,NDT2948,Thành Công,2025-10-04,35.0,,,,,
không khớp,34920,NDT4158,Thành Công,2025-10-04,50.0,,,,,
không khớp,34919,NDT3525,Thành Công,2025-10-04,25.0,,,,,
không khớp,34752,NDT4189,Thành Công,2025-10-04,35.0,,,,,
không khớp,34751,NDT4188,Thành Công,2025-10-04,30.0,,,,,
không khớp,34750,NHG4159,Quang Đạt,2025-10-04,2080.0,,,,,
không khớp,34749,NHG4173,Mộc Ấn,2025-10-04,1119.0,,,,,
không khớp,34748,NTN4166,Quang Đạt,2025-10-04,1114.0,,,,,
không khớp,34747,NAP0131,An Tín,2025-10-04,2090.0,,,,,
không khớp,34746,CHV0194,An Tín,2025-10-04,2090.0,,,,,
không khớp,34745,THI0241,Đông Tây,2025-10-04,120.0,,,,,
không khớp,34744,THC0240,Đông Tây,2025-10-04,100.0,,,,,
không khớp,34753,THC0077,Đông Tây,2025-10-05,105.0,,,,,
không khớp,34756,NHG4191,Quang Đạt,2025-10-06,1114.0,,,,,
không khớp,34754,NDT4183,Thành Công,2025-10-06,25.0,,,,,
không khớp,34755,NDT4172,Thành Công,2025-10-06,20.0,,,,,
không khớp,34757,NDT4183,Thành Công,2025-10-06,25.0,,,,,
không khớp,34758,NDT4158,Thành Công,2025-10-06,100.0,,,,,
không khớp,34768,CPT0075,Phương Nam,2025-10-07,4032.0,,,,,
không khớp,34759,THI0224,Đông Tây,2025-10-07,310.0,,,,,
không khớp,34760,THC0004,Đông Tây,2025-10-07,510.0,,,,,
không khớp,34761,NTN4113,Tân Đức,2025-10-07,6660.0,,,,,
không khớp,34762,NHD4178,Mộc Ấn,2025-10-07,2189.0,,,,,
không khớp,34763,THC0127,Đông Tây,2025-10-07,102.0,,,,,
không khớp,34765,NAP0041,Thành Phát,2025-10-07,2100.0,,,,,
không khớp,34764,CPT0020,Thành Phát,2025-10-07,2100.0,,,,,
không khớp,34775,NAP0153,PHL,2025-10-07,5040.0,,,,,
không khớp,34769,NAP0056,Phương Nam,2025-10-07,4032.0,,,,,
không khớp,34927,NDT4225,Thành Công,2025-10-07,54.0,,,,,
không khớp,34767,NAP0062,Phương Nam,2025-10-07,1050.0,,,,,
không khớp,34925,NDT1705,Thành Công,2025-10-07,37.0,,,,,
không khớp,34924,NDT4195,Thành Công,2025-10-07,60.0,,,,,
không khớp,34770,NHG4194,Cẩm Hùng,2025-10-07,120.0,,,,,
không khớp,34771,NHG4192,Cẩm Hùng,2025-10-07,320.0,,,,,
không khớp,34923,NDT2948,Thành Công,2025-10-07,25.0,,,,,
không khớp,34922,NDT4112,Thành Công,2025-10-07,20.0,,,,,
không khớp,34772,NHG4190,Cẩm Hùng,2025-10-07,380.0,,,,,
không khớp,34773,NHG4193,Cẩm Hùng,2025-10-07,470.0,,,,,
không khớp,34774,CHT0231,PHL,2025-10-07,5040.0,,,,,
không khớp,34766,CHT0084,Phương Nam,2025-10-07,1050.0,,,,,
không khớp,34786,NHG4175,Cẩm Hùng,2025-10-08,100.0,,,,,
không khớp,34776,THC0076,Đông Tây,2025-10-08,109.0,,,,,
không khớp,34787,NHG4217,Cẩm Hùng,2025-10-08,120.0,,,,,
không khớp,34777,THI0165,Đông Tây,2025-10-08,106.0,,,,,
không khớp,34778,THC0079,Đông Tây,2025-10-08,315.0,,,,,
không khớp,34780,CAN0028,Phương Nam,2025-10-08,108.0,,,,,
không khớp,34781,NAP0130,Phương Nam,2025-10-08,108.0,,,,,
không khớp,34782,CHT0174,PHL,2025-10-08,8008.0,,,,,
không khớp,34783,NAP0017,PHL,2025-10-08,4004.0,,,,,
không khớp,34784,NAP0043,PHL,2025-10-08,4004.0,,,,,
không khớp,34785,NHG4060,Cẩm Hùng,2025-10-08,420.0,,,,,
không khớp,34788,CHT0031,PHL,2025-10-08,8151.0,,,,,
không khớp,34789,NAP0016,PHL,2025-10-08,8151.0,,,,,
không khớp,34790,CHT0032,PHL,2025-10-08,8008.0,,,,,
không khớp,34791,NAP0018,PHL,2025-10-08,8008.0,,,,,
không khớp,34779,THC0112,Đông Tây,2025-10-08,300.0,,,,,
không khớp,34792,NHG4187,Cẩm Hùng,2025-10-08,400.0,,,,,
không khớp,34795,THC0112,Đông Tây,2025-10-09,222.0,,,,,
không khớp,34934,NDT4201,Thành Công,2025-10-09,54.0,,,,,
không khớp,34793,THC0078,Đông Tây,2025-10-09,311.0,,,,,
không khớp,34794,THC0079,Đông Tây,2025-10-09,303.0,,,,,
không khớp,34796,NHD4172,Quang Đạt,2025-10-09,1114.0,,,,,
không khớp,34797,THI0190,Đông Tây,2025-10-09,219.0,,,,,
không khớp,34798,NHG4182,Quang Đạt,2025-10-09,1095.0,,,,,
không khớp,34799,NHG4144,Quang Đạt,2025-10-09,1095.0,,,,,
không khớp,34800,NHG4165,Cẩm Hùng,2025-10-09,20.0,,,,,
không khớp,38225,NLT0152,Việt Mỹ,2025-10-09,75.0,,,,,
không khớp,38226,NLT0270,Việt Mỹ,2025-10-09,500.0,,,,,
không khớp,38227,NLT0025,Châu Ngân,2025-10-10,350.0,,,,,
không khớp,38228,NLT0033,Hải Bình,2025-10-10,275.0,,,,,
không khớp,38229,NLT0084,Hải Bình,2025-10-10,200.0,,,,,
không khớp,34928,CHT0058,Phương Nam,2025-10-10,3402.0,,,,,
không khớp,34955,NDT4248,Thành Công,2025-10-10,54.0,,,,,
không khớp,34929,NAP0144,Phương Nam,2025-10-10,3402.0,,,,,
không khớp,34935,LON0008,Phương Nam,2025-10-10,200.0,,,,,
không khớp,34936,CHT0226,Phương Nam,2025-10-10,2898.0,,,,,
không khớp,34937,NAP0150,Phương Nam,2025-10-10,2898.0,,,,,
không khớp,34801,HOP3335,Trí Tín,2025-10-10,5100.0,,,,,
không khớp,34802,CPT0232,PHL,2025-10-10,4000.0,,,,,
không khớp,34803,NAP0154,PHL,2025-10-10,4000.0,,,,,
không khớp,34930,COC0004,Phương Nam,2025-10-10,3402.0,,,,,
không khớp,34813,CPT0132,PHL,2025-10-11,1000.0,,,,,
không khớp,34816,NHG4223,Cẩm Hùng,2025-10-11,220.0,,,,,
không khớp,34812,CPT0123,PHL,2025-10-11,2400.0,,,,,
không khớp,34811,HOP2573,Trí Tín,2025-10-11,1015.0,,,,,
không khớp,34810,NHD3666,Cẩm Hùng,2025-10-11,120.0,,,,,
không khớp,34809,CHT0057,Phương Nam,2025-10-11,1050.0,,,,,
không khớp,34808,NHG4197,Quang Đạt,2025-10-11,2189.0,,,,,
không khớp,34807,NHG4196,Quang Đạt,2025-10-11,1124.0,,,,,
không khớp,34806,NHG4200,Quang Đạt,2025-10-11,1124.0,,,,,
không khớp,34805,NHG4108,Mộc Ấn,2025-10-11,2209.0,,,,,
không khớp,34804,NHG4052,Quang Đạt,2025-10-11,1095.0,,,,,
không khớp,34814,COC0007,PHL,2025-10-11,1000.0,,,,,
không khớp,34815,COC0007,PHL,2025-10-11,2400.0,,,,,
không khớp,38230,NLT0198,Vĩnh Nam Anh,2025-10-11,50.0,,,,,
không khớp,38231,NLT0044,Mạnh Đan,2025-10-11,1.0,,,,,
không khớp,34817,THI0212,Đông Tây,2025-10-12,104.0,,,,,
không khớp,34818,NHG4181,Quang Đạt,2025-10-13,1095.0,,,,,
không khớp,34819,NHG4205,Quang Đạt,2025-10-13,1095.0,,,,,
không khớp,34820,NHG4214,Quang Đạt,2025-10-13,1095.0,,,,,
không khớp,34821,NHG4213,Quang Đạt,2025-10-13,1095.0,,,,,
không khớp,34822,NHG4222,Quang Đạt,2025-10-13,1095.0,,,,,
không khớp,34823,CHT0212,Phương Nam,2025-10-13,2016.0,,,,,
không khớp,34824,NAP0136,Phương Nam,2025-10-13,2016.0,,,,,
không khớp,34947,NAP0029,Hồ Gia,2025-10-13,2106.0,,,,,
không khớp,34946,CHT0023,Hồ Gia,2025-10-13,2106.0,,,,,
không khớp,34940,NAP0156,Phương Nam,2025-10-13,4032.0,,,,,
không khớp,34939,CPT0234,Phương Nam,2025-10-13,4032.0,,,,,
không khớp,34956,NDT4202,Thành Công,2025-10-14,25.0,,,,,
không khớp,34932,NDT4186,Thành Công,2025-10-14,50.0,,,,,
không khớp,34825,THI0164,Đông Tây,2025-10-14,313.0,,,,,
không khớp,34826,NTN4112,Tân Đức,2025-10-14,5580.0,,,,,
không khớp,34827,NTN4188,Tân Đức,2025-10-14,3090.0,,,,,
không khớp,34828,NTN4189,Tân Đức,2025-10-14,2110.0,,,,,
không khớp,34829,NHG4211,Quang Đạt,2025-10-14,2070.0,,,,,
không khớp,34830,NHG4204,Mộc Ấn,2025-10-14,2169.0,,,,,
không khớp,34831,NHG4206,Mộc Ấn,2025-10-14,2169.0,,,,,
không khớp,34959,NDT4228,Thành Công,2025-10-14,50.0,,,,,
không khớp,34958,NDT4212,Thành Công,2025-10-14,20.0,,,,,
không khớp,34951,CHT0059,Phương Nam,2025-10-14,1050.0,,,,,
không khớp,34950,THC0233,NCCKS010,2025-10-14,80.0,,,,,
không khớp,34949,CHT0171,NCCKS010,2025-10-14,1000.0,,,,,
không khớp,34948,CHT0180,NCCKS010,2025-10-14,1000.0,,,,,
không khớp,34945,NAP0009,Vinaco,2025-10-14,1020.0,,,,,
không khớp,34944,CPT0024,Vinaco,2025-10-14,1020.0,,,,,
không khớp,34933,NDT4202,Thành Công,2025-10-14,25.0,,,,,
không khớp,34926,NDT4185,Thành Công,2025-10-14,50.0,,,,,
không khớp,34968,NDT4238,Thành Công,2025-10-15,50.0,,,,,
không khớp,34834,CET0098,PHL,2025-10-15,1000.0,,,,,
không khớp,34832,NHG4187,Cẩm Hùng,2025-10-15,40.0,,,,,
không khớp,34836,NHD4183,Cẩm Hùng,2025-10-15,40.0,,,,,
không khớp,34835,NAP0023,PHL,2025-10-15,1000.0,,,,,
không khớp,34833,NHD4212,Cẩm Hùng,2025-10-15,100.0,,,,,
không khớp,34838,NHD4195,Quang Đạt,2025-10-16,1134.0,,,,,
không khớp,34952,NHG4224,Quang Đạt,2025-10-16,1095.0,,,,,
không khớp,34938,NHD4221,Quang Đạt,2025-10-16,1134.0,,,,,
không khớp,34953,NHG4226,Quang Đạt,2025-10-16,1095.0,,,,,
không khớp,34837,NHG4145,Quang Đạt,2025-10-16,1065.0,,,,,
không khớp,34957,NHG4229,Mộc Ấn,2025-10-16,2199.0,,,,,
không khớp,34844,NDT4238,Thành Công,2025-10-16,50.0,,,,,
không khớp,34843,NDT4236,Thành Công,2025-10-16,50.0,,,,,
không khớp,34842,NHG4206,Mộc Ấn,2025-10-16,2199.0,,,,,
không khớp,34841,NHD3727,Quang Đạt,2025-10-16,1134.0,,,,,
không khớp,34840,HOP2970,Quang Đạt,2025-10-16,1114.0,,,,,
không khớp,34839,NTN4186,Tân Đức,2025-10-16,5180.0,,,,,
không khớp,34961,CHT0151,Phương Nam,2025-10-16,1050.0,,,,,
không khớp,34962,NAP0112,Phương Nam,2025-10-16,1050.0,,,,,
không khớp,34845,NHG4198,Quang Đạt,2025-10-18,1831.0,,,,,
không khớp,34943,NHG4209,Quang Đạt,2025-10-18,1065.0,,,,,
không khớp,34942,NHG4207,Quang Đạt,2025-10-18,1065.0,,,,,
không khớp,34941,NHG4208,Quang Đạt,2025-10-18,1065.0,,,,,
không khớp,34846,NTN4225,Tân Đức,2025-10-18,3120.0,,,,,
không khớp,34847,NDT3794,Thành Công,2025-10-18,50.0,,,,,
không khớp,34993,NTN4256,Đại Tâm,2025-10-18,33500.0,,,,,
không khớp,34991,NDT4305,Thành Công,2025-10-18,54.0,,,,,
không khớp,34981,NDT3794,Thành Công,2025-10-18,50.0,,,,,
không khớp,34994,NTN4255,Đại Tâm,2025-10-18,126000.0,,,,,
không khớp,34969,NDT4236,Thành Công,2025-10-18,50.0,,,,,
không khớp,34978,NAP0156,Phương Nam,2025-10-18,5040.0,,,,,
không khớp,34967,NDT4292,Thành Công,2025-10-18,33.0,,,,,
không khớp,34992,NTN4147,Đại Tâm,2025-10-18,33500.0,,,,,
không khớp,34977,CPT0234,Phương Nam,2025-10-18,5040.0,,,,,
không khớp,34987,NAP0070,Phương Nam,2025-10-19,2025.0,,,,,
không khớp,32513,CHT0116,Phương Nam,2025-10-19,2025.0,,,,,
không khớp,34971,NHG4227,Mộc Ấn,2025-10-20,8905.0,,,,,
không khớp,34963,NHG4235,Quang Đạt,2025-10-20,1144.0,,,,,
không khớp,34960,NHG4080,Mộc Ấn,2025-10-20,2219.0,,,,,
không khớp,34980,NHG4192,Cẩm Hùng,2025-10-20,260.0,,,,,
không khớp,34970,NHG4241,Mộc Ấn,2025-10-20,2219.0,,,,,
không khớp,34995,NHG4187,Cẩm Hùng,2025-10-20,440.0,,,,,
không khớp,34848,THC0004,Đông Tây,2025-10-20,211.0,,,,,
không khớp,34849,NTN4201,Tân Đức,2025-10-20,3090.0,,,,,
không khớp,34931,NHG4060,Quang Đạt,2025-10-20,1144.0,,,,,
không khớp,34964,NTN4228,Quang Đạt,2025-10-21,1001.0,,,,,
không khớp,34850,NDT4249,Thành Công,2025-10-21,40.0,,,,,
không khớp,34972,NHG4098,Quang Đạt,2025-10-21,1114.0,,,,,
không khớp,35001,CPT0075,Thành Phát,2025-10-21,2075.0,,,,,
không khớp,35002,NAP0055,Thành Phát,2025-10-21,2075.0,,,,,
không khớp,34973,NHG4252,Quang Đạt,2025-10-21,1114.0,,,,,
không khớp,34989,CHT0212,Phương Nam,2025-10-21,2025.0,,,,,
không khớp,34988,NAP0136,Phương Nam,2025-10-21,2025.0,,,,,
không khớp,34974,NHD4024,Quang Đạt,2025-10-22,1134.0,,,,,
không khớp,34982,NHD3794,Mộc Ấn,2025-10-22,2189.0,,,,,
không khớp,34983,NHG4250,Mộc Ấn,2025-10-22,2164.0,,,,,
không khớp,34984,NHG4257,Mộc Ấn,2025-10-22,2159.0,,,,,
không khớp,34985,NHG4247,Mộc Ấn,2025-10-22,2154.0,,,,,
không khớp,35026,NDT4238,Thành Công,2025-10-22,50.0,,,,,
không khớp,35003,NHG4265,Cẩm Hùng,2025-10-22,260.0,,,,,
không khớp,35011,NHG3732,Quang Đạt,2025-10-22,2040.0,,,,,
không khớp,35010,CHT0079,Phương Nam,2025-10-22,1050.0,,,,,
không khớp,35008,NHG3980,Mộc Ấn,2025-10-22,1234.0,,,,,
không khớp,34954,NHG4187,Quang Đạt,2025-10-22,2040.0,,,,,
không khớp,35004,NHD4262,Cẩm Hùng,2025-10-22,40.0,,,,,
không khớp,35025,NDT4279,Thành Công,2025-10-22,70.0,,,,,
không khớp,34998,NHG4067,Mộc Ấn,2025-10-22,2179.0,,,,,
không khớp,34997,NHG4058,Mộc Ấn,2025-10-22,2179.0,,,,,
không khớp,34996,NHG4068,Mộc Ấn,2025-10-22,2179.0,,,,,
không khớp,34853,NTN4248,Tân Đức,2025-10-22,5120.0,,,,,
không khớp,34852,NTN4249,Tân Đức,2025-10-22,5110.0,,,,,
không khớp,34851,NHD4202,Quang Đạt,2025-10-22,1134.0,,,,,
không khớp,35021,CPT0234,Phương Nam,2025-10-23,15120.0,,,,,
không khớp,35019,NHD4267,Cẩm Hùng,2025-10-23,50.0,,,,,
không khớp,35018,NHD4277,Cẩm Hùng,2025-10-23,100.0,,,,,
không khớp,35015,NTN4260,Tân Đức,2025-10-23,13380.0,,,,,
không khớp,35012,NHG4016,Quang Đạt,2025-10-23,1154.0,,,,,
không khớp,35022,NAP0156,Phương Nam,2025-10-23,15120.0,,,,,
không khớp,35023,CPV0076,Phương Nam,2025-10-23,2400.0,,,,,
không khớp,35024,NAP0059,Phương Nam,2025-10-23,2400.0,,,,,
không khớp,35005,NHG4265,Cẩm Hùng,2025-10-23,80.0,,,,,
không khớp,34854,CHT0018,PHL,2025-10-23,2400.0,,,,,
không khớp,34855,NAP0027,PHL,2025-10-23,2400.0,,,,,
không khớp,34856,COC0007,PHL,2025-10-23,2400.0,,,,,
không khớp,35044,CHT0212,Phương Nam,2025-10-24,2016.0,,,,,
không khớp,34990,NHG4120,Quang Đạt,2025-10-24,4209.0,,,,,
không khớp,34966,NDT4228,Thành Công,2025-10-24,50.0,,,,,
không khớp,34965,NTN4236,Quang Đạt,2025-10-24,1040.0,,,,,
không khớp,35050,NDT4238,Thành Công,2025-10-24,50.0,,,,,
không khớp,35049,NDT4242,Thành Công,2025-10-24,50.0,,,,,
không khớp,35048,NDT4260,Thành Công,2025-10-24,230.0,,,,,
không khớp,35045,CPT0234,Phương Nam,2025-10-24,4032.0,,,,,
không khớp,35046,NAP0156,Phương Nam,2025-10-24,4032.0,,,,,
không khớp,35016,CPT0215,Vinaco,2025-10-25,2000.0,,,,,
không khớp,35030,NHG4269,Mộc Ấn,2025-10-25,6657.0,,,,,
không khớp,35052,NHG4284,Cẩm Hùng,2025-10-25,350.0,,,,,
không khớp,35013,NHG4258,Quang Đạt,2025-10-25,2090.0,,,,,
không khớp,35014,NTN4238,Tân Đức,2025-10-25,5170.0,,,,,
không khớp,34979,NHG4254,Quang Đạt,2025-10-25,2109.0,,,,,
không khớp,35017,NAP0138,Vinaco,2025-10-25,2000.0,,,,,
không khớp,35053,NHG4283,Cẩm Hùng,2025-10-25,850.0,,,,,
không khớp,35029,NHG4270,Mộc Ấn,2025-10-25,2214.0,,,,,
không khớp,34999,NHD4259,Quang Đạt,2025-10-25,1095.0,,,,,
không khớp,35028,NHG4239,Mộc Ấn,2025-10-25,2214.0,,,,,
không khớp,35027,NHG4271,Mộc Ấn,2025-10-25,2224.0,,,,,
không khớp,34857,NHG3732,Quang Đạt,2025-10-25,2090.0,,,,,
không khớp,34975,THC0243,Đông Tây,2025-10-25,104.0,,,,,
không khớp,34976,THC0243,Đông Tây,2025-10-25,100.0,,,,,
không khớp,35038,CHT0216,Vinaco,2025-10-26,2128.0,,,,,
không khớp,35039,NAP0150,Vinaco,2025-10-26,2128.0,,,,,
không khớp,35047,NAP0136,Phương Nam,2025-10-27,2816.0,,,,,
không khớp,35034,NHG4278,Quang Đạt,2025-10-27,1154.0,,,,,
không khớp,35033,NHG4264,Quang Đạt,2025-10-27,1154.0,,,,,
không khớp,35120,NDT4310,Thành Công,2025-10-27,50.0,,,,,
không khớp,35121,NDT4293,Thành Công,2025-10-27,50.0,,,,,
không khớp,34858,CPT0232,PHL,2025-10-27,5000.0,,,,,
không khớp,34859,NAP0154,PHL,2025-10-27,5000.0,,,,,
không khớp,35082,NAP0144,Phương Nam,2025-10-28,2160.0,,,,,
không khớp,35056,CPT0201,Phương Nam,2025-10-28,1400.0,,,,,
không khớp,35057,NAP0155,Phương Nam,2025-10-28,1400.0,,,,,
không khớp,35058,NHG4276,Quang Đạt,2025-10-28,1055.0,,,,,
không khớp,35059,NHG4128,Quang Đạt,2025-10-28,1055.0,,,,,
không khớp,35073,NHG4100,Quang Đạt,2025-10-28,1055.0,,,,,
không khớp,35036,NTN4260,Tân Đức,2025-10-28,10440.0,,,,,
không khớp,35074,NHG4218,Quang Đạt,2025-10-28,1055.0,,,,,
không khớp,35075,NHG4099,Quang Đạt,2025-10-28,1055.0,,,,,
không khớp,35076,NHG4219,Quang Đạt,2025-10-28,1055.0,,,,,
không khớp,35031,NHG3934,Mộc Ấn,2025-10-28,2219.0,,,,,
không khớp,35007,HOP4240,NCCKS007,2025-10-28,2650.0,,,,,
không khớp,35006,HOP4079,NCCKS007,2025-10-28,2650.0,,,,,
không khớp,35081,CHT0057,Phương Nam,2025-10-28,2160.0,,,,,
không khớp,35080,NAP0125,Thành Phát,2025-10-28,2045.0,,,,,
không khớp,35079,CPV0100,Thành Phát,2025-10-28,2045.0,,,,,
không khớp,35032,NHG4268,Mộc Ấn,2025-10-28,2144.0,,,,,
không khớp,35091,NDT3460,Thành Công,2025-10-29,50.0,,,,,
không khớp,35020,THC0244,Đông Tây,2025-10-29,100.0,,,,,
không khớp,35092,NDT4259,Thành Công,2025-10-29,50.0,,,,,
không khớp,35078,NDT4281,Thành Công,2025-10-29,50.0,,,,,
không khớp,35009,NHG4272,Mộc Ấn,2025-10-29,2244.0,,,,,
không khớp,35055,NHG4283,Mộc Ấn,2025-10-29,4308.0,,,,,
không khớp,35054,NHG4285,Mộc Ấn,2025-10-29,2244.0,,,,,
không khớp,35093,NDT4243,Thành Công,2025-10-29,50.0,,,,,
không khớp,35094,NDT4221,Thành Công,2025-10-29,50.0,,,,,
không khớp,35095,NDT3818,Thành Công,2025-10-29,33.0,,,,,
không khớp,35096,NDT3460,Thành Công,2025-10-29,50.0,,,,,
không khớp,35097,NDT4243,Thành Công,2025-10-29,50.0,,,,,
không khớp,35098,NDT4243,Thành Công,2025-10-29,50.0,,,,,
không khớp,35101,NDT4221,Thành Công,2025-10-29,50.0,,,,,
không khớp,34986,NHG4109,Mộc Ấn,2025-10-29,2219.0,,,,,
không khớp,35042,NHG4184,Mộc Ấn,2025-10-29,2189.0,,,,,
không khớp,35040,THC0170,Đông Tây,2025-10-30,204.0,,,,,
không khớp,35107,NDT4293,Thành Công,2025-10-30,50.0,,,,,
không khớp,35035,NHD4024,Quang Đạt,2025-10-30,2090.0,,,,,
không khớp,35043,NHD4279,Mộc Ấn,2025-10-30,1990.0,,,,,
không khớp,35100,NDT4259,Thành Công,2025-10-30,50.0,,,,,
không khớp,35099,NDT3813,Thành Công,2025-10-30,50.0,,,,,
không khớp,35086,CHV0186,An Tín,2025-10-31,1008.0,,,,,
không khớp,35087,NAP0131,An Tín,2025-10-31,1008.0,,,,,
không khớp,35088,NHG4297,Quang Đạt,2025-10-31,1095.0,,,,,
không khớp,35083,NHG4273,Quang Đạt,2025-10-31,1095.0,,,,,
không khớp,35108,NHD4243,Cẩm Hùng,2025-10-31,240.0,,,,,
không khớp,35051,CNT0034,Minh Ngọc,2025-10-31,800.0,,,,,
không khớp,35067,NHD4216,Mộc Ấn,2025-10-31,2144.0,,,,,
không khớp,35066,NHG4280,Mộc Ấn,2025-10-31,1104.0,,,,,
không khớp,35065,NHG4101,Mộc Ấn,2025-10-31,1104.0,,,,,
không khớp,35064,NHG4234,Mộc Ấn,2025-10-31,2209.0,,,,,
không khớp,35060,NHG4275,Mộc Ấn,2025-10-31,1104.0,,,,,
không khớp,35061,NHG4231,Mộc Ấn,2025-10-31,2189.0,,,,,
không khớp,35062,NHG4232,Mộc Ấn,2025-10-31,2189.0,,,,,
không khớp,35063,NHG4233,Mộc Ấn,2025-10-31,2189.0,,,,,
không khớp,38234,NLT0021,Hải Bình,2025-10-31,210.0,,,,,
không khớp,38255,NLT0042,Việt Mỹ,2025-10-31,200.0,,,,,
không khớp,38256,NLT0152,Việt Mỹ,2025-10-31,2014.0,,,,,
không khớp,38235,NLT0047,Hải Bình,2025-10-31,300.0,,,,,
không khớp,38233,NLT0270,Việt Mỹ,2025-10-31,500.0,,,,,
không khớp,38232,NLT0084,Việt Mỹ,2025-10-31,300.0,,,,,
không khớp,35123,NDT4277,Thành Công,2025-10-31,20.0,,,,,
không khớp,35124,NDT4243,Thành Công,2025-10-31,50.0,,,,,
không khớp,35125,NDT3813,Thành Công,2025-10-31,50.0,,,,,
không khớp,35122,NDT4293,Thành Công,2025-10-31,50.0,,,,,
không khớp,35139,NDT4310,Thành Công,2025-11-01,50.0,,,,,
không khớp,35069,NHG4115,Mộc Ấn,2025-11-01,1104.0,,,,,
không khớp,35068,NHG4275,Mộc Ấn,2025-11-01,1104.0,,,,,
không khớp,35109,CHT0022,Hồ Gia,2025-11-01,2100.0,,,,,
không khớp,35110,NAP0028,Hồ Gia,2025-11-01,2100.0,,,,,
không khớp,35000,NTN4083,Quang Đạt,2025-11-01,1065.0,,,,,
không khớp,35102,NHG4298,Mộc Ấn,2025-11-03,2219.0,,,,,
không khớp,35071,NHD4281,Mộc Ấn,2025-11-03,2174.0,,,,,
không khớp,35112,NHG4137,Mộc Ấn,2025-11-03,9353.0,,,,,
không khớp,35111,NHG4295,Mộc Ấn,2025-11-03,2219.0,,,,,
không khớp,35089,NHG4301,Mộc Ấn,2025-11-03,1104.0,,,,,
không khớp,35103,NHG4288,Mộc Ấn,2025-11-03,8875.0,,,,,
không khớp,35070,NHG4286,Mộc Ấn,2025-11-03,8497.0,,,,,
không khớp,35143,THC0247,NCCKS007,2025-11-03,348.0,,,,,
không khớp,35142,THC0246,NCCKS007,2025-11-03,357.0,,,,,
không khớp,35140,NHD4183,Cẩm Hùng,2025-11-03,150.0,,,,,
không khớp,35138,NAP0156,Phương Nam,2025-11-03,10080.0,,,,,
không khớp,35137,CPT0234,Phương Nam,2025-11-03,10080.0,,,,,
không khớp,35134,CHT0230,PHL,2025-11-04,3072.0,,,,,
không khớp,35136,COC0010,PHL,2025-11-04,3072.0,,,,,
không khớp,35135,NAP0153,PHL,2025-11-04,3072.0,,,,,
không khớp,35126,THC0213,Đông Tây,2025-11-04,104.0,,,,,
không khớp,35090,NTN4292,Tân Đức,2025-11-04,5310.0,,,,,
không khớp,35072,NHG4106,Mộc Ấn,2025-11-04,1080.0,,,,,
không khớp,35113,NHD4293,Mộc Ấn,2025-11-04,2308.0,,,,,
không khớp,34860,CHT0230,PHL,2025-11-04,2048.0,,,,,
không khớp,34861,NAP0153,PHL,2025-11-04,2048.0,,,,,
không khớp,34862,COC0010,PHL,2025-11-04,2048.0,,,,,
không khớp,35077,NTN3813,Quang Đạt,2025-11-05,1040.0,,,,,
không khớp,35115,NHG4300,Mộc Ấn,2025-11-05,2224.0,,,,,
không khớp,35114,NHG4299,Mộc Ấn,2025-11-05,2224.0,,,,,
không khớp,35106,NHG4288,Mộc Ấn,2025-11-05,4438.0,,,,,
không khớp,35105,NHG4302,Mộc Ấn,2025-11-05,2219.0,,,,,
không khớp,35104,NHD4282,Mộc Ấn,2025-11-05,2209.0,,,,,
không khớp,35041,THC0245,Đông Tây,2025-11-05,105.0,,,,,
không khớp,35127,THC0003,Đông Tây,2025-11-05,312.0,,,,,
không khớp,35146,NHG4211,Quang Đạt,2025-11-05,2030.0,,,,,
không khớp,35164,NDT4329,Thành Công,2025-11-06,30.0,,,,,
không khớp,35131,THI0164,Đông Tây,2025-11-06,509.0,,,,,
không khớp,35130,THI0226,Đông Tây,2025-11-06,105.0,,,,,
không khớp,35129,THI0226,Đông Tây,2025-11-06,105.0,,,,,
không khớp,35128,THI0173,Đông Tây,2025-11-06,216.0,,,,,
không khớp,35161,NHG3750,Cẩm Hùng,2025-11-06,350.0,,,,,
không khớp,35084,HOP3925,Quang Đạt,2025-11-06,570.0,,,,,
không khớp,35116,NHG4286,Mộc Ấn,2025-11-06,8756.0,,,,,
không khớp,35085,HOP3051,Quang Đạt,2025-11-06,571.0,,,,,
không khớp,35118,NHG4311,Mộc Ấn,2025-11-07,2179.0,,,,,
không khớp,35117,NHG4310,Mộc Ấn,2025-11-07,4373.0,,,,,
không khớp,35165,CPT0075,Thành Phát,2025-11-07,2000.0,,,,,
không khớp,35166,NAP0055,Thành Phát,2025-11-07,2000.0,,,,,
không khớp,35145,NHG4316,Mộc Ấn,2025-11-08,2199.0,,,,,
không khớp,35144,NHG4314,Mộc Ấn,2025-11-08,2199.0,,,,,
không khớp,35150,CHT0116,Phương Nam,2025-11-08,3000.0,,,,,
không khớp,35151,NAP0056,Phương Nam,2025-11-08,756.0,,,,,
không khớp,35152,CAN0028,Phương Nam,2025-11-08,108.0,,,,,
không khớp,34864,CPT0050,Phương Nam,2025-11-08,756.0,,,,,
không khớp,35037,NTN4242,Tân Đức,2025-11-08,9960.0,,,,,
không khớp,34863,NAP0070,Phương Nam,2025-11-08,3000.0,,,,,
không khớp,35187,NDT4409,Thành Công,2025-11-10,33.0,,,,,
không khớp,35170,CPT0232,PHL,2025-11-10,4000.0,,,,,
không khớp,35171,NAP0154,PHL,2025-11-10,4000.0,,,,,
không khớp,35183,NAP0027,PHL,2025-11-10,1000.0,,,,,
không khớp,35182,CHT0018,PHL,2025-11-10,1000.0,,,,,
không khớp,35149,THC0188,Đông Tây,2025-11-10,110.0,,,,,
không khớp,35155,NHG4319,Quang Đạt,2025-11-11,1124.0,,,,,
không khớp,35156,NHG4325,Quang Đạt,2025-11-11,1124.0,,,,,
không khớp,35157,NHG4325,Quang Đạt,2025-11-11,1124.0,,,,,
không khớp,35154,NHG4321,Quang Đạt,2025-11-11,1124.0,,,,,
không khớp,35172,NHD4339,Quang Đạt,2025-11-12,1095.0,,,,,
không khớp,35180,NHD4342,Cẩm Hùng,2025-11-12,100.0,,,,,
không khớp,35167,NHD3573,Cẩm Hùng,2025-11-12,85.0,,,,,
không khớp,35162,NHP4319,Cẩm Hùng,2025-11-12,1000.0,,,,,
không khớp,35163,NTN4329,Tân Đức,2025-11-12,3160.0,,,,,
không khớp,35159,NHD4324,Quang Đạt,2025-11-12,1095.0,,,,,
không khớp,35158,NHD4323,Quang Đạt,2025-11-12,1095.0,,,,,
không khớp,35153,NHG3690,Quang Đạt,2025-11-12,2090.0,,,,,
không khớp,35148,NTN4305,Tân Đức,2025-11-12,3110.0,,,,,
không khớp,35188,XOT0008,Phương Nam,2025-11-13,50.0,,,,,
không khớp,35201,CAN0005,Hns,2025-11-13,100.0,,,,,
không khớp,35189,NAP0142,Phương Nam,2025-11-13,50.0,,,,,
không khớp,35202,NAP0129,Hns,2025-11-13,100.0,,,,,
không khớp,35185,NHG4340,Quang Đạt,2025-11-14,1124.0,,,,,
không khớp,35184,NHG4348,Quang Đạt,2025-11-14,1124.0,,,,,
không khớp,35206,NAP0009,Vinaco,2025-11-14,2000.0,,,,,
không khớp,35221,NHG4337,Cẩm Hùng,2025-11-14,200.0,,,,,
không khớp,35205,CPT0024,Vinaco,2025-11-14,2000.0,,,,,
không khớp,35174,NHG4334,Quang Đạt,2025-11-14,1124.0,,,,,
không khớp,35173,NHG4337,Quang Đạt,2025-11-14,1124.0,,,,,
không khớp,35168,NHG4336,Mộc Ấn,2025-11-14,2328.0,,,,,
không khớp,35132,THC0078,Đông Tây,2025-11-14,500.0,,,,,
không khớp,35207,COC0009,Vinaco,2025-11-14,2000.0,,,,,
không khớp,35160,NTN4313,Quang Đạt,2025-11-14,1050.0,,,,,
không khớp,35194,CHT0151,Phương Nam,2025-11-15,1050.0,,,,,
không khớp,35223,NHG4372,Cẩm Hùng,2025-11-15,250.0,,,,,
không khớp,35195,NAP0157,Phương Nam,2025-11-15,1050.0,,,,,
không khớp,35198,CPV0077,Phương Nam,2025-11-15,1120.0,,,,,
không khớp,35196,CHT0151,Phương Nam,2025-11-15,525.0,,,,,
không khớp,35199,NAP0061,Phương Nam,2025-11-15,1120.0,,,,,
không khớp,35197,NAP0113,Phương Nam,2025-11-15,525.0,,,,,
không khớp,35238,NDT4377,Thành Công,2025-11-15,30.0,,,,,
không khớp,35214,NHG4374,Quang Đạt,2025-11-15,1134.0,,,,,
không khớp,35212,NAP0136,Phương Nam,2025-11-15,2016.0,,,,,
không khớp,35175,NHG4235,Quang Đạt,2025-11-15,1134.0,,,,,
không khớp,35133,THC0216,Đông Tây,2025-11-15,210.0,,,,,
không khớp,35211,CHT0212,Phương Nam,2025-11-15,2016.0,,,,,
không khớp,34866,NAP0157,Phương Nam,2025-11-15,525.0,,,,,
không khớp,34865,CHT0151,Phương Nam,2025-11-15,525.0,,,,,
không khớp,38237,NLT0154,Tmg,2025-11-15,100.0,,,,,
không khớp,38238,NLT0173,Tmg,2025-11-15,100.0,,,,,
không khớp,35253,NDT4347,Thành Công,2025-11-17,12.0,,,,,
không khớp,35224,NHD4318,Cẩm Hùng,2025-11-17,450.0,,,,,
không khớp,35225,NHG4383,Cẩm Hùng,2025-11-17,350.0,,,,,
không khớp,35248,NDT4356,Thành Công,2025-11-17,12.0,,,,,
không khớp,35249,NDT4365,Thành Công,2025-11-17,30.0,,,,,
không khớp,35250,NDT3892,Thành Công,2025-11-17,50.0,,,,,
không khớp,35251,NDT3734,Thành Công,2025-11-17,20.0,,,,,
không khớp,35255,NDT4401,Thành Công,2025-11-17,12.0,,,,,
không khớp,35256,NDT4282,Thành Công,2025-11-17,50.0,,,,,
không khớp,35252,NDT4361,Thành Công,2025-11-17,10.0,,,,,
không khớp,35257,NHG4327,Quang Đạt,2025-11-17,1055.0,,,,,
không khớp,35177,NDT4331,Thành Công,2025-11-17,50.0,,,,,
không khớp,35178,NDT4335,Thành Công,2025-11-17,50.0,,,,,
không khớp,35179,NHG4312,Cẩm Hùng,2025-11-17,450.0,,,,,
không khớp,35169,NHG4326,Mộc Ấn,2025-11-17,2169.0,,,,,
không khớp,35193,NHG4331,Mộc Ấn,2025-11-17,2189.0,,,,,
không khớp,35231,NAP0070,Phương Nam,2025-11-18,3000.0,,,,,
không khớp,35259,NHG4390,Cẩm Hùng,2025-11-18,220.0,,,,,
không khớp,35230,CHT0116,Phương Nam,2025-11-18,3000.0,,,,,
không khớp,35229,NAP0029,Hồ Gia,2025-11-18,4050.0,,,,,
không khớp,35228,CHT0023,Hồ Gia,2025-11-18,4050.0,,,,,
không khớp,35208,NHG4375,Mộc Ấn,2025-11-18,6542.0,,,,,
không khớp,35269,NDT4389,Dego Cần Thơ,2025-11-19,250.0,,,,,
không khớp,35278,NAP0118,Thành Phát,2025-11-19,2075.0,,,,,
không khớp,35186,NHG4294,Quang Đạt,2025-11-19,1114.0,,,,,
không khớp,35176,NTN4335,Tân Đức,2025-11-19,3140.0,,,,,
không khớp,35277,CHT0141,Thành Phát,2025-11-19,2075.0,,,,,
không khớp,35141,THC0248,Đông Tây,2025-11-19,108.0,,,,,
không khớp,35190,NTN4355,Tân Đức,2025-11-19,18060.0,,,,,
không khớp,35236,NHG4291,Quang Đạt,2025-11-19,1114.0,,,,,
không khớp,35235,NHG4338,Quang Đạt,2025-11-19,1114.0,,,,,
không khớp,35234,NHG4380,Quang Đạt,2025-11-19,1114.0,,,,,
không khớp,35233,NHG4379,Quang Đạt,2025-11-19,1114.0,,,,,
không khớp,35215,NHD4365,Quang Đạt,2025-11-19,1085.0,,,,,
không khớp,35216,NHD4366,Quang Đạt,2025-11-19,1085.0,,,,,
không khớp,35270,NDT4398,Dego Cần Thơ,2025-11-19,25.0,,,,,
không khớp,35200,NHD4356,Quang Đạt,2025-11-19,1085.0,,,,,
không khớp,35191,NTN3891,Tân Đức,2025-11-20,1110.0,,,,,
không khớp,35279,NHD3859,Cẩm Hùng,2025-11-20,25.0,,,,,
không khớp,35181,THC0242,Đông Tây,2025-11-20,110.0,,,,,
không khớp,35245,NHD4117,Quang Đạt,2025-11-20,1144.0,,,,,
không khớp,35192,NDT4355,Thành Công,2025-11-20,60.0,,,,,
không khớp,35276,NDT4256,Thành Công,2025-11-21,300.0,,,,,
không khớp,35299,NDT4255,Thành Công,2025-11-21,300.0,,,,,
không khớp,35210,NHG4363,Mộc Ấn,2025-11-21,2209.0,,,,,
không khớp,35302,NDT4386,Thành Công,2025-11-21,50.0,,,,,
không khớp,35209,NHG4373,Mộc Ấn,2025-11-21,2239.0,,,,,
không khớp,35266,NAP0158,Phương Nam,2025-11-21,2016.0,,,,,
không khớp,35271,CHT0238,PHL,2025-11-21,11000.0,,,,,
không khớp,35254,NDT4282,Thành Công,2025-11-21,50.0,,,,,
không khớp,35267,CHT0151,Phương Nam,2025-11-21,1050.0,,,,,
không khớp,35262,NAP0159,Phương Nam,2025-11-21,1050.0,,,,,
không khớp,35265,CHT0236,Phương Nam,2025-11-21,2016.0,,,,,
không khớp,35272,NAP0161,PHL,2025-11-21,11000.0,,,,,
không khớp,35263,NHG4333,Mộc Ấn,2025-11-21,2239.0,,,,,
không khớp,35304,NHG4371,An Nông,2025-11-21,12000.0,,,,,
không khớp,35204,NDT4343,Thành Công,2025-11-21,50.0,,,,,
không khớp,35203,NHG4357,Mộc Ấn,2025-11-21,2209.0,,,,,
không khớp,35239,NHG4369,An Nông,2025-11-21,5000.0,,,,,
không khớp,35232,NHG3786,Quang Đạt,2025-11-21,2239.0,,,,,
không khớp,35227,THC0146,Đông Tây,2025-11-21,310.0,,,,,
không khớp,35226,THI0202,Đông Tây,2025-11-21,218.0,,,,,
không khớp,38251,NLT0144,Du Bai,2025-11-21,1.0,,,,,
không khớp,38250,NLT0174,Ngàn Hương,2025-11-22,50.0,,,,,
không khớp,38248,NLT0080,Ngàn Hương,2025-11-22,25.0,,,,,
không khớp,38236,NLT0171,Ntk,2025-11-22,450.0,,,,,
không khớp,38252,NLT0154,Ntk,2025-11-22,100.0,,,,,
không khớp,38253,NLT0172,Ntk,2025-11-22,50.0,,,,,
không khớp,35247,NHG4381,Quang Đạt,2025-11-22,1095.0,,,,,
không khớp,35285,NAP0153,PHL,2025-11-22,2015.0,,,,,
không khớp,35284,CHT0239,PHL,2025-11-22,2015.0,,,,,
không khớp,35274,NHG4399,Quang Đạt,2025-11-22,1095.0,,,,,
không khớp,35273,NHD4389,Quang Đạt,2025-11-22,1134.0,,,,,
không khớp,35218,NDT4366,Thành Công,2025-11-22,30.0,,,,,
không khớp,35219,NDT4360,Thành Công,2025-11-22,50.0,,,,,
không khớp,35220,NDT3891,Thành Công,2025-11-22,50.0,,,,,
không khớp,35310,NAP0150,Vinaco,2025-11-22,5000.0,,,,,
không khớp,35246,NHG4364,Quang Đạt,2025-11-22,1095.0,,,,,
không khớp,35309,NAP0150,Vinaco,2025-11-22,912.0,,,,,
không khớp,35308,CHT0216,Vinaco,2025-11-22,912.0,,,,,
không khớp,35287,NAP0156,Phương Nam,2025-11-23,5040.0,,,,,
không khớp,35286,CPT0234,Phương Nam,2025-11-23,5040.0,,,,,
không khớp,35283,NAP0029,Hồ Gia,2025-11-23,2100.0,,,,,
không khớp,35282,CHT0217,Hồ Gia,2025-11-23,2100.0,,,,,
không khớp,35281,NAP0028,Hồ Gia,2025-11-23,2100.0,,,,,
không khớp,35280,CHT0022,Hồ Gia,2025-11-23,2100.0,,,,,
không khớp,38260,NLT0042,Việt Mỹ,2025-11-23,200.0,,,,,
không khớp,38258,NLT0173,Vĩnh Nam Anh,2025-11-24,50.0,,,,,
không khớp,38254,NLT0245,Svc,2025-11-24,200.0,,,,,
không khớp,38280,NLT0029,Vĩnh Nam Anh,2025-11-24,100.0,,,,,
không khớp,38278,NLT0194,Svc,2025-11-24,200.0,,,,,
không khớp,38257,NLT0198,Vĩnh Nam Anh,2025-11-24,25.0,,,,,
không khớp,38259,NLT0174,Vĩnh Nam Anh,2025-11-24,50.0,,,,,
không khớp,38262,NLT0245,Svc,2025-11-24,200.0,,,,,
không khớp,38281,NLT0093,Vĩnh Nam Anh,2025-11-24,170.0,,,,,
không khớp,38261,NLT0029,Vĩnh Nam Anh,2025-11-24,50.0,,,,,
không khớp,38246,NLT0205,Hải Bình,2025-11-24,1.0,,,,,
không khớp,38245,NLT0084,Hải Bình,2025-11-24,800.0,,,,,
không khớp,38244,NLT0050,Hải Bình,2025-11-24,200.0,,,,,
không khớp,38243,NLT0049,Hải Bình,2025-11-24,100.0,,,,,
không khớp,38242,NLT0047,Hải Bình,2025-11-24,200.0,,,,,
không khớp,38241,NLT0286,Hải Bình,2025-11-24,950.0,,,,,
không khớp,38240,NLT0025,Hải Bình,2025-11-24,200.0,,,,,
không khớp,38239,NLT0024,Châu Ngân,2025-11-24,200.0,,,,,
không khớp,35306,NAP0090,Thành Phát,2025-11-24,1080.0,,,,,
không khớp,35305,CPV0108,Thành Phát,2025-11-24,1080.0,,,,,
không khớp,35295,NHG4354,Quang Đạt,2025-11-24,1154.0,,,,,
không khớp,35293,NHG4350,Quang Đạt,2025-11-24,1154.0,,,,,
không khớp,35341,NAP0138,Vinaco,2025-11-24,3000.0,,,,,
không khớp,35292,NHG4391,Quang Đạt,2025-11-24,1154.0,,,,,
không khớp,35296,NHG4351,Quang Đạt,2025-11-24,1154.0,,,,,
không khớp,35340,CPT0215,Vinaco,2025-11-24,3000.0,,,,,
không khớp,35294,NHG4352,Quang Đạt,2025-11-24,1154.0,,,,,
không khớp,35316,CNT0033,Minh Ngọc,2025-11-24,1400.0,,,,,
không khớp,35213,NTN4360,Quang Đạt,2025-11-24,1075.0,,,,,
không khớp,35217,NTN4361,Quang Đạt,2025-11-24,1095.0,,,,,
không khớp,35268,NTN4368,Tân Đức,2025-11-24,101530.0,,,,,
không khớp,35264,NHG4376,Mộc Ấn,2025-11-24,2244.0,,,,,
không khớp,35261,NHG4343,Mộc Ấn,2025-11-24,2189.0,,,,,
không khớp,35348,CHT0198,NCCKS010,2025-11-25,2500.0,,,,,
không khớp,35349,NAP0107,NCCKS010,2025-11-25,2500.0,,,,,
không khớp,35350,THC0229,NCCKS010,2025-11-25,70.0,,,,,
không khớp,35290,NHG4388,Mộc Ấn,2025-11-25,2229.0,,,,,
không khớp,35289,NHG4382,Mộc Ấn,2025-11-25,2229.0,,,,,
không khớp,38270,NLT0084,Hải Bình,2025-11-25,1.5,,,,,
không khớp,38247,NLT0194,Nam Bình,2025-11-25,210.0,,,,,
không khớp,38271,NLT0015,Châu Ngân,2025-11-25,500.0,,,,,
không khớp,38272,NLT0046,Châu Ngân,2025-11-25,105.0,,,,,
không khớp,38273,NLT0016,Hải Bình,2025-11-25,2.5,,,,,
không khớp,38274,NLT0025,Hải Bình,2025-11-25,300.0,,,,,
không khớp,38275,NLT0081,Hải Bình,2025-11-25,150.0,,,,,
không khớp,38276,NLT0084,Hải Bình,2025-11-25,1.5,,,,,
không khớp,38277,NLT0279,Hải Bình,2025-11-25,100.0,,,,,
không khớp,38279,NLT0194,Nam Bình,2025-11-25,210.0,,,,,
không khớp,38268,NLT0046,Hải Bình,2025-11-25,50.0,,,,,
không khớp,38267,NLT0286,Hải Bình,2025-11-25,3.5,,,,,
không khớp,38266,NLT0025,Hải Bình,2025-11-25,200.0,,,,,
không khớp,38265,NLT0016,Hải Bình,2025-11-25,2.0,,,,,
không khớp,38264,NLT0015,Hải Bình,2025-11-25,500.0,,,,,
không khớp,38263,NLT0194,Nam Bình,2025-11-25,210.0,,,,,
không khớp,38269,NLT0081,Hải Bình,2025-11-25,100.0,,,,,
không khớp,34867,HOP1493,Trí Tín,2025-11-25,4835.0,,,,,
không khớp,34868,HOP3335,Trí Tín,2025-11-25,5260.0,,,,,
không khớp,35119,NHG4101,Mộc Ấn,2025-11-25,1094.0,,,,,
không khớp,35323,NHG4410,Quang Đạt,2025-11-26,1174.0,,,,,
không khớp,35324,NHG4421,Quang Đạt,2025-11-26,1174.0,,,,,
không khớp,35322,NHG4411,Quang Đạt,2025-11-26,1095.0,,,,,
không khớp,35319,NHG4217,Quang Đạt,2025-11-26,1174.0,,,,,
không khớp,35342,NDT4405,Thành Công,2025-11-26,54.0,,,,,
không khớp,35311,NDT4406,Thành Công,2025-11-26,33.0,,,,,
không khớp,35343,NHP4376,Cẩm Hùng,2025-11-26,2000.0,,,,,
không khớp,35344,NHG3864,Cẩm Hùng,2025-11-26,220.0,,,,,
không khớp,35345,NDT4377,Thành Công,2025-11-26,54.0,,,,,
không khớp,35320,NHG4194,Quang Đạt,2025-11-26,1174.0,,,,,
không khớp,35354,NDT4426,Thành Công,2025-11-26,40.0,,,,,
không khớp,35373,NDT4426,Thành Công,2025-11-26,20.0,,,,,
không khớp,35291,NHG4332,Mộc Ấn,2025-11-26,2229.0,,,,,
không khớp,35351,NDT4117,Thành Công,2025-11-27,10.0,,,,,
không khớp,35352,CPT0063,Thành Phát,2025-11-27,432.0,,,,,
không khớp,35353,NAP0074,Thành Phát,2025-11-27,432.0,,,,,
không khớp,35382,NDT4347,Thành Công,2025-11-27,20.0,,,,,
không khớp,35377,NDT4030,Thành Công,2025-11-27,33.0,,,,,
không khớp,35336,NHG4412,Quang Đạt,2025-11-27,1174.0,,,,,
không khớp,35378,NHD4318,Cẩm Hùng,2025-11-27,420.0,,,,,
không khớp,35379,NHD4431,Cẩm Hùng,2025-11-27,320.0,,,,,
không khớp,35380,NHD4418,Cẩm Hùng,2025-11-27,210.0,,,,,
không khớp,35381,NDT4384,Thành Công,2025-11-27,50.0,,,,,
không khớp,35321,NHG4403,Quang Đạt,2025-11-27,1174.0,,,,,
không khớp,35297,NTN4386,Tân Đức,2025-11-27,5400.0,,,,,
không khớp,35237,NTN4377,Tân Đức,2025-11-27,3030.0,,,,,
không khớp,35275,NHD4398,Quang Đạt,2025-11-27,2010.0,,,,,
không khớp,35258,THC0252,Đông Tây,2025-11-27,104.0,,,,,
không khớp,35303,NTN4401,Tân Đức,2025-11-27,3310.0,,,,,
không khớp,35222,THC0259,Đông Tây,2025-11-27,108.0,,,,,
không khớp,35359,CHT0018,PHL,2025-11-28,2400.0,,,,,
không khớp,35374,CPT0067,Thành Phát,2025-11-28,216.0,,,,,
không khớp,35375,NAP0073,Thành Phát,2025-11-28,216.0,,,,,
không khớp,35242,THC0255,NCCKS007,2025-11-28,300.0,,,,,
không khớp,35386,NDT4404,Thành Công,2025-11-28,30.0,,,,,
không khớp,35347,NAP0107,Hns,2025-11-28,1000.0,,,,,
không khớp,35346,CHT0133,Hns,2025-11-28,1000.0,,,,,
không khớp,35241,THC0254,NCCKS007,2025-11-28,300.0,,,,,
không khớp,35240,THC0253,NCCKS007,2025-11-28,297.0,,,,,
không khớp,35355,CAN0003,Hns,2025-11-28,100.0,,,,,
không khớp,35376,COC0011,Thành Phát,2025-11-28,216.0,,,,,
không khớp,35360,NAP0027,PHL,2025-11-28,2400.0,,,,,
không khớp,35356,NAP0164,Hns,2025-11-28,100.0,,,,,
không khớp,35361,CPT0082,PHL,2025-11-28,2400.0,,,,,
không khớp,35387,NDT4355,Thành Công,2025-11-28,60.0,,,,,
không khớp,35362,NAP0162,PHL,2025-11-28,2400.0,,,,,
không khớp,35388,NDT3603,Thành Công,2025-11-28,30.0,,,,,
không khớp,35389,NDT3174,Thành Công,2025-11-28,30.0,,,,,
không khớp,35363,COC0007,PHL,2025-11-28,2400.0,,,,,
không khớp,35364,CPT0234,Phương Nam,2025-11-28,2016.0,,,,,
không khớp,35365,NAP0163,Phương Nam,2025-11-28,2016.0,,,,,
không khớp,35366,CHT0116,Phương Nam,2025-11-28,2025.0,,,,,
không khớp,35327,HOP4368,Quang Đạt,2025-11-28,995.0,,,,,
không khớp,35326,HOP4367,Quang Đạt,2025-11-28,2209.0,,,,,
không khớp,35325,NHG4346,Quang Đạt,2025-11-28,1095.0,,,,,
không khớp,35367,NAP0070,Phương Nam,2025-11-28,2025.0,,,,,
không khớp,35318,NHG4002,Mộc Ấn,2025-11-29,2234.0,,,,,
không khớp,35358,NHG4211,Mộc Ấn,2025-11-29,2234.0,,,,,
không khớp,35300,NDT4404,Thành Công,2025-11-29,30.0,,,,,
không khớp,35357,NHG4001,Mộc Ấn,2025-11-29,2209.0,,,,,
không khớp,35301,NDT4397,Thành Công,2025-11-29,30.0,,,,,
không khớp,35372,NTN4409,Tân Đức,2025-11-29,6340.0,,,,,
không khớp,35298,NTN4397,Tân Đức,2025-11-29,3120.0,,,,,
không khớp,35338,NTN4426,Tân Đức,2025-11-29,6260.0,,,,,
không khớp,35332,HOP4367,Quang Đạt,2025-11-29,1612.0,,,,,
không khớp,35330,HOP4368,Quang Đạt,2025-11-29,3104.0,,,,,
không khớp,35329,NHG4378,Quang Đạt,2025-11-29,2040.0,,,,,
không khớp,35328,NHG4387,An Nông,2025-11-29,5000.0,,,,,
không khớp,35317,NHD4407,Mộc Ấn,2025-11-29,2199.0,,,,,
không khớp,35411,CHT0237,Phương Nam,2025-12-01,1050.0,,,,,
không khớp,35410,NAP0002,Phương Nam,2025-12-01,800.0,,,,,
không khớp,35383,NHG4443,Cẩm Hùng,2025-12-01,220.0,,,,,
không khớp,35384,CAN0033,Ngọc Minh,2025-12-01,100.0,,,,,
không khớp,35385,NAP0164,Ngọc Minh,2025-12-01,100.0,,,,,
không khớp,35414,NAP0113,Phương Nam,2025-12-01,600.0,,,,,
không khớp,35409,CPV0012,Phương Nam,2025-12-01,800.0,,,,,
không khớp,35412,NAP0159,Phương Nam,2025-12-01,1050.0,,,,,
không khớp,35413,CHT0151,Phương Nam,2025-12-01,600.0,,,,,
không khớp,35408,COC0004,Phương Nam,2025-12-01,2016.0,,,,,
không khớp,35407,NAP0144,Phương Nam,2025-12-01,2016.0,,,,,
không khớp,35406,CHT0058,Phương Nam,2025-12-01,2016.0,,,,,
không khớp,35398,NHD4318,Cẩm Hùng,2025-12-01,450.0,,,,,
không khớp,35390,NTN4367,Tân Đức,2025-12-01,117400.0,,,,,
không khớp,35391,NHG2962,Cẩm Hùng,2025-12-01,200.0,,,,,
không khớp,35370,NHG4320,Quang Đạt,2025-12-01,1095.0,,,,,
không khớp,35243,THC0256,NCCKS007,2025-12-01,403.0,,,,,
không khớp,35331,NHD4406,Quang Đạt,2025-12-01,1114.0,,,,,
không khớp,35333,NTN4370,An Nông,2025-12-01,105840.0,,,,,
không khớp,35334,HOP4370,Quang Đạt,2025-12-01,995.0,,,,,
không khớp,35371,NTN4404,Tân Đức,2025-12-01,3330.0,,,,,
không khớp,35337,NHD4347,Quang Đạt,2025-12-01,1114.0,,,,,
không khớp,35339,NDT4407,Thành Công,2025-12-01,50.0,,,,,
không khớp,35368,NHG4423,Quang Đạt,2025-12-01,1095.0,,,,,
không khớp,35369,NHG4422,Quang Đạt,2025-12-01,1095.0,,,,,
không khớp,35436,NDT3697,Thành Công,2025-12-02,50.0,,,,,
không khớp,35435,NDT4249,Thành Công,2025-12-02,100.0,,,,,
không khớp,35434,NDT4249,Thành Công,2025-12-02,100.0,,,,,
không khớp,35422,NDT4456,Thành Công,2025-12-02,100.0,,,,,
không khớp,35419,NDT4454,Thành Công,2025-12-02,30.0,,,,,
không khớp,35420,NDT4355,Thành Công,2025-12-02,60.0,,,,,
không khớp,35260,THC0251,Đông Tây,2025-12-02,105.0,,,,,
không khớp,35312,NTN4405,Quang Đạt,2025-12-02,1085.0,,,,,
không khớp,35418,NHG4434,Mộc Ấn,2025-12-03,1119.0,,,,,
không khớp,35416,NAP0002,Phương Nam,2025-12-03,2080.0,,,,,
không khớp,35415,CPV0006,Phương Nam,2025-12-03,2080.0,,,,,
không khớp,35244,THC0257,NCCKS007,2025-12-03,402.0,,,,,
không khớp,35401,NAP0023,PHL,2025-12-04,2000.0,,,,,
không khớp,35426,NHG4438,Mộc Ấn,2025-12-04,1119.0,,,,,
không khớp,35425,NHG4135,Mộc Ấn,2025-12-04,1114.0,,,,,
không khớp,35424,NHG4151,Mộc Ấn,2025-12-04,1114.0,,,,,
không khớp,35427,NHG4437,Mộc Ấn,2025-12-04,1119.0,,,,,
không khớp,35421,NHG4433,Mộc Ấn,2025-12-04,1119.0,,,,,
không khớp,35400,CET0098,PHL,2025-12-04,2000.0,,,,,
không khớp,35402,COC0002,PHL,2025-12-04,2000.0,,,,,
không khớp,38133,NLT0253,Thịnh Phát Vi Na,2025-12-04,25.0,,,,,
không khớp,38292,NLT0054,Vĩnh Nam Anh,2025-12-05,50.0,,,,,
không khớp,38293,NLT0290,Châu Ngân,2025-12-05,100.0,,,,,
không khớp,38294,NLT0073,Hóa Chất Miền Nam,2025-12-05,5.0,,,,,
không khớp,38295,NLT0083,Hóa Chất Miền Nam,2025-12-05,2.0,,,,,
không khớp,38296,NLT0084,Hải Bình,2025-12-05,1.0,,,,,
không khớp,38297,NLT0090,Hóa Chất Miền Nam,2025-12-05,5.0,,,,,
không khớp,38304,NLT0093,Vĩnh Nam Anh,2025-12-05,340.0,,,,,
không khớp,38306,NLT0155,Hải Bình,2025-12-05,300.0,,,,,
không khớp,38313,NLT0194,Nam Bình,2025-12-05,1.05,,,,,
không khớp,38314,NLT0245,Svc,2025-12-05,200.0,,,,,
không khớp,38318,NLT0258,Hải Bình,2025-12-05,20.0,,,,,
không khớp,38289,NLT0029,Vĩnh Nam Anh,2025-12-05,50.0,,,,,
không khớp,38319,NLT0284,NCCKS018,2025-12-05,1.8,,,,,
không khớp,38320,NLT0060,Vĩnh Nam Anh,2025-12-05,430.0,,,,,
không khớp,38290,NLT0038,Hóa Chất Miền Nam,2025-12-05,100.0,,,,,
không khớp,38282,NLT0015,Châu Ngân,2025-12-05,1.0,,,,,
không khớp,38283,NLT0016,Hải Bình,2025-12-05,700.0,,,,,
không khớp,38284,NLT0017,Hải Bình,2025-12-05,500.0,,,,,
không khớp,38285,NLT0021,Hải Bình,2025-12-05,210.0,,,,,
không khớp,38287,NLT0024,Châu Ngân,2025-12-05,300.0,,,,,
không khớp,38291,NLT0046,Châu Ngân,2025-12-05,195.0,,,,,
không khớp,38288,NLT0025,Hải Bình,2025-12-05,300.0,,,,,
không khớp,38286,NLT0022,Vĩnh Nam Anh,2025-12-05,500.0,,,,,
không khớp,37888,NLT0015,Hải Bình,2025-12-05,1.0,,,,,
không khớp,35392,NTN4454,Tân Đức,2025-12-05,3080.0,,,,,
không khớp,35307,HOP4255,Trí Tín,2025-12-05,1040.0,,,,,
không khớp,35451,NHG4470,Cẩm Hùng,2025-12-05,420.0,,,,,
không khớp,35469,NDT3736,Thành Công,2025-12-06,12.0,,,,,
không khớp,35445,NHG4451,Mộc Ấn,2025-12-06,2234.0,,,,,
không khớp,35470,NDT4260,Thành Công,2025-12-06,30.0,,,,,
không khớp,35446,NHG4455,Mộc Ấn,2025-12-06,8955.0,,,,,
không khớp,35485,NHG4453,Mộc Ấn,2025-12-06,1114.0,,,,,
không khớp,35449,NHG4452,Mộc Ấn,2025-12-06,8955.0,,,,,
không khớp,35430,NTN3697,Tân Đức,2025-12-06,1090.0,,,,,
không khớp,35450,NHG4449,Mộc Ấn,2025-12-06,1114.0,,,,,
không khớp,35428,NHG4436,Mộc Ấn,2025-12-06,1114.0,,,,,
không khớp,35465,NAP0120,Thành Phát,2025-12-06,2075.0,,,,,
không khớp,35464,CHT0169,Thành Phát,2025-12-06,2075.0,,,,,
không khớp,35429,NHG4444,Mộc Ấn,2025-12-06,1114.0,,,,,
không khớp,35484,NHG4325,Mộc Ấn,2025-12-06,1114.0,,,,,
không khớp,35483,NHG4448,Mộc Ấn,2025-12-06,2249.0,,,,,
không khớp,35475,CHT0171,NCCKS010,2025-12-08,2000.0,,,,,
không khớp,35314,THC0258,Đông Tây,2025-12-08,102.0,,,,,
không khớp,35313,THC0250,Đông Tây,2025-12-08,110.0,,,,,
không khớp,35448,NHG4395,Mộc Ấn,2025-12-08,2244.0,,,,,
không khớp,35447,NHG4394,Mộc Ấn,2025-12-08,2244.0,,,,,
không khớp,35315,THC0260,Đông Tây,2025-12-08,105.0,,,,,
không khớp,35474,THC0233,NCCKS010,2025-12-08,50.0,,,,,
không khớp,35503,NHG4417,Mộc Ấn,2025-12-08,2219.0,,,,,
không khớp,35477,NAP0129,Hns,2025-12-08,120.0,,,,,
không khớp,35476,CAN0005,Hns,2025-12-08,120.0,,,,,
không khớp,35432,NHG4446,Mộc Ấn,2025-12-08,1085.0,,,,,
không khớp,35431,NHG4432,Mộc Ấn,2025-12-08,1085.0,,,,,
không khớp,35437,CHT0116,Phương Nam,2025-12-09,2025.0,,,,,
không khớp,35438,NAP0070,Phương Nam,2025-12-09,2025.0,,,,,
không khớp,35471,NHG4034,Cẩm Hùng,2025-12-09,375.0,,,,,
không khớp,35403,CPT0240,PHL,2025-12-09,1120.0,,,,,
không khớp,35404,CPT0241,PHL,2025-12-09,1120.0,,,,,
không khớp,35423,NDT4355,Thành Công,2025-12-09,30.0,,,,,
không khớp,35405,NAP0138,PHL,2025-12-09,2240.0,,,,,
không khớp,38325,NLT0194,Nam Bình,2025-12-09,1.05,,,,,
không khớp,38324,NLT0194,Nam Bình,2025-12-09,1.05,,,,,
không khớp,38323,NLT0060,Vĩnh Nam Anh,2025-12-09,1.075,,,,,
không khớp,38322,NLT0173,Vĩnh Nam Anh,2025-12-09,100.0,,,,,
không khớp,38321,NLT0029,Vĩnh Nam Anh,2025-12-09,500.0,,,,,
không khớp,38305,NLT0154,Ntk,2025-12-09,1.0,,,,,
không khớp,38307,NLT0171,Ntk,2025-12-09,450.0,,,,,
không khớp,38308,NLT0172,Ntk,2025-12-09,400.0,,,,,
không khớp,38316,NLT0245,Svc,2025-12-09,400.0,,,,,
không khớp,38315,NLT0245,Svc,2025-12-09,1.2,,,,,
không khớp,38328,NLT0049,Hải Bình,2025-12-10,200.0,,,,,
không khớp,38329,NLT0089,Hải Bình,2025-12-10,5.0,,,,,
không khớp,38327,NLT0047,Hải Bình,2025-12-10,200.0,,,,,
không khớp,38330,NLT0205,Hải Bình,2025-12-10,7.0,,,,,
không khớp,35461,NAP0001,Phương Nam,2025-12-10,1120.0,,,,,
không khớp,35460,CPV0006,Phương Nam,2025-12-10,1120.0,,,,,
không khớp,35462,CHT0237,Phương Nam,2025-12-10,1050.0,,,,,
không khớp,35463,NAP0159,Phương Nam,2025-12-10,1050.0,,,,,
không khớp,35480,NHD4212,Cẩm Hùng,2025-12-10,100.0,,,,,
không khớp,35479,NHD4400,Cẩm Hùng,2025-12-10,450.0,,,,,
không khớp,35466,NTN4355,Tân Đức,2025-12-10,16930.0,,,,,
không khớp,35482,NHD4400,Cẩm Hùng,2025-12-10,220.0,,,,,
không khớp,35478,NAP0137,An Tín,2025-12-10,500.0,,,,,
không khớp,35459,NAP0112,Phương Nam,2025-12-10,1050.0,,,,,
không khớp,35441,CPT0234,Phương Nam,2025-12-10,2016.0,,,,,
không khớp,35394,THC0256,Đông Tây,2025-12-10,218.0,,,,,
không khớp,35288,NHD4303,Cẩm Hùng,2025-12-10,100.0,,,,,
không khớp,35458,CHT0151,Phương Nam,2025-12-10,1050.0,,,,,
không khớp,35393,THC0091,Đông Tây,2025-12-10,513.0,,,,,
không khớp,35439,CHT0116,Phương Nam,2025-12-10,6000.0,,,,,
không khớp,35440,NAP0070,Phương Nam,2025-12-10,6000.0,,,,,
không khớp,35442,NAP0163,Phương Nam,2025-12-10,2016.0,,,,,
không khớp,35443,CPT0234,Phương Nam,2025-12-10,5040.0,,,,,
không khớp,35444,NAP0156,Phương Nam,2025-12-10,5040.0,,,,,
không khớp,35457,NAP0070,Phương Nam,2025-12-10,525.0,,,,,
không khớp,35456,CHT0116,Phương Nam,2025-12-10,525.0,,,,,
không khớp,35454,CHT0229,PHL,2025-12-11,2040.0,,,,,
không khớp,35518,HOP4370,Quang Đạt,2025-12-11,100.0,,,,,
không khớp,35486,CHT0212,Phương Nam,2025-12-11,2016.0,,,,,
không khớp,35487,NAP0136,Phương Nam,2025-12-11,2016.0,,,,,
không khớp,35455,NAP0153,PHL,2025-12-11,2040.0,,,,,
không khớp,35453,NAP0153,PHL,2025-12-11,5040.0,,,,,
không khớp,35472,NTN4397,Tân Đức,2025-12-11,5170.0,,,,,
không khớp,35452,CHT0231,PHL,2025-12-11,5040.0,,,,,
không khớp,35517,NHG4364,Cẩm Hùng,2025-12-12,450.0,,,,,
không khớp,35499,NHD4279,Cẩm Hùng,2025-12-12,3000.0,,,,,
không khớp,35521,CHT0180,NCCKS010,2025-12-12,820.0,,,,,
không khớp,35489,NAP0070,Phương Nam,2025-12-12,2025.0,,,,,
không khớp,35488,CHT0116,Phương Nam,2025-12-12,2025.0,,,,,
không khớp,35520,THC0233,NCCKS010,2025-12-12,22.0,,,,,
không khớp,35473,NTN4249,Tân Đức,2025-12-12,5430.0,,,,,
không khớp,35417,NTN4249,Tân Đức,2025-12-12,10480.0,,,,,
không khớp,35527,NDT4358,Thành Công,2025-12-13,54.0,,,,,
không khớp,35507,NHG4440,Mộc Ấn,2025-12-13,1114.0,,,,,
không khớp,35506,NHG4345,Mộc Ấn,2025-12-13,2239.0,,,,,
không khớp,35505,NHD4359,Mộc Ấn,2025-12-13,1075.0,,,,,
không khớp,35504,NHG4462,Mộc Ấn,2025-12-13,2239.0,,,,,
không khớp,35433,NHG4066,Mộc Ấn,2025-12-13,2179.0,,,,,
không khớp,35508,NHG4458,Mộc Ấn,2025-12-13,2239.0,,,,,
không khớp,35395,THC0206,Đông Tây,2025-12-13,104.0,,,,,
không khớp,35526,NHD4492,Cẩm Hùng,2025-12-13,100.0,,,,,
không khớp,35147,THI0263,Đông Tây,2025-12-13,213.0,,,,,
không khớp,35528,NDT4359,Thành Công,2025-12-13,54.0,,,,,
không khớp,35529,NDT4465,Thành Công,2025-12-13,30.0,,,,,
không khớp,35530,NDT1328,Thành Công,2025-12-13,33.0,,,,,
không khớp,35468,NHG4457,Mộc Ấn,2025-12-13,2209.0,,,,,
không khớp,35399,THC0208,Đông Tây,2025-12-13,110.0,,,,,
không khớp,35467,NHG4459,Mộc Ấn,2025-12-13,2209.0,,,,,
không khớp,35481,NTN4447,Tân Đức,2025-12-13,9260.0,,,,,
không khớp,35397,THC0061,Đông Tây,2025-12-13,206.0,,,,,
không khớp,35396,THC0261,Đông Tây,2025-12-13,110.0,,,,,
không khớp,35501,NTN4469,Tân Đức,2025-12-15,1100.0,,,,,
không khớp,35509,NHD4463,Mộc Ấn,2025-12-15,2229.0,,,,,
không khớp,35510,NHD4358,Mộc Ấn,2025-12-15,2229.0,,,,,
không khớp,35502,NTN3704,Tân Đức,2025-12-15,3120.0,,,,,
không khớp,35579,NDT4469,Thành Công,2025-12-15,50.0,,,,,
không khớp,35491,NAP0002,Phương Nam,2025-12-15,2080.0,,,,,
không khớp,35490,CPV0012,Phương Nam,2025-12-15,2080.0,,,,,
không khớp,35531,NHG4504,Cẩm Hùng,2025-12-16,2000.0,,,,,
không khớp,35624,NHG4328,Mộc Ấn,2025-12-16,1094.0,,,,,
không khớp,35535,NHG4473,Mộc Ấn,2025-12-16,2229.0,,,,,
không khớp,35563,NHG4504,Cẩm Hùng,2025-12-16,500.0,,,,,
không khớp,35564,CPT0234,Phương Nam,2025-12-16,4032.0,,,,,
không khớp,35586,NHG4369,Cẩm Hùng,2025-12-16,3000.0,,,,,
không khớp,35532,NHG4442,Cẩm Hùng,2025-12-16,2000.0,,,,,
không khớp,35519,HOP4370,Quang Đạt,2025-12-16,1294.0,,,,,
không khớp,35565,NAP0136,Phương Nam,2025-12-16,4032.0,,,,,
không khớp,35515,NHG4375,Mộc Ấn,2025-12-16,6463.0,,,,,
không khớp,35514,NHG4478,Mộc Ấn,2025-12-16,2229.0,,,,,
không khớp,35513,NHG4263,Mộc Ấn,2025-12-16,2189.0,,,,,
không khớp,35512,NHG4471,Mộc Ấn,2025-12-16,2229.0,,,,,
không khớp,35511,NHG4472,Mộc Ấn,2025-12-16,2229.0,,,,,
không khớp,35500,NHG4507,Cẩm Hùng,2025-12-16,400.0,,,,,
không khớp,35582,NHG4265,Cẩm Hùng,2025-12-16,300.0,,,,,
không khớp,35587,NHG4495,Cẩm Hùng,2025-12-16,220.0,,,,,
không khớp,35622,NHG4470,Mộc Ấn,2025-12-16,2189.0,,,,,
không khớp,35623,NHD4486,Mộc Ấn,2025-12-16,2229.0,,,,,
không khớp,35580,CNT0033,Minh Ngọc,2025-12-17,1800.0,,,,,
không khớp,35538,NHG4491,Mộc Ấn,2025-12-17,1144.0,,,,,
không khớp,35540,NHG4474,Mộc Ấn,2025-12-17,1104.0,,,,,
không khớp,35541,NHG4490,Mộc Ấn,2025-12-17,1144.0,,,,,
không khớp,35542,NHG4497,Mộc Ấn,2025-12-17,2209.0,,,,,
không khớp,35539,NHG4496,Mộc Ấn,2025-12-17,2209.0,,,,,
không khớp,35536,NHG4008,Mộc Ấn,2025-12-17,4468.0,,,,,
không khớp,35523,NTN4456,Tân Đức,2025-12-17,2110.0,,,,,
không khớp,35498,NAP0159,Phương Nam,2025-12-17,525.0,,,,,
không khớp,35497,CHT0151,Phương Nam,2025-12-17,525.0,,,,,
không khớp,35522,NTN4355,Tân Đức,2025-12-17,18320.0,,,,,
không khớp,35516,NHG4479,Mộc Ấn,2025-12-17,1104.0,,,,,
không khớp,35492,THC0079,Đông Tây,2025-12-17,210.0,,,,,
không khớp,35537,NHG3928,Mộc Ấn,2025-12-17,1144.0,,,,,
không khớp,35524,NTN4461,Tân Đức,2025-12-17,3070.0,,,,,
không khớp,35493,THC0078,Đông Tây,2025-12-18,509.0,,,,,
không khớp,35543,NHG4265,Mộc Ấn,2025-12-18,1099.0,,,,,
không khớp,35576,NTN4509,Tân Đức,2025-12-19,10270.0,,,,,
không khớp,35534,NTN4445,Tân Đức,2025-12-19,1030.0,,,,,
không khớp,35533,NTN4465,Tân Đức,2025-12-19,3130.0,,,,,
không khớp,35566,CPT0234,Phương Nam,2025-12-19,10080.0,,,,,
không khớp,35567,NAP0163,Phương Nam,2025-12-19,4032.0,,,,,
không khớp,35494,THC0244,Đông Tây,2025-12-19,207.0,,,,,
không khớp,35568,NAP0156,Phương Nam,2025-12-19,6048.0,,,,,
không khớp,35578,NDT4494,Thành Công,2025-12-19,30.0,,,,,
không khớp,35601,NDT4518,Thành Công,2025-12-19,50.0,,,,,
không khớp,35602,NDT3930,Thành Công,2025-12-19,100.0,,,,,
không khớp,35603,NDT3817,Thành Công,2025-12-19,10.0,,,,,
không khớp,35577,NDT4427,Thành Công,2025-12-19,50.0,,,,,
không khớp,35606,NDT3234,Thành Công,2025-12-19,33.0,,,,,
không khớp,35607,NDT2879,Thành Công,2025-12-19,10.0,,,,,
không khớp,38340,NLT0048,Hải Bình,2025-12-19,200.0,,,,,
không khớp,38331,NLT0015,Hải Bình,2025-12-19,1.0,,,,,
không khớp,38332,NLT0016,Hải Bình,2025-12-19,1.0,,,,,
không khớp,38333,NLT0017,Hải Bình,2025-12-19,500.0,,,,,
không khớp,38341,NLT0049,Hải Bình,2025-12-19,200.0,,,,,
không khớp,38342,NLT0050,Hải Bình,2025-12-19,200.0,,,,,
không khớp,38343,NLT0084,Hải Bình,2025-12-19,1.0,,,,,
không khớp,38334,NLT0018,Hải Bình,2025-12-19,200.0,,,,,
không khớp,38335,NLT0021,Hải Bình,2025-12-19,200.0,,,,,
không khớp,38336,NLT0025,Hải Bình,2025-12-19,500.0,,,,,
không khớp,38337,NLT0034,Hải Bình,2025-12-19,200.0,,,,,
không khớp,38338,NLT0038,Hải Bình,2025-12-19,300.0,,,,,
không khớp,38339,NLT0047,Hải Bình,2025-12-19,200.0,,,,,
không khớp,38344,NLT0089,Hải Bình,2025-12-19,1.0,,,,,
không khớp,38346,NLT0205,Hải Bình,2025-12-19,3.0,,,,,
không khớp,38298,NLT0024,Hóa Chất Miền Nam,2025-12-19,200.0,,,,,
không khớp,38299,NLT0053,Hóa Chất Miền Nam,2025-12-19,200.0,,,,,
không khớp,38300,NLT0073,Hóa Chất Miền Nam,2025-12-19,200.0,,,,,
không khớp,38301,NLT0083,Hóa Chất Miền Nam,2025-12-19,200.0,,,,,
không khớp,38302,NLT0090,Hóa Chất Miền Nam,2025-12-19,200.0,,,,,
không khớp,38303,NLT0257,Hóa Chất Miền Nam,2025-12-19,200.0,,,,,
không khớp,38309,NLT0154,Ntk,2025-12-19,500.0,,,,,
không khớp,38310,NLT0172,Ntk,2025-12-19,200.0,,,,,
không khớp,38347,NLT0166,Hải Bình,2025-12-19,50.0,,,,,
không khớp,38345,NLT0124,Hải Bình,2025-12-19,100.0,,,,,
không khớp,38368,NLT0093,Vĩnh Nam Anh,2025-12-20,170.0,,,,,
không khớp,38371,NLT0274,Vĩnh Nam Anh,2025-12-20,50.0,,,,,
không khớp,38370,NLT0174,Vĩnh Nam Anh,2025-12-20,100.0,,,,,
không khớp,38372,NLT0060,Vĩnh Nam Anh,2025-12-20,430.0,,,,,
không khớp,38373,NLT0022,Vĩnh Nam Anh,2025-12-20,500.0,,,,,
không khớp,38369,NLT0173,Vĩnh Nam Anh,2025-12-20,100.0,,,,,
không khớp,38134,NLT0253,Thịnh Phát Vi Na,2025-12-20,25.0,,,,,
không khớp,38135,NLT0287,Thịnh Phát Vi Na,2025-12-20,10.0,,,,,
không khớp,35575,COC0004,Phương Nam,2025-12-20,2016.0,,,,,
không khớp,35574,NAP0144,Phương Nam,2025-12-20,2016.0,,,,,
không khớp,35583,NTN4427,Tân Đức,2025-12-20,10390.0,,,,,
không khớp,35584,NTN4429,Tân Đức,2025-12-20,1110.0,,,,,
không khớp,35585,NTN4460,Tân Đức,2025-12-20,1290.0,,,,,
không khớp,35495,THC0086,Đông Tây,2025-12-20,103.0,,,,,
không khớp,35588,NTN4494,Tân Đức,2025-12-20,1110.0,,,,,
không khớp,35621,NHG4442,Cẩm Hùng,2025-12-20,10000.0,,,,,
không khớp,35604,NDT4056,Thành Công,2025-12-20,30.0,,,,,
không khớp,35608,NHG4289,Cẩm Hùng,2025-12-20,650.0,,,,,
không khớp,35609,NHG3526,Cẩm Hùng,2025-12-20,400.0,,,,,
không khớp,35572,NAP0144,Phương Nam,2025-12-20,3024.0,,,,,
không khớp,35573,COC0004,Phương Nam,2025-12-20,3024.0,,,,,
không khớp,35549,NHG4146,Mộc Ấn,2025-12-20,4477.0,,,,,
không khớp,35557,CHT0025,PHL,2025-12-20,5000.0,,,,,
không khớp,35558,NAP0017,PHL,2025-12-20,5000.0,,,,,
không khớp,35548,NHG4503,Mộc Ấn,2025-12-20,1099.0,,,,,
không khớp,35547,NHG4505,Mộc Ấn,2025-12-20,2239.0,,,,,
không khớp,35546,NHG4074,Mộc Ấn,2025-12-20,4477.0,,,,,
không khớp,35545,NHG4493,Mộc Ấn,2025-12-20,1094.0,,,,,
không khớp,35544,NHG3927,Mộc Ấn,2025-12-20,1080.0,,,,,
không khớp,35569,CHT0212,Phương Nam,2025-12-20,10080.0,,,,,
không khớp,35570,NAP0136,Phương Nam,2025-12-20,10080.0,,,,,
không khớp,35571,CHT0058,Phương Nam,2025-12-20,3024.0,,,,,
không khớp,35629,NDT4525,Thành Công,2025-12-21,30.0,,,,,
không khớp,35605,NDT3603,Thành Công,2025-12-22,10.0,,,,,
không khớp,35525,THC0245,Đông Tây,2025-12-22,220.0,,,,,
không khớp,35550,NHG4466,Mộc Ấn,2025-12-22,1134.0,,,,,
không khớp,35625,CPT0234,Phương Nam,2025-12-22,7056.0,,,,,
không khớp,35626,NAP0156,Phương Nam,2025-12-22,7056.0,,,,,
không khớp,35627,CPV0006,Phương Nam,2025-12-22,2080.0,,,,,
không khớp,35628,NAP0002,Phương Nam,2025-12-22,2080.0,,,,,
không khớp,35556,NAP0015,PHL,2025-12-22,2000.0,,,,,
không khớp,35559,CHT0025,PHL,2025-12-22,5000.0,,,,,
không khớp,35560,NAP0017,PHL,2025-12-22,3000.0,,,,,
không khớp,35496,THC0170,Đông Tây,2025-12-22,103.0,,,,,
không khớp,35581,NHG4480,Quang Đạt,2025-12-22,1085.0,,,,,
không khớp,38348,NLT0024,Châu Ngân,2025-12-22,300.0,,,,,
không khớp,38349,NLT0038,Hải Bình,2025-12-22,500.0,,,,,
không khớp,38365,NLT0033,Hiền Phan,2025-12-23,1.0,,,,,
không khớp,38364,NLT0270,Việt Mỹ,2025-12-23,1.0,,,,,
không khớp,38363,NLT0270,Việt Mỹ,2025-12-23,5.0,,,,,
không khớp,35639,CPT0234,Phương Nam,2025-12-23,2016.0,,,,,
không khớp,35641,NHG4516,Cẩm Hùng,2025-12-23,430.0,,,,,
không khớp,35562,NAP0153,PHL,2025-12-23,2048.0,,,,,
không khớp,35561,CHT0230,PHL,2025-12-23,2048.0,,,,,
không khớp,35640,NAP0156,Phương Nam,2025-12-23,2016.0,,,,,
không khớp,35615,CET0028,PHL,2025-12-24,5000.0,,,,,
không khớp,35616,NAP0017,PHL,2025-12-24,5000.0,,,,,
không khớp,35617,CHT0058,Phương Nam,2025-12-24,2016.0,,,,,
không khớp,35618,CET0028,PHL,2025-12-24,5000.0,,,,,
không khớp,35644,NHG4512,Mộc Ấn,2025-12-24,1154.0,,,,,
không khớp,35619,CHT0116,Phương Nam,2025-12-24,3000.0,,,,,
không khớp,35620,NAP0070,Phương Nam,2025-12-24,3000.0,,,,,
không khớp,35643,NHD4534,Cẩm Hùng,2025-12-24,100.0,,,,,
không khớp,35642,NHD4524,Cẩm Hùng,2025-12-24,50.0,,,,,
không khớp,35635,NHG4507,Mộc Ấn,2025-12-24,2796.0,,,,,
không khớp,35613,CPT0119,PHL,2025-12-24,2080.0,,,,,
không khớp,35591,THI0268,Đông Tây,2025-12-24,100.0,,,,,
không khớp,35592,THI0268,Đông Tây,2025-12-24,213.0,,,,,
không khớp,35555,NHG4498,Mộc Ấn,2025-12-24,2199.0,,,,,
không khớp,35554,NHG3626,Mộc Ấn,2025-12-24,3224.0,,,,,
không khớp,35553,NHG3627,Mộc Ấn,2025-12-24,3224.0,,,,,
không khớp,35552,NHG4289,Mộc Ấn,2025-12-24,3224.0,,,,,
không khớp,35551,NHG4290,Mộc Ấn,2025-12-24,3224.0,,,,,
không khớp,35614,NAP0145,PHL,2025-12-24,2080.0,,,,,
không khớp,35610,NTN4501,Tân Đức,2025-12-24,5420.0,,,,,
không khớp,35611,NHD4518,Mộc Ấn,2025-12-24,2189.0,,,,,
không khớp,35612,NAP0017,PHL,2025-12-24,5000.0,,,,,
không khớp,34869,CPT0234,Phương Nam,2025-12-25,2016.0,,,,,
không khớp,34870,NAP0166,Phương Nam,2025-12-25,2016.0,,,,,
không khớp,35645,NHG4304,Mộc Ấn,2025-12-26,1099.0,,,,,
không khớp,35637,NHG4287,Mộc Ấn,2025-12-26,4458.0,,,,,
không khớp,35636,NHG4266,Mộc Ấn,2025-12-26,1114.0,,,,,
không khớp,35634,NTN4520,Tân Đức,2025-12-26,12670.0,,,,,
không khớp,35633,NTN4095,Tân Đức,2025-12-26,6150.0,,,,,
không khớp,35593,THC0078,Đông Tây,2025-12-26,312.0,,,,,
không khớp,35594,THC0170,Đông Tây,2025-12-27,310.0,,,,,
không khớp,35638,NHD4518,Mộc Ấn,2025-12-27,4686.0,,,,,
không khớp,35595,THC0264,Đông Tây,2025-12-27,100.0,,,,,
không khớp,35647,NHD4274,Mộc Ấn,2025-12-27,1090.0,,,,,
không khớp,35646,NHD4525,Mộc Ấn,2025-12-27,1090.0,,,,,
không khớp,34871,NAP0017,PHL,2025-12-27,4004.0,,,,,
không khớp,34873,NAP0002,Phương Nam,2025-12-27,5120.0,,,,,
không khớp,34872,CPV0006,Phương Nam,2025-12-27,5120.0,,,,,
không khớp,37280,NTN4527,Âu Việt,2025-12-27,10000.0,,,,,
không khớp,38350,NLT0017,Hải Bình,2025-12-27,1.0,,,,,
không khớp,38351,NLT0038,Hải Bình,2025-12-27,500.0,,,,,
không khớp,38362,NLT0198,Vĩnh Nam Anh,2025-12-27,300.0,,,,,
không khớp,38361,NLT0152,Việt Mỹ,2025-12-27,2.0,,,,,
không khớp,35597,THC0112,Đông Tây,2025-12-29,215.0,,,,,
không khớp,35676,NHD4519,Cẩm Hùng,2025-12-29,50.0,,,,,
không khớp,35652,NHG4395,Mộc Ấn,2025-12-29,1094.0,,,,,
không khớp,35681,NHD4262,Cẩm Hùng,2025-12-29,120.0,,,,,
không khớp,35649,NHG4458,Mộc Ấn,2025-12-29,2239.0,,,,,
không khớp,35648,NHG4532,Mộc Ấn,2025-12-29,1055.0,,,,,
không khớp,35690,CPT0189,Vinaco,2025-12-29,1360.0,,,,,
không khớp,35596,THI0267,Đông Tây,2025-12-29,212.0,,,,,
không khớp,35691,NAP0138,Vinaco,2025-12-29,2360.0,,,,,
không khớp,35682,NHG4553,Cẩm Hùng,2025-12-29,2000.0,,,,,
không khớp,35630,NTN4056,Tân Đức,2025-12-29,3090.0,,,,,
không khớp,35689,CPT0215,Vinaco,2025-12-29,1000.0,,,,,
không khớp,35692,NHG4033,Cẩm Hùng,2025-12-30,800.0,,,,,
không khớp,35694,NDT4570,Thành Công,2025-12-30,20.0,,,,,
không khớp,35684,NHG3925,Cẩm Hùng,2025-12-30,400.0,,,,,
không khớp,35695,NDT3892,Thành Công,2025-12-30,20.0,,,,,
không khớp,35678,THI0267,Đông Tây,2025-12-30,210.0,,,,,
không khớp,35677,THC0265,Đông Tây,2025-12-30,106.0,,,,,
không khớp,35651,THC0004,Đông Tây,2025-12-30,318.0,,,,,
không khớp,35653,NHG4073,Mộc Ấn,2025-12-30,8885.0,,,,,
không khớp,35598,THI0267,Đông Tây,2025-12-30,208.0,,,,,
không khớp,35696,NDT4573,Thành Công,2025-12-30,40.0,,,,,
không khớp,35699,NHG4570,Cẩm Hùng,2025-12-30,300.0,,,,,
không khớp,35709,NAP0145,Vinaco,2025-12-31,1020.0,,,,,
không khớp,35708,CPT0189,Vinaco,2025-12-31,1020.0,,,,,
không khớp,34874,CHT0174,PHL,2025-12-31,4004.0,,,,,
không khớp,34875,CPT0242,PHL,2025-12-31,2560.0,,,,,
không khớp,34876,NAP0167,PHL,2025-12-31,2560.0,,,,,
không khớp,35656,NHG4557,Mộc Ấn,2025-12-31,1114.0,,,,,
không khớp,35632,NTN3930,Tân Đức,2025-12-31,9467.0,,,,,
không khớp,35680,THC0208,Đông Tây,2025-12-31,110.0,,,,,
không khớp,35679,THI0268,Đông Tây,2025-12-31,317.0,,,,,
không khớp,35654,NHG4533,Mộc Ấn,2025-12-31,1114.0,,,,,
không khớp,35655,NHG4239,Mộc Ấn,2025-12-31,2239.0,,,,,
không khớp,35670,NHG4565,Mộc Ấn,2025-12-31,1114.0,,,,,
không khớp,35657,NHG4353,Mộc Ấn,2025-12-31,1114.0,,,,,
không khớp,35658,NHG4556,Mộc Ấn,2025-12-31,1114.0,,,,,
không khớp,35669,NHG4270,Mộc Ấn,2026-01-02,2189.0,,,,,
không khớp,35631,NTN4528,Tân Đức,2026-01-02,1080.0,,,,,
không khớp,35723,NAP0157,Phương Nam,2026-01-02,3075.0,,,,,
không khớp,35722,CHT0151,Phương Nam,2026-01-02,3075.0,,,,,
không khớp,35719,NDT4117,Thành Công,2026-01-03,10.0,,,,,
không khớp,35720,NDT4274,Thành Công,2026-01-03,40.0,,,,,
không khớp,35661,NHG4531,Mộc Ấn,2026-01-03,1094.0,,,,,
không khớp,35686,NHG4564,Mộc Ấn,2026-01-03,1099.0,,,,,
không khớp,35687,NHG4530,Mộc Ấn,2026-01-03,1099.0,,,,,
không khớp,35688,NHG4529,Mộc Ấn,2026-01-03,1099.0,,,,,
không khớp,35659,NHG4295,Mộc Ấn,2026-01-03,1109.0,,,,,
không khớp,35660,NHG4516,Mộc Ấn,2026-01-03,1094.0,,,,,
không khớp,35662,NHG4539,Mộc Ấn,2026-01-03,1094.0,,,,,
không khớp,35663,NHG4538,Mộc Ấn,2026-01-03,1099.0,,,,,
không khớp,38357,NLT0155,Châu Ngân,2026-01-03,1.5,,,,,
không khớp,38360,NLT0258,Hải Bình,2026-01-03,100.0,,,,,
không khớp,38359,NLT0199,Hải Bình,2026-01-03,50.0,,,,,
không khớp,38358,NLT0166,Hải Bình,2026-01-03,50.0,,,,,
không khớp,38356,NLT0124,Hải Bình,2026-01-03,100.0,,,,,
không khớp,38355,NLT0047,Hải Bình,2026-01-03,200.0,,,,,
không khớp,38354,NLT0025,Hải Bình,2026-01-03,300.0,,,,,
không khớp,38353,NLT0024,Châu Ngân,2026-01-03,500.0,,,,,
không khớp,38352,NLT0016,Hải Bình,2026-01-03,500.0,,,,,
không khớp,35693,NHG4588,Cẩm Hùng,2026-01-04,410.0,,,,,
không khớp,35664,NHG4566,Mộc Ấn,2026-01-05,1099.0,,,,,
không khớp,35650,NHG4515,Mộc Ấn,2026-01-05,1094.0,,,,,
không khớp,35742,CAN0003,Hns,2026-01-05,120.0,,,,,
không khớp,35741,NAP0129,Hns,2026-01-05,120.0,,,,,
không khớp,35740,CAN0005,Hns,2026-01-05,120.0,,,,,
không khớp,35729,CPT0161,PHL,2026-01-05,1120.0,,,,,
không khớp,35730,NAP0139,PHL,2026-01-05,1120.0,,,,,
không khớp,35738,NAP0156,Phương Nam,2026-01-05,1008.0,,,,,
không khớp,35737,CPT0234,Phương Nam,2026-01-05,1008.0,,,,,
không khớp,35736,NAP0163,Phương Nam,2026-01-05,1008.0,,,,,
không khớp,35735,CPT0234,Phương Nam,2026-01-05,1008.0,,,,,
không khớp,35743,NAP0164,Hns,2026-01-05,120.0,,,,,
không khớp,35705,CPT0234,Phương Nam,2026-01-05,5040.0,,,,,
không khớp,35706,NAP0156,Phương Nam,2026-01-05,5040.0,,,,,
không khớp,35707,NTN4573,Tân Đức,2026-01-05,1070.0,,,,,
không khớp,35700,THI0263,Đông Tây,2026-01-05,210.0,,,,,
không khớp,35752,NHG4304,Cẩm Hùng,2026-01-06,400.0,,,,,
không khớp,35779,NHG4442,Cẩm Hùng,2026-01-06,10000.0,,,,,
không khớp,35721,NHD4596,Cẩm Hùng,2026-01-06,20.0,,,,,
không khớp,35727,CHT0174,PHL,2026-01-06,6006.0,,,,,
không khớp,35728,NAP0017,PHL,2026-01-06,6006.0,,,,,
không khớp,35764,CHT0151,Phương Nam,2026-01-06,2025.0,,,,,
không khớp,35765,NAP0159,Phương Nam,2026-01-06,2025.0,,,,,
không khớp,37917,NLT0086,Hóa Chất Mê Kông,2026-01-06,20.0,,,,,
không khớp,35665,NHG4544,Mộc Ấn,2026-01-07,1090.0,,,,,
không khớp,35668,NHG4546,Mộc Ấn,2026-01-07,1090.0,,,,,
không khớp,35667,NHG4545,Mộc Ấn,2026-01-07,1090.0,,,,,
không khớp,35685,NTN4575,Tân Đức,2026-01-07,5130.0,,,,,
không khớp,35666,NHG4537,Mộc Ấn,2026-01-07,2199.0,,,,,
không khớp,35753,NHG4602,Mộc Ấn,2026-01-07,2836.0,,,,,
không khớp,35724,THC0266,Đông Tây,2026-01-07,104.0,,,,,
không khớp,35725,THC0250,Đông Tây,2026-01-07,105.0,,,,,
không khớp,35726,THC0262,Đông Tây,2026-01-07,206.0,,,,,
không khớp,35780,NDT4607,Thành Công,2026-01-08,12.0,,,,,
không khớp,35798,NHG4606,An Nông,2026-01-08,5000.0,,,,,
không khớp,35739,NDT4528,Thành Công,2026-01-08,50.0,,,,,
không khớp,35749,NDT3664,Thành Công,2026-01-08,50.0,,,,,
không khớp,35697,NDT4460,Thành Công,2026-01-08,30.0,,,,,
không khớp,35747,NDT4575,Thành Công,2026-01-08,50.0,,,,,
không khớp,35733,THI0263,Đông Tây,2026-01-08,210.0,,,,,
không khớp,35734,THI0263,Đông Tây,2026-01-08,300.0,,,,,
không khớp,35731,NTN4131,Tân Đức,2026-01-08,3050.0,,,,,
không khớp,35698,NDT4461,Thành Công,2026-01-08,30.0,,,,,
không khớp,35703,NHG4581,Mộc Ấn,2026-01-08,2239.0,,,,,
không khớp,35704,NTN4562,Tân Đức,2026-01-08,1090.0,,,,,
không khớp,35808,CHT0018,PHL,2026-01-09,2400.0,,,,,
không khớp,35809,NAP0027,PHL,2026-01-09,2400.0,,,,,
không khớp,35813,NHG4577,Cẩm Hùng,2026-01-09,450.0,,,,,
không khớp,35793,NAP0152,Hns,2026-01-09,400.0,,,,,
không khớp,35792,CHT0228,Hns,2026-01-09,400.0,,,,,
không khớp,35791,NAP0159,Phương Nam,2026-01-09,1050.0,,,,,
không khớp,35790,CHT0151,Phương Nam,2026-01-09,1050.0,,,,,
không khớp,35826,NHG4586,Cẩm Hùng,2026-01-09,400.0,,,,,
không khớp,35775,NHD4607,Cẩm Hùng,2026-01-09,450.0,,,,,
không khớp,35702,NHG4535,Mộc Ấn,2026-01-09,2209.0,,,,,
không khớp,35745,HOP4581,Quang Đạt,2026-01-09,2134.0,,,,,
không khớp,38374,NLT0017,Hải Bình,2026-01-09,500.0,,,,,
không khớp,38375,NLT0024,Châu Ngân,2026-01-09,500.0,,,,,
không khớp,38376,NLT0025,Hải Bình,2026-01-09,300.0,,,,,
không khớp,38377,NLT0047,Hải Bình,2026-01-09,200.0,,,,,
không khớp,38378,NLT0084,Hải Bình,2026-01-09,500.0,,,,,
không khớp,38379,NLT0270,Việt Mỹ,2026-01-10,2.0,,,,,
không khớp,35822,CHT0118,PHL,2026-01-10,2000.0,,,,,
không khớp,35783,NHD4610,Cẩm Hùng,2026-01-10,100.0,,,,,
không khớp,35784,NHD4603,Cẩm Hùng,2026-01-10,160.0,,,,,
không khớp,35825,NAP0006,PHL,2026-01-10,2000.0,,,,,
không khớp,35824,CPT0020,PHL,2026-01-10,2000.0,,,,,
không khớp,35744,CNT0036,Minh Ngọc,2026-01-10,600.0,,,,,
không khớp,35823,NAP0102,PHL,2026-01-10,2000.0,,,,,
không khớp,35746,NTN4571,Tân Đức,2026-01-10,5480.0,,,,,
không khớp,35718,THI0171,Đông Tây,2026-01-10,207.0,,,,,
không khớp,35806,CPT0234,Phương Nam,2026-01-10,2016.0,,,,,
không khớp,35807,NAP0163,Phương Nam,2026-01-10,2016.0,,,,,
không khớp,35836,NHG4608,Cẩm Hùng,2026-01-10,450.0,,,,,
không khớp,35599,CPT0119,PHL,2026-01-10,2080.0,,,,,
không khớp,35600,NAP0145,PHL,2026-01-10,2080.0,,,,,
không khớp,35590,NAP0153,PHL,2026-01-12,2688.0,,,,,
không khớp,35589,CHT0230,PHL,2026-01-12,2688.0,,,,,
không khớp,35671,HOP4537,Đông Tây,2026-01-12,2030.0,,,,,
không khớp,38380,NLT0270,Việt Mỹ,2026-01-12,3.0,,,,,
không khớp,38381,NLT0152,Việt Mỹ,2026-01-12,2.0,,,,,
không khớp,35861,COC0010,PHL,2026-01-12,2400.0,,,,,
không khớp,35778,NAP0145,PHL,2026-01-12,1120.0,,,,,
không khớp,35835,NHG4586,Cẩm Hùng,2026-01-12,470.0,,,,,
không khớp,35777,CPT0125,PHL,2026-01-12,1120.0,,,,,
không khớp,35834,NHG4580,Cẩm Hùng,2026-01-12,450.0,,,,,
không khớp,35758,NHG4579,Mộc Ấn,2026-01-12,1094.0,,,,,
không khớp,35821,NHG4633,Mộc Ấn,2026-01-12,2239.0,,,,,
không khớp,35755,NHG4490,Mộc Ấn,2026-01-12,1104.0,,,,,
không khớp,35862,NHG4568,Mộc Ấn,2026-01-12,2239.0,,,,,
không khớp,35732,THC0003,Đông Tây,2026-01-13,317.0,,,,,
không khớp,35776,NHG4597,Mộc Ấn,2026-01-13,1104.0,,,,,
không khớp,35766,CHT0212,Phương Nam,2026-01-13,6048.0,,,,,
không khớp,35760,NHG4594,Mộc Ấn,2026-01-13,1104.0,,,,,
không khớp,35759,NHG4592,Mộc Ấn,2026-01-13,1104.0,,,,,
không khớp,35757,NHG4540,Mộc Ấn,2026-01-13,1104.0,,,,,
không khớp,35761,NHG4555,Mộc Ấn,2026-01-13,1104.0,,,,,
không khớp,35762,NHG4598,Mộc Ấn,2026-01-13,1104.0,,,,,
không khớp,35756,NHG4554,Mộc Ấn,2026-01-13,1104.0,,,,,
không khớp,35754,NHG4599,Mộc Ấn,2026-01-13,1104.0,,,,,
không khớp,35767,NAP0136,Phương Nam,2026-01-13,6048.0,,,,,
không khớp,35768,CHT0212,Phương Nam,2026-01-13,10080.0,,,,,
không khớp,35769,NAP0136,Phương Nam,2026-01-13,10080.0,,,,,
không khớp,35857,NAP0130,Phương Nam,2026-01-13,216.0,,,,,
không khớp,35883,NHG4569,Mộc Ấn,2026-01-13,2189.0,,,,,
không khớp,35856,CAN0028,Phương Nam,2026-01-13,216.0,,,,,
không khớp,35855,NAP0070,Phương Nam,2026-01-13,8025.0,,,,,
không khớp,35854,CHT0116,Phương Nam,2026-01-13,8025.0,,,,,
không khớp,35675,THC0235,Đông Tây,2026-01-13,402.0,,,,,
không khớp,35674,THC0162,Đông Tây,2026-01-13,144.0,,,,,
không khớp,35673,THC0228,Đông Tây,2026-01-13,101.0,,,,,
không khớp,35672,THC0208,Đông Tây,2026-01-13,100.0,,,,,
không khớp,35888,NAP0163,Phương Nam,2026-01-14,4032.0,,,,,
không khớp,35865,NHG4495,Cẩm Hùng,2026-01-14,210.0,,,,,
không khớp,35805,NHG4617,Mộc Ấn,2026-01-14,2726.0,,,,,
không khớp,35871,NHD4648,Cẩm Hùng,2026-01-14,50.0,,,,,
không khớp,35887,CPT0234,Phương Nam,2026-01-14,4032.0,,,,,
không khớp,35787,NHD4578,Mộc Ấn,2026-01-14,1005.0,,,,,
không khớp,35828,HOP4419,Quang Đạt,2026-01-14,995.0,,,,,
không khớp,35701,NHG4536,Mộc Ấn,2026-01-14,2209.0,,,,,
không khớp,35868,COC0004,Phương Nam,2026-01-15,3060.0,,,,,
không khớp,35876,NHG4204,Mộc Ấn,2026-01-15,1094.0,,,,,
không khớp,35817,NTN4454,Tân Đức,2026-01-15,6240.0,,,,,
không khớp,35815,NTN4559,Tân Đức,2026-01-15,3070.0,,,,,
không khớp,35816,NTN4600,Tân Đức,2026-01-15,2080.0,,,,,
không khớp,35814,NTN4558,Tân Đức,2026-01-15,3070.0,,,,,
không khớp,35867,NAP0144,Phương Nam,2026-01-15,3060.0,,,,,
không khớp,35812,NHG4568,Mộc Ấn,2026-01-15,6776.0,,,,,
không khớp,35810,NHG4577,Mộc Ấn,2026-01-15,1209.0,,,,,
không khớp,35866,CHT0057,Phương Nam,2026-01-15,3060.0,,,,,
không khớp,35804,NHG4609,Mộc Ấn,2026-01-15,2199.0,,,,,
không khớp,35802,NHD4589,Mộc Ấn,2026-01-15,1005.0,,,,,
không khớp,35801,NHG4413,Mộc Ấn,2026-01-15,1085.0,,,,,
không khớp,35800,NHG4502,Mộc Ấn,2026-01-15,1990.0,,,,,
không khớp,35799,NHG4619,Mộc Ấn,2026-01-15,2199.0,,,,,
không khớp,35785,NHG4605,Mộc Ấn,2026-01-15,1085.0,,,,,
không khớp,35786,NHG4580,Mộc Ấn,2026-01-15,1104.0,,,,,
không khớp,35788,NHG4604,Mộc Ấn,2026-01-15,1085.0,,,,,
không khớp,35789,NTN4601,Tân Đức,2026-01-15,5130.0,,,,,
không khớp,35683,NTN4583,Tân Đức,2026-01-15,1640.0,,,,,
không khớp,35953,NHG4655,Quang Đạt,2026-01-16,1990.0,,,,,
không khớp,35851,NTN4637,Tân Đức,2026-01-16,3110.0,,,,,
không khớp,35956,NHG4475,An Nông,2026-01-16,5000.0,,,,,
không khớp,35886,NHG4646,Quang Đạt,2026-01-16,4119.0,,,,,
không khớp,35885,NHG4645,Quang Đạt,2026-01-16,2060.0,,,,,
không khớp,35873,NHG4187,Mộc Ấn,2026-01-16,2259.0,,,,,
không khớp,35872,NHG4058,Mộc Ấn,2026-01-16,2259.0,,,,,
không khớp,35748,NDT4571,Thành Công,2026-01-16,50.0,,,,,
không khớp,35750,NDT4131,Thành Công,2026-01-16,30.0,,,,,
không khớp,35751,NDT4562,Thành Công,2026-01-16,30.0,,,,,
không khớp,35860,COC0004,Phương Nam,2026-01-16,1080.0,,,,,
không khớp,35859,NAP0144,Phương Nam,2026-01-16,1080.0,,,,,
không khớp,35858,CHT0057,Phương Nam,2026-01-16,1080.0,,,,,
không khớp,35853,NAP0156,Phương Nam,2026-01-16,4032.0,,,,,
không khớp,35852,CPT0234,Phương Nam,2026-01-16,4032.0,,,,,
không khớp,35803,NHG4285,Mộc Ấn,2026-01-16,2259.0,,,,,
không khớp,35952,NHG4649,Quang Đạt,2026-01-16,2060.0,,,,,
không khớp,35904,CHT0228,Hns,2026-01-16,400.0,,,,,
không khớp,35905,NAP0152,Hns,2026-01-16,400.0,,,,,
không khớp,35947,NDT4652,Thành Công,2026-01-16,100.0,,,,,
không khớp,35946,NDT4651,Thành Công,2026-01-16,100.0,,,,,
không khớp,35909,CHT0151,Phương Nam,2026-01-16,1050.0,,,,,
không khớp,35910,NAP0112,Phương Nam,2026-01-16,1050.0,,,,,
không khớp,35911,CHT0151,Phương Nam,2026-01-16,1050.0,,,,,
không khớp,35912,NAP0157,Phương Nam,2026-01-16,1050.0,,,,,
không khớp,35913,CHT0151,Phương Nam,2026-01-16,1050.0,,,,,
không khớp,35914,NAP0112,Phương Nam,2026-01-16,1050.0,,,,,
không khớp,35941,NDT4562,Thành Công,2026-01-16,20.0,,,,,
không khớp,35938,NDT4658,Thành Công,2026-01-16,50.0,,,,,
không khớp,35935,NDT3664,Thành Công,2026-01-16,40.0,,,,,
không khớp,35933,NDT4583,Thành Công,2026-01-16,30.0,,,,,
không khớp,35840,NHG4625,Mộc Ấn,2026-01-16,1114.0,,,,,
không khớp,35811,NTN4616,Tân Đức,2026-01-16,3110.0,,,,,
không khớp,35837,NHG4635,Mộc Ấn,2026-01-16,1114.0,,,,,
không khớp,35832,CPT0243,Phương Nam,2026-01-16,1008.0,,,,,
không khớp,35833,NAP0163,Phương Nam,2026-01-16,1008.0,,,,,
không khớp,35838,NHG4636,Mộc Ấn,2026-01-16,1199.0,,,,,
không khớp,35818,NTN4561,Tân Đức,2026-01-16,3060.0,,,,,
không khớp,35844,NHG4311,Mộc Ấn,2026-01-16,2259.0,,,,,
không khớp,35843,NHG4375,Mộc Ấn,2026-01-16,6806.0,,,,,
không khớp,38389,NLT0244,Đệ Nhất,2026-01-16,20.0,,,,,
không khớp,35954,NHG4587,Quang Đạt,2026-01-17,1124.0,,,,,
không khớp,35831,NAP0070,Phương Nam,2026-01-17,2025.0,,,,,
không khớp,35782,THC0270,Đông Tây,2026-01-17,108.0,,,,,
không khớp,35827,NTN4560,Tân Đức,2026-01-17,5380.0,,,,,
không khớp,35781,THC0274,Đông Tây,2026-01-17,333.0,,,,,
không khớp,35891,NHG4630,Mộc Ấn,2026-01-17,2169.0,,,,,
không khớp,35890,NHG4643,Mộc Ấn,2026-01-17,1090.0,,,,,
không khớp,35774,THC0272,Đông Tây,2026-01-17,115.0,,,,,
không khớp,35884,NHG4653,Mộc Ấn,2026-01-17,3283.0,,,,,
không khớp,35830,CHT0116,Phương Nam,2026-01-17,2025.0,,,,,
không khớp,35945,NDT4627,Thành Công,2026-01-17,50.0,,,,,
không khớp,35850,NDT4589,Thành Công,2026-01-17,50.0,,,,,
không khớp,35944,NDT4637,Thành Công,2026-01-17,30.0,,,,,
không khớp,35943,NDT4616,Thành Công,2026-01-17,50.0,,,,,
không khớp,35940,NDT4260,Thành Công,2026-01-17,100.0,,,,,
không khớp,35939,NDT4591,Thành Công,2026-01-17,30.0,,,,,
không khớp,35927,CHT0057,Phương Nam,2026-01-17,1080.0,,,,,
không khớp,35928,NAP0144,Phương Nam,2026-01-17,1080.0,,,,,
không khớp,35929,COC0004,Phương Nam,2026-01-17,1080.0,,,,,
không khớp,35937,NDT4657,Thành Công,2026-01-17,30.0,,,,,
không khớp,35936,NDT4574,Thành Công,2026-01-17,30.0,,,,,
không khớp,35934,NDT4454,Thành Công,2026-01-17,70.0,,,,,
không khớp,35770,CPT0233,PHL,2026-01-17,5005.0,,,,,
không khớp,35841,NHG4623,Mộc Ấn,2026-01-17,1124.0,,,,,
không khớp,35961,CHT0171,NCCKS010,2026-01-17,2000.0,,,,,
không khớp,35962,THC0233,NCCKS010,2026-01-17,2000.0,,,,,
không khớp,35839,NHG4622,Mộc Ấn,2026-01-17,2259.0,,,,,
không khớp,35842,NHG4624,Mộc Ấn,2026-01-17,1124.0,,,,,
không khớp,35960,CHT0180,NCCKS010,2026-01-17,105.0,,,,,
không khớp,35763,NTN3664,Tân Đức,2026-01-17,9303.0,,,,,
không khớp,35845,NDT4601,Thành Công,2026-01-17,50.0,,,,,
không khớp,35875,NHG4654,Mộc Ấn,2026-01-17,1090.0,,,,,
không khớp,35771,NAP0168,PHL,2026-01-17,5005.0,,,,,
không khớp,35772,THC0239,Đông Tây,2026-01-17,114.0,,,,,
không khớp,35846,NDT4600,Thành Công,2026-01-17,100.0,,,,,
không khớp,35877,NTN3664,Tân Đức,2026-01-17,9303.0,,,,,
không khớp,35878,NTN4628,Tân Đức,2026-01-17,5100.0,,,,,
không khớp,35879,NTN4591,Tân Đức,2026-01-17,2120.0,,,,,
không khớp,35847,NDT4558,Thành Công,2026-01-17,50.0,,,,,
không khớp,35848,NDT4559,Thành Công,2026-01-17,50.0,,,,,
không khớp,35849,NDT4560,Thành Công,2026-01-17,50.0,,,,,
không khớp,35881,CHT0023,Hồ Gia,2026-01-18,3078.0,,,,,
không khớp,35882,NAP0029,Hồ Gia,2026-01-18,3078.0,,,,,
không khớp,35901,NHG4490,Mộc Ấn,2026-01-19,1154.0,,,,,
không khớp,35880,NTN4627,Tân Đức,2026-01-19,5180.0,,,,,
không khớp,35922,NHG4502,Mộc Ấn,2026-01-19,1542.0,,,,,
không khớp,35996,NHG4488,An Nông,2026-01-19,5000.0,,,,,
không khớp,35829,HOP4419,Quang Đạt,2026-01-19,1132.0,,,,,
không khớp,35900,NHG4659,Mộc Ấn,2026-01-19,1114.0,,,,,
không khớp,35902,NHG4629,Cẩm Hùng,2026-01-19,400.0,,,,,
không khớp,38390,NLT0270,Hóa Chất Miền Nam,2026-01-19,1.0,,,,,
không khớp,38385,NLT0016,Hải Bình,2026-01-20,300.0,,,,,
không khớp,38386,NLT0024,Châu Ngân,2026-01-20,1.5,,,,,
không khớp,38387,NLT0025,Hải Bình,2026-01-20,300.0,,,,,
không khớp,38388,NLT0089,Hải Bình,2026-01-20,1.0,,,,,
không khớp,35995,NAP0009,Vinaco,2026-01-20,2040.0,,,,,
không khớp,35926,NAP0169,Phương Nam,2026-01-20,5000.0,,,,,
không khớp,35925,CPV0244,Phương Nam,2026-01-20,5000.0,,,,,
không khớp,35972,CHT0177,Hns,2026-01-20,1000.0,,,,,
không khớp,36007,NTN4576,An Nông,2026-01-20,10000.0,,,,,
không khớp,35955,NHG4088,Quang Đạt,2026-01-20,2030.0,,,,,
không khớp,35897,NHG4002,Mộc Ấn,2026-01-20,1114.0,,,,,
không khớp,35917,COC0007,PHL,2026-01-20,2400.0,,,,,
không khớp,35915,CPT0082,PHL,2026-01-20,2400.0,,,,,
không khớp,35870,NAP0150,Vinaco,2026-01-20,3000.0,,,,,
không khớp,35869,CHT0235,Vinaco,2026-01-20,3000.0,,,,,
không khớp,35975,COC0009,Vinaco,2026-01-20,2040.0,,,,,
không khớp,35974,CPT0024,Vinaco,2026-01-20,2040.0,,,,,
không khớp,35973,NAP0123,Hns,2026-01-20,1000.0,,,,,
không khớp,35965,CHT0229,PHL,2026-01-20,2040.0,,,,,
không khớp,35966,NAP0153,PHL,2026-01-20,2040.0,,,,,
không khớp,35916,NAP0162,PHL,2026-01-20,2400.0,,,,,
không khớp,35950,NHG4621,Mộc Ấn,2026-01-21,1085.0,,,,,
không khớp,35958,NHG4672,Mộc Ấn,2026-01-21,1104.0,,,,,
không khớp,35957,NHG4670,Mộc Ấn,2026-01-21,1085.0,,,,,
không khớp,35959,NHG4618,Mộc Ấn,2026-01-21,1085.0,,,,,
không khớp,36023,NAP0107,NCCKS010,2026-01-21,2000.0,,,,,
không khớp,35984,COC0004,Phương Nam,2026-01-21,600.0,,,,,
không khớp,36022,CHT0198,NCCKS010,2026-01-21,2000.0,,,,,
không khớp,36021,THC0229,NCCKS010,2026-01-21,50.0,,,,,
không khớp,35986,NAP0136,Phương Nam,2026-01-21,2016.0,,,,,
không khớp,35985,CHT0212,Phương Nam,2026-01-21,2016.0,,,,,
không khớp,35918,NHG4669,Mộc Ấn,2026-01-21,1085.0,,,,,
không khớp,35899,NHG4671,Mộc Ấn,2026-01-21,1119.0,,,,,
không khớp,35898,NHG4503,Mộc Ấn,2026-01-21,2209.0,,,,,
không khớp,35903,NTN4260,Tân Đức,2026-01-21,10190.0,,,,,
không khớp,35896,NHG4001,Mộc Ấn,2026-01-21,1085.0,,,,,
không khớp,35895,NHG4640,Mộc Ấn,2026-01-21,1119.0,,,,,
không khớp,35894,NHG4667,Mộc Ấn,2026-01-21,1119.0,,,,,
không khớp,35893,NHD4666,Mộc Ấn,2026-01-21,1045.0,,,,,
không khớp,35892,NHG4345,Mộc Ấn,2026-01-21,2209.0,,,,,
không khớp,35919,NHG4544,Mộc Ấn,2026-01-21,2219.0,,,,,
không khớp,38392,NLT0053,Hóa Chất Miền Nam,2026-01-21,5.0,,,,,
không khớp,38391,NLT0155,Hóa Chất Miền Nam,2026-01-21,500.0,,,,,
không khớp,38393,NLT0284,Hóa Chất Miền Nam,2026-01-21,250.0,,,,,
không khớp,35977,NAP0131,An Tín,2026-01-22,3135.0,,,,,
không khớp,36016,CET0051,PHL,2026-01-22,1000.0,,,,,
không khớp,36015,NAP0105,PHL,2026-01-22,1000.0,,,,,
không khớp,36012,NHG4692,Cẩm Hùng,2026-01-22,350.0,,,,,
không khớp,36004,NHG4396,Mộc Ấn,2026-01-22,2204.0,,,,,
không khớp,35997,NHG4697,Mộc Ấn,2026-01-22,1094.0,,,,,
không khớp,35978,NAP0126,An Tín,2026-01-22,1045.0,,,,,
không khớp,35976,CHV0194,An Tín,2026-01-22,4018.0,,,,,
không khớp,35951,NHD4431,Quang Đạt,2026-01-22,1114.0,,,,,
không khớp,35921,NHG4656,Mộc Ấn,2026-01-22,4443.0,,,,,
không khớp,36019,NAP0163,Phương Nam,2026-01-23,3024.0,,,,,
không khớp,35931,NTN4665,Tân Đức,2026-01-23,3100.0,,,,,
không khớp,35930,NTN4657,Tân Đức,2026-01-23,10400.0,,,,,
không khớp,35982,CNT0033,Minh Ngọc,2026-01-23,1000.0,,,,,
không khớp,35773,THC0271,Đông Tây,2026-01-23,103.0,,,,,
không khớp,35993,NTN4574,Tân Đức,2026-01-23,2530.0,,,,,
không khớp,36045,NDT4486,Thành Công,2026-01-23,50.0,,,,,
không khớp,36041,NHD4642,Cẩm Hùng,2026-01-23,50.0,,,,,
không khớp,36005,NHG4568,Mộc Ấn,2026-01-23,13860.0,,,,,
không khớp,36040,NHG4643,Cẩm Hùng,2026-01-23,630.0,,,,,
không khớp,35964,NAP0148,PHL,2026-01-23,5040.0,,,,,
không khớp,35963,CHT0224,PHL,2026-01-23,5040.0,,,,,
không khớp,35942,NDT4561,Thành Công,2026-01-23,30.0,,,,,
không khớp,36017,CPT0234,Phương Nam,2026-01-23,7056.0,,,,,
không khớp,35874,NHG4644,Mộc Ấn,2026-01-23,11263.0,,,,,
không khớp,36018,NAP0156,Phương Nam,2026-01-23,4032.0,,,,,
không khớp,36025,NHG4364,Quang Đạt,2026-01-23,1124.0,,,,,
không khớp,35932,NTN4658,Tân Đức,2026-01-23,5140.0,,,,,
không khớp,35710,CPT0042,Cường Phát,2026-01-23,3000.0,,,,,
không khớp,35711,NAP0030,Cường Phát,2026-01-23,3000.0,,,,,
không khớp,36014,NAP0130,Phương Nam,2026-01-24,216.0,,,,,
không khớp,36013,CAN0028,Phương Nam,2026-01-24,216.0,,,,,
không khớp,36006,NTN4087,Tân Đức,2026-01-24,2060.0,,,,,
không khớp,35920,NHG4620,Mộc Ấn,2026-01-25,2229.0,,,,,
không khớp,36035,NHD4522,Cẩm Hùng,2026-01-26,50.0,,,,,
không khớp,36008,NHG4266,Mộc Ấn,2026-01-26,1075.0,,,,,
không khớp,36010,NHD4614,Mộc Ấn,2026-01-26,2129.0,,,,,
không khớp,35968,NAP0017,PHL,2026-01-26,5005.0,,,,,
không khớp,35967,CHT0174,PHL,2026-01-26,5005.0,,,,,
không khớp,35864,THC0078,Đông Tây,2026-01-26,325.0,,,,,
không khớp,35906,THI0276,Đông Tây,2026-01-26,322.0,,,,,
không khớp,35907,THI0277,Đông Tây,2026-01-26,303.0,,,,,
không khớp,35908,THC0078,Đông Tây,2026-01-26,509.0,,,,,
không khớp,36026,CHT0116,Phương Nam,2026-01-26,4650.0,,,,,
không khớp,36028,NHG4687,Mộc Ấn,2026-01-26,2239.0,,,,,
không khớp,36029,CPT0245,Phương Nam,2026-01-26,2100.0,,,,,
không khớp,36030,NAP0170,Phương Nam,2026-01-26,2100.0,,,,,
không khớp,36031,CHT0116,Phương Nam,2026-01-26,450.0,,,,,
không khớp,36032,NAP0070,Phương Nam,2026-01-26,450.0,,,,,
không khớp,36027,NAP0070,Phương Nam,2026-01-26,4650.0,,,,,
không khớp,36036,NHD4523,Cẩm Hùng,2026-01-26,50.0,,,,,
không khớp,36038,NHG4634,Mộc Ấn,2026-01-26,1075.0,,,,,
không khớp,36042,NHG4634,Cẩm Hùng,2026-01-26,600.0,,,,,
không khớp,36043,NHG4717,Cẩm Hùng,2026-01-26,400.0,,,,,
không khớp,36102,NAP0113,Phương Nam,2026-01-26,1315.0,,,,,
không khớp,36101,NAP0112,Phương Nam,2026-01-26,1310.0,,,,,
không khớp,36066,CPT0132,PHL,2026-01-26,1000.0,,,,,
không khớp,36067,NAP0162,PHL,2026-01-26,1000.0,,,,,
không khớp,36068,COC0007,PHL,2026-01-26,1000.0,,,,,
không khớp,36077,NAP0003,Phương Nam,2026-01-26,4000.0,,,,,
không khớp,36075,CHT0151,Phương Nam,2026-01-26,2625.0,,,,,
không khớp,36076,CPV0006,Phương Nam,2026-01-26,4000.0,,,,,
không khớp,35796,THC0269,Đông Tây,2026-01-26,115.0,,,,,
không khớp,35795,THC0269,Đông Tây,2026-01-26,100.0,,,,,
không khớp,35971,NHG4673,Mộc Ấn,2026-01-26,1114.0,,,,,
không khớp,35999,NHG4685,Mộc Ấn,2026-01-26,1114.0,,,,,
không khớp,36000,NHG4686,Mộc Ấn,2026-01-26,1114.0,,,,,
không khớp,36001,NHG4552,Mộc Ấn,2026-01-26,1114.0,,,,,
không khớp,36002,NHG4682,Mộc Ấn,2026-01-26,1114.0,,,,,
không khớp,36003,NHG4301,Mộc Ấn,2026-01-26,1075.0,,,,,
không khớp,36069,CHT0229,PHL,2026-01-27,3000.0,,,,,
không khớp,36109,NAP0154,PHL,2026-01-27,5000.0,,,,,
không khớp,36108,CPT0232,PHL,2026-01-27,5000.0,,,,,
không khớp,36009,NHG4612,Mộc Ấn,2026-01-27,2224.0,,,,,
không khớp,36070,NAP0153,PHL,2026-01-27,3000.0,,,,,
không khớp,35923,CPT0215,Vinaco,2026-01-27,2000.0,,,,,
không khớp,35969,CHT0174,PHL,2026-01-27,5005.0,,,,,
không khớp,36011,NHG4382,Mộc Ấn,2026-01-27,2219.0,,,,,
không khớp,35970,NAP0043,PHL,2026-01-27,5005.0,,,,,
không khớp,36105,NAP0018,PHL,2026-01-27,5005.0,,,,,
không khớp,36071,NAP0016,PHL,2026-01-27,5005.0,,,,,
không khớp,35924,NAP0138,Vinaco,2026-01-27,2000.0,,,,,
không khớp,36104,CHT0032,PHL,2026-01-27,5005.0,,,,,
không khớp,35983,CHT0031,PHL,2026-01-27,5005.0,,,,,
không khớp,36099,NHG4557,Quang Đạt,2026-01-28,1124.0,,,,,
không khớp,36049,NHG4694,Mộc Ấn,2026-01-28,3283.0,,,,,
không khớp,36097,NHG4695,Quang Đạt,2026-01-28,1124.0,,,,,
không khớp,36053,NHG4478,Mộc Ấn,2026-01-28,2214.0,,,,,
không khớp,36044,NTN4696,Tân Đức,2026-01-28,2140.0,,,,,
không khớp,36046,NHG4653,Mộc Ấn,2026-01-28,6647.0,,,,,
không khớp,36098,NHG4556,Quang Đạt,2026-01-28,1124.0,,,,,
không khớp,36143,CPT0214,Sáng Tâm,2026-01-28,12000.0,,,,,
không khớp,36037,NHG4656,Mộc Ấn,2026-01-28,8816.0,,,,,
không khớp,36059,NHG4455,Mộc Ấn,2026-01-28,8875.0,,,,,
không khớp,35994,NTN4615,Tân Đức,2026-01-28,8685.0,,,,,
không khớp,35998,NHG4362,Mộc Ấn,2026-01-28,1114.0,,,,,
không khớp,35948,NTN4668,Tân Đức,2026-01-28,10615.0,,,,,
không khớp,35949,HOP4652,Trí Tín,2026-01-28,2100.0,,,,,
không khớp,36096,NHG4570,Quang Đạt,2026-01-28,1124.0,,,,,
không khớp,36095,NHG4105,Quang Đạt,2026-01-28,1124.0,,,,,
không khớp,36057,NHG4503,Mộc Ấn,2026-01-29,2214.0,,,,,
không khớp,36058,NHG4270,Mộc Ấn,2026-01-29,8865.0,,,,,
không khớp,36060,NHG4146,Mộc Ấn,2026-01-29,8875.0,,,,,
không khớp,36094,NHG4285,Cẩm Hùng,2026-01-29,2000.0,,,,,
không khớp,36084,NHG4375,Cẩm Hùng,2026-01-29,12000.0,,,,,
không khớp,36083,NHG4067,Cẩm Hùng,2026-01-29,1000.0,,,,,
không khớp,36124,NHG4664,Mộc Ấn,2026-01-29,2209.0,,,,,
không khớp,36052,NHG4071,Mộc Ấn,2026-01-29,4428.0,,,,,
không khớp,36051,NHG4394,Mộc Ấn,2026-01-29,2214.0,,,,,
không khớp,36154,CPT0234,Phương Nam,2026-01-29,8064.0,,,,,
không khớp,36047,NHG4703,Mộc Ấn,2026-01-29,2209.0,,,,,
không khớp,35713,NAP0030,Cường Phát,2026-01-29,7000.0,,,,,
không khớp,36125,NHG4722,Cẩm Hùng,2026-01-29,2000.0,,,,,
không khớp,36123,NHG4663,Mộc Ấn,2026-01-29,2209.0,,,,,
không khớp,35712,CPT0042,Cường Phát,2026-01-29,7000.0,,,,,
không khớp,36082,NHG4187,Cẩm Hùng,2026-01-29,4000.0,,,,,
không khớp,36081,NHG4442,Cẩm Hùng,2026-01-29,16000.0,,,,,
không khớp,36155,NAP0163,Phương Nam,2026-01-29,8064.0,,,,,
không khớp,36140,NHG4679,Mộc Ấn,2026-01-30,2209.0,,,,,
không khớp,36156,CPV0030,Phương Nam,2026-01-30,1078.0,,,,,
không khớp,36157,NAP0065,Phương Nam,2026-01-30,1078.0,,,,,
không khớp,36141,NHG4680,Mộc Ấn,2026-01-30,2209.0,,,,,
không khớp,36139,NHG4678,Mộc Ấn,2026-01-30,2209.0,,,,,
không khớp,36103,NHG4705,Mộc Ấn,2026-01-30,4428.0,,,,,
không khớp,36161,NHD4610,Cẩm Hùng,2026-01-30,50.0,,,,,
không khớp,36158,NHG4058,Cẩm Hùng,2026-01-30,8000.0,,,,,
không khớp,36107,NHG4702,Mộc Ấn,2026-01-30,1104.0,,,,,
không khớp,36181,NAP0136,Phương Nam,2026-01-30,5922.0,,,,,
không khớp,36180,CHT0212,Phương Nam,2026-01-30,5922.0,,,,,
không khớp,36166,NAP0003,Phương Nam,2026-01-30,4000.0,,,,,
không khớp,36165,CPV0006,Phương Nam,2026-01-30,4000.0,,,,,
không khớp,36106,NHG4688,Mộc Ấn,2026-01-30,1104.0,,,,,
không khớp,36054,NHG4700,Mộc Ấn,2026-01-30,4477.0,,,,,
không khớp,36055,NHG4701,Mộc Ấn,2026-01-30,4477.0,,,,,
không khớp,36056,NHG4655,Mộc Ấn,2026-01-30,6612.0,,,,,
không khớp,36073,NAP0152,Hns,2026-01-30,400.0,,,,,
không khớp,36072,CHT0228,Hns,2026-01-30,400.0,,,,,
không khớp,35989,THC0004,Đông Tây,2026-01-30,320.0,,,,,
không khớp,35889,THC0004,Đông Tây,2026-01-30,320.0,,,,,
không khớp,36048,NHG4691,Mộc Ấn,2026-01-30,2239.0,,,,,
không khớp,38397,NLT0016,Hải Bình,2026-01-30,700.0,,,,,
không khớp,38404,NLT0274,Vĩnh Nam Anh,2026-01-30,50.0,,,,,
không khớp,38403,NLT0205,Hải Bình,2026-01-30,3.0,,,,,
không khớp,38396,NLT0015,Hải Bình,2026-01-30,1.0,,,,,
không khớp,38402,NLT0089,Hải Bình,2026-01-30,4.0,,,,,
không khớp,38398,NLT0017,Hải Bình,2026-01-30,600.0,,,,,
không khớp,38399,NLT0025,Hải Bình,2026-01-30,500.0,,,,,
không khớp,38400,NLT0047,Hải Bình,2026-01-30,100.0,,,,,
không khớp,38401,NLT0084,Hải Bình,2026-01-30,800.0,,,,,
không khớp,36762,NHG4369,Quang Đạt,2026-01-31,6328.0,,,,,
không khớp,36214,NDT4087,Thành Công,2026-01-31,40.0,,,,,
không khớp,36202,NDT4573,Thành Công,2026-01-31,40.0,,,,,
không khớp,36203,NDT4657,Thành Công,2026-01-31,60.0,,,,,
không khớp,36204,NDT4662,Thành Công,2026-01-31,25.0,,,,,
không khớp,36205,NDT4683,Thành Công,2026-01-31,25.0,,,,,
không khớp,36208,NHD4683,Cẩm Hùng,2026-01-31,1000.0,,,,,
không khớp,36213,NDT4690,Thành Công,2026-01-31,25.0,,,,,
không khớp,36196,NDT4684,Thành Công,2026-01-31,50.0,,,,,
không khớp,36215,NDT4615,Thành Công,2026-01-31,30.0,,,,,
không khớp,35979,CHV0194,An Tín,2026-01-31,4180.0,,,,,
không khớp,35980,NAP0131,An Tín,2026-01-31,3135.0,,,,,
không khớp,35981,NAP0126,An Tín,2026-01-31,1045.0,,,,,
không khớp,36138,NHG4726,Mộc Ấn,2026-01-31,4438.0,,,,,
không khớp,36135,NHG4725,Mộc Ấn,2026-01-31,1756.0,,,,,
không khớp,36127,NHG4639,Quang Đạt,2026-01-31,1095.0,,,,,
không khớp,36201,NDT4572,Thành Công,2026-01-31,50.0,,,,,
không khớp,36195,NDT4045,Thành Công,2026-01-31,60.0,,,,,
không khớp,36194,NDT4520,Thành Công,2026-01-31,30.0,,,,,
không khớp,36091,NTN4684,Tân Đức,2026-01-31,5100.0,,,,,
không khớp,36193,NDT4693,Thành Công,2026-01-31,30.0,,,,,
không khớp,36197,NDT4696,Thành Công,2026-01-31,30.0,,,,,
không khớp,36198,NDT4355,Thành Công,2026-01-31,100.0,,,,,
không khớp,36199,NDT4095,Thành Công,2026-01-31,300.0,,,,,
không khớp,36090,NTN4260,Tân Đức,2026-01-31,20550.0,,,,,
không khớp,36200,NDT4069,Thành Công,2026-01-31,50.0,,,,,
không khớp,36128,NHG4723,Quang Đạt,2026-02-02,1035.0,,,,,
không khớp,36061,CHT0116,Phương Nam,2026-02-02,200.0,,,,,
không khớp,36085,NTN4595,Tân Đức,2026-02-02,3220.0,,,,,
không khớp,36087,NTN4693,Tân Đức,2026-02-02,3190.0,,,,,
không khớp,36212,NHD4596,Cẩm Hùng,2026-02-02,120.0,,,,,
không khớp,36111,NTN4069,Tân Đức,2026-02-02,10380.0,,,,,
không khớp,36020,NTN4572,Tân Đức,2026-02-02,11100.0,,,,,
không khớp,36092,NTN4355,Tân Đức,2026-02-02,37576.0,,,,,
không khớp,36093,NTN4095,Tân Đức,2026-02-02,30860.0,,,,,
không khớp,36062,NAP0070,Phương Nam,2026-02-02,200.0,,,,,
không khớp,36207,NTN4657,Tân Đức,2026-02-03,18800.0,,,,,
không khớp,35794,THC0275,Đông Tây,2026-02-03,106.0,,,,,
không khớp,36171,CHT0230,PHL,2026-02-03,3072.0,,,,,
không khớp,36172,NAP0153,PHL,2026-02-03,3072.0,,,,,
không khớp,36227,NDT4069,Thành Công,2026-02-03,50.0,,,,,
không khớp,36228,NDT4665,Thành Công,2026-02-03,31.0,,,,,
không khớp,36173,COC0010,PHL,2026-02-03,3072.0,,,,,
không khớp,36230,NDT4552,Thành Công,2026-02-03,30.0,,,,,
không khớp,36229,NDT4686,Thành Công,2026-02-03,30.0,,,,,
không khớp,36089,NTN4045,Tân Đức,2026-02-03,6270.0,,,,,
không khớp,36232,NDT4684,Thành Công,2026-02-03,50.0,,,,,
không khớp,36233,NDT4583,Thành Công,2026-02-03,30.0,,,,,
không khớp,36234,NDT4568,Thành Công,2026-02-03,300.0,,,,,
không khớp,35715,NAP0030,Cường Phát,2026-02-03,9730.0,,,,,
không khớp,35992,THI0263,Đông Tây,2026-02-03,80.0,,,,,
không khớp,35991,THI0263,Đông Tây,2026-02-03,233.0,,,,,
không khớp,35714,CPT0042,Cường Phát,2026-02-03,9730.0,,,,,
không khớp,36231,NDT4693,Thành Công,2026-02-03,30.0,,,,,
không khớp,35990,THI0280,Đông Tây,2026-02-03,334.0,,,,,
không khớp,38181,NLT0259,Nguyễn Bá,2026-02-03,50.0,,,,,
không khớp,38182,NLT0259,Nguyễn Bá,2026-02-03,100.0,,,,,
không khớp,36178,NAP0144,Phương Nam,2026-02-04,5940.0,,,,,
không khớp,36177,CHT0057,Phương Nam,2026-02-04,5940.0,,,,,
không khớp,36179,COC0004,Phương Nam,2026-02-04,5940.0,,,,,
không khớp,36117,CNT0033,Minh Ngọc,2026-02-04,1200.0,,,,,
không khớp,36235,NHD4744,Cẩm Hùng,2026-02-04,100.0,,,,,
không khớp,35797,THC0252,Đông Tây,2026-02-04,102.0,,,,,
không khớp,36236,NHG4586,Cẩm Hùng,2026-02-04,400.0,,,,,
không khớp,36129,CPT0132,PHL,2026-02-04,2400.0,,,,,
không khớp,36113,NAP0138,Vinaco,2026-02-04,2040.0,,,,,
không khớp,36088,NTN4520,Tân Đức,2026-02-04,6150.0,,,,,
không khớp,36185,NAP0171,Phương Nam,2026-02-04,1260.0,,,,,
không khớp,36184,CHT0117,Phương Nam,2026-02-04,1260.0,,,,,
không khớp,36112,CPT0189,Vinaco,2026-02-04,2040.0,,,,,
không khớp,36130,NAP0162,PHL,2026-02-04,2400.0,,,,,
không khớp,36100,CHT0116,Phương Nam,2026-02-04,3900.0,,,,,
không khớp,36034,THC0080,Đông Tây,2026-02-04,313.0,,,,,
không khớp,36033,THC0078,Đông Tây,2026-02-04,510.0,,,,,
không khớp,36153,COC0004,Phương Nam,2026-02-04,1008.0,,,,,
không khớp,36131,COC0007,PHL,2026-02-04,2400.0,,,,,
không khớp,36132,CPV0006,Phương Nam,2026-02-04,4000.0,,,,,
không khớp,36133,NAP0003,Phương Nam,2026-02-04,4000.0,,,,,
không khớp,36134,NAP0159,Phương Nam,2026-02-04,2025.0,,,,,
không khớp,36080,NAP0070,Phương Nam,2026-02-04,3900.0,,,,,
không khớp,36122,NAP0157,Phương Nam,2026-02-04,1050.0,,,,,
không khớp,36121,CHT0151,Phương Nam,2026-02-04,1050.0,,,,,
không khớp,36142,NHG4382,Mộc Ấn,2026-02-04,2194.0,,,,,
không khớp,36144,CHT0237,Phương Nam,2026-02-04,2025.0,,,,,
không khớp,36222,NAP0138,Vinaco,2026-02-04,3000.0,,,,,
không khớp,36221,CPT0215,Vinaco,2026-02-04,3000.0,,,,,
không khớp,36149,CHT0151,Phương Nam,2026-02-04,1575.0,,,,,
không khớp,36150,NAP0112,Phương Nam,2026-02-04,1575.0,,,,,
không khớp,36151,CHT0058,Phương Nam,2026-02-04,1008.0,,,,,
không khớp,36152,NAP0144,Phương Nam,2026-02-04,1008.0,,,,,
không khớp,36191,NHG4471,Mộc Ấn,2026-02-05,2229.0,,,,,
không khớp,36192,NHG4472,Mộc Ấn,2026-02-05,2189.0,,,,,
không khớp,36190,NHG4470,Mộc Ấn,2026-02-05,2194.0,,,,,
không khớp,36240,NAP0029,Hồ Gia,2026-02-05,2106.0,,,,,
không khớp,36086,NTN4690,Tân Đức,2026-02-05,10475.0,,,,,
không khớp,36189,NHG4731,Mộc Ấn,2026-02-05,2219.0,,,,,
không khớp,36237,CHT0022,Hồ Gia,2026-02-05,1050.0,,,,,
không khớp,36024,HOP4572,Quang Đạt,2026-02-05,1091.0,,,,,
không khớp,36206,NTN4573,Tân Đức,2026-02-05,1060.0,,,,,
không khớp,36239,CHT0023,Hồ Gia,2026-02-05,2106.0,,,,,
không khớp,36238,NAP0028,Hồ Gia,2026-02-05,1050.0,,,,,
không khớp,36210,NHG4737,Mộc Ấn,2026-02-05,2199.0,,,,,
không khớp,36211,NHG4650,Mộc Ấn,2026-02-05,2249.0,,,,,
không khớp,36224,NAP0152,Hns,2026-02-05,600.0,,,,,
không khớp,36223,CHT0228,Hns,2026-02-05,600.0,,,,,
không khớp,38405,NLT0274,Vĩnh Nam Anh,2026-02-05,50.0,,,,,
không khớp,38406,NLT0060,Vĩnh Nam Anh,2026-02-05,645.0,,,,,
không khớp,38407,NLT0015,Châu Ngân,2026-02-05,1.5,,,,,
không khớp,38408,NLT0016,Hải Bình,2026-02-05,700.0,,,,,
không khớp,38409,NLT0017,Hải Bình,2026-02-05,2.0,,,,,
không khớp,38410,NLT0047,Hải Bình,2026-02-05,250.0,,,,,
không khớp,38411,NLT0084,Hải Bình,2026-02-05,850.0,,,,,
không khớp,38412,NLT0205,Hải Bình,2026-02-05,4.0,,,,,
không khớp,38413,NLT0166,Hải Bình,2026-02-05,150.0,,,,,
không khớp,38317,NLT0245,Svc,2026-02-05,1.0,,,,,
không khớp,38394,NLT0053,Hóa Chất Miền Nam,2026-02-05,51.0,,,,,
không khớp,38395,NLT0155,Hóa Chất Miền Nam,2026-02-05,800.0,,,,,
không khớp,38312,NLT0172,Ntk,2026-02-05,100.0,,,,,
không khớp,38366,NLT0025,Hiền Phan,2026-02-05,600.0,,,,,
không khớp,38367,NLT0025,Hiền Phan,2026-02-05,975.0,,,,,
không khớp,38311,NLT0171,Ntk,2026-02-05,225.0,,,,,
không khớp,37969,NLT0087,Cvgr,2026-02-05,100.0,,,,,
không khớp,38249,NLT0080,Ngàn Hương,2026-02-06,300.0,,,,,
không khớp,38382,NLT0042,Việt Mỹ,2026-02-06,1.05,,,,,
không khớp,38383,NLT0152,Việt Mỹ,2026-02-06,2.3,,,,,
không khớp,38384,NLT0270,Việt Mỹ,2026-02-06,2.2,,,,,
không khớp,38326,NLT0194,Nam Bình,2026-02-06,630.0,,,,,
không khớp,36257,NHD4523,Cẩm Hùng,2026-02-06,100.0,,,,,
không khớp,36256,NHD4522,Cẩm Hùng,2026-02-06,100.0,,,,,
không khớp,36078,CHT0116,Phương Nam,2026-02-06,1500.0,,,,,
không khớp,36246,NAP0153,PHL,2026-02-06,1980.0,,,,,
không khớp,36220,NHG4416,Quang Đạt,2026-02-06,1124.0,,,,,
không khớp,36219,NHG4415,Quang Đạt,2026-02-06,1124.0,,,,,
không khớp,36245,CHT0231,PHL,2026-02-06,1980.0,,,,,
không khớp,36218,NHG4414,Quang Đạt,2026-02-06,1124.0,,,,,
không khớp,36209,NHD4607,Quang Đạt,2026-02-06,1154.0,,,,,
không khớp,36244,NHG4586,Cẩm Hùng,2026-02-06,2100.0,,,,,
không khớp,36187,NAP0171,Phương Nam,2026-02-06,756.0,,,,,
không khớp,36160,NHD4638,Quang Đạt,2026-02-06,1154.0,,,,,
không khớp,36159,NHD4662,Quang Đạt,2026-02-06,1154.0,,,,,
không khớp,36079,NAP0070,Phương Nam,2026-02-06,1500.0,,,,,
không khớp,36169,CNT0034,Minh Ngọc,2026-02-06,800.0,,,,,
không khớp,36174,CHT0057,Phương Nam,2026-02-06,4140.0,,,,,
không khớp,36175,NAP0144,Phương Nam,2026-02-06,4140.0,,,,,
không khớp,36176,COC0004,Phương Nam,2026-02-06,4140.0,,,,,
không khớp,36188,NAP0070,Phương Nam,2026-02-06,1008.0,,,,,
không khớp,36182,CHT0212,Phương Nam,2026-02-06,4158.0,,,,,
không khớp,36183,NAP0136,Phương Nam,2026-02-06,4158.0,,,,,
không khớp,36186,CHT0117,Phương Nam,2026-02-06,1764.0,,,,,
không khớp,36050,NHG4073,Mộc Ấn,2026-02-07,8836.0,,,,,
không khớp,36110,THC0112,Đông Tây,2026-02-07,213.0,,,,,
không khớp,36074,THI0267,Đông Tây,2026-02-07,324.0,,,,,
không khớp,35988,THC0279,Đông Tây,2026-02-07,110.0,,,,,
không khớp,36148,NAP0017,PHL,2026-02-07,10000.0,,,,,
không khớp,36263,NHG4738,Cẩm Hùng,2026-02-07,450.0,,,,,
không khớp,36147,CET0028,PHL,2026-02-07,10000.0,,,,,
không khớp,36247,CHT0231,PHL,2026-02-08,3060.0,,,,,
không khớp,36262,COC0007,PHL,2026-02-08,2400.0,,,,,
không khớp,36261,NAP0162,PHL,2026-02-08,2400.0,,,,,
không khớp,36260,CPT0082,PHL,2026-02-08,2400.0,,,,,
không khớp,36248,NAP0153,PHL,2026-02-08,3060.0,,,,,
không khớp,36168,NAP0145,Vinaco,2026-02-09,1000.0,,,,,
không khớp,36167,CPT0203,Vinaco,2026-02-09,1000.0,,,,,
không khớp,35820,THC0273,Đông Tây,2026-02-09,104.0,,,,,
không khớp,36225,NHG4071,Mộc Ấn,2026-02-09,4378.0,,,,,
không khớp,36241,NHG4741,Quang Đạt,2026-02-09,1154.0,,,,,
không khớp,35987,THI0278,Đông Tây,2026-02-09,308.0,,,,,
không khớp,35819,THC0273,Đông Tây,2026-02-09,110.0,,,,,
không khớp,36278,NAP0027,PHL,2026-02-09,2400.0,,,,,
không khớp,36277,CHT0018,PHL,2026-02-09,2400.0,,,,,
không khớp,36279,NHG4442,Cẩm Hùng,2026-02-10,19980.0,,,,,
không khớp,36280,NHG4738,Quang Đạt,2026-02-10,1095.0,,,,,
không khớp,36226,NHG4743,Mộc Ấn,2026-02-10,2189.0,,,,,
không khớp,36251,NHG4455,Mộc Ấn,2026-02-10,9025.0,,,,,
không khớp,36216,NTN4696,Tân Đức,2026-02-10,3100.0,,,,,
không khớp,36267,NHG4710,Quang Đạt,2026-02-10,1055.0,,,,,
không khớp,36266,NHG4709,Quang Đạt,2026-02-10,1055.0,,,,,
không khớp,36265,NHG4711,Quang Đạt,2026-02-10,1055.0,,,,,
không khớp,36264,NHG4653,Quang Đạt,2026-02-10,1055.0,,,,,
không khớp,36136,NHG4729,Mộc Ấn,2026-02-11,2308.0,,,,,
không khớp,36253,NHD3794,Quang Đạt,2026-02-11,1144.0,,,,,
không khớp,36254,NHD4736,Quang Đạt,2026-02-11,1144.0,,,,,
không khớp,36137,NHG4730,Mộc Ấn,2026-02-11,2308.0,,,,,
không khớp,36297,NDT4615,Thành Công,2026-02-11,60.0,,,,,
không khớp,36300,NDT4573,Thành Công,2026-02-11,40.0,,,,,
không khớp,36299,NDT4607,Thành Công,2026-02-11,30.0,,,,,
không khớp,36298,NDT4762,Thành Công,2026-02-11,50.0,,,,,
không khớp,36296,NDT4696,Thành Công,2026-02-11,30.0,,,,,
không khớp,36307,NAP0138,Phương Nam,2026-02-12,1080.0,,,,,
không khớp,36306,CPT0189,Phương Nam,2026-02-12,1080.0,,,,,
không khớp,36282,NHG4706,Mộc Ấn,2026-02-12,2129.0,,,,,
không khớp,36252,NHG4649,Mộc Ấn,2026-02-12,4507.0,,,,,
không khớp,36258,NHP4160,Cẩm Hùng,2026-02-12,1000.0,,,,,
không khớp,36275,CHT0225,PHL,2026-02-12,3060.0,,,,,
không khớp,36259,CNT0033,Minh Ngọc,2026-02-12,1800.0,,,,,
không khớp,36276,NAP0149,PHL,2026-02-12,3060.0,,,,,
không khớp,36065,NAP0113,Phương Nam,2026-02-12,710.0,,,,,
không khớp,36063,CHT0151,Phương Nam,2026-02-12,1875.0,,,,,
không khớp,35863,NDT4568,Thành Công,2026-02-12,200.0,,,,,
không khớp,36116,CNT0071,Minh Ngọc,2026-02-12,810.0,,,,,
không khớp,36064,NAP0112,Phương Nam,2026-02-12,1165.0,,,,,
không khớp,36243,NHG4478,Mộc Ấn,2026-02-12,4507.0,,,,,
không khớp,36288,CPT0130,Phương Nam,2026-02-13,2100.0,,,,,
không khớp,36289,NAP0169,Phương Nam,2026-02-13,2100.0,,,,,
không khớp,36290,CPT0234,Phương Nam,2026-02-13,4032.0,,,,,
không khớp,36291,NAP0156,Phương Nam,2026-02-13,4032.0,,,,,
không khớp,36295,NTN4762,Tân Đức,2026-02-25,1100.0,,,,,
không khớp,36114,CHV0186,An Tín,2026-02-25,2016.0,,,,,
không khớp,36115,NAP0131,An Tín,2026-02-25,2016.0,,,,,
không khớp,36255,NTN4615,Tân Đức,2026-02-25,17869.0,,,,,
không khớp,36217,NHG4677,Quang Đạt,2026-02-25,1154.0,,,,,
không khớp,36249,CHT0225,PHL,2026-02-26,2160.0,,,,,
không khớp,36164,THC0247,NCCKS007,2026-02-26,100.0,,,,,
không khớp,36163,THC0246,NCCKS007,2026-02-26,338.0,,,,,
không khớp,36250,NAP0149,PHL,2026-02-26,2160.0,,,,,
không khớp,36242,HOP2003,Quang Đạt,2026-02-26,2169.0,,,,,
không khớp,36317,NAP0162,PHL,2026-02-26,1000.0,,,,,
không khớp,36316,CPT0144,PHL,2026-02-26,1000.0,,,,,
không khớp,36318,COC0007,PHL,2026-02-26,1000.0,,,,,
không khớp,36281,NHG4681,Mộc Ấn,2026-02-26,8955.0,,,,,
không khớp,36305,NAP0075,Phương Nam,2026-02-26,5060.0,,,,,
không khớp,36304,CPT0246,Phương Nam,2026-02-26,5060.0,,,,,
không khớp,36347,NDT4766,Thành Công,2026-02-26,50.0,,,,,
không khớp,36346,NDT4652,Thành Công,2026-02-26,100.0,,,,,
không khớp,36345,NDT4651,Thành Công,2026-02-26,100.0,,,,,
không khớp,36294,NHG4758,Mộc Ấn,2026-02-26,2189.0,,,,,
không khớp,36338,NAP0174,Phương Nam,2026-02-27,1080.0,,,,,
không khớp,36331,NHG4442,Cẩm Hùng,2026-02-27,10000.0,,,,,
không khớp,36337,CPT0249,Phương Nam,2026-02-27,1080.0,,,,,
không khớp,36332,NHG4763,Quang Đạt,2026-02-27,2030.0,,,,,
không khớp,36319,NHG4177,Quang Đạt,2026-02-27,1114.0,,,,,
không khớp,36320,NHG4764,Quang Đạt,2026-02-27,1114.0,,,,,
không khớp,36321,NHG4732,Quang Đạt,2026-02-27,1114.0,,,,,
không khớp,36322,NHG4735,Quang Đạt,2026-02-27,1114.0,,,,,
không khớp,36323,NHG4556,Quang Đạt,2026-02-27,1114.0,,,,,
không khớp,36324,NHG4557,Quang Đạt,2026-02-27,1114.0,,,,,
không khớp,36315,XOT0005,Phương Nam,2026-02-27,200.0,,,,,
không khớp,36329,NHD4642,Cẩm Hùng,2026-02-27,350.0,,,,,
không khớp,36330,NHG4058,Cẩm Hùng,2026-02-27,8000.0,,,,,
không khớp,36314,NAP0174,Phương Nam,2026-02-27,1080.0,,,,,
không khớp,36313,CPT0249,Phương Nam,2026-02-27,1080.0,,,,,
không khớp,36301,NHG4745,Quang Đạt,2026-02-27,1114.0,,,,,
không khớp,36302,NHG4742,Quang Đạt,2026-02-27,1114.0,,,,,
không khớp,38426,NLT0152,Việt Mỹ,2026-02-27,1.0,,,,,
không khớp,38425,NLT0083,Hóa Chất Miền Nam,2026-02-27,20.0,,,,,
không khớp,38424,NLT0029,Vĩnh Nam Anh,2026-02-27,50.0,,,,,
không khớp,36268,CHT0057,Phương Nam,2026-02-27,2160.0,,,,,
khớp,36120,THC0080,Đông Tây,2026-02-27,324.0,PO00294,2026-03-19,300.0,20,x
không khớp,36274,NAP0136,Phương Nam,2026-02-27,5922.0,,,,,
không khớp,36273,CHT0212,Phương Nam,2026-02-27,5922.0,,,,,
không khớp,36272,NAP0070,Phương Nam,2026-02-27,2250.0,,,,,
không khớp,36271,CHT0116,Phương Nam,2026-02-27,2250.0,,,,,
không khớp,36270,COC0004,Phương Nam,2026-02-27,2160.0,,,,,
không khớp,36269,NAP0144,Phương Nam,2026-02-27,2160.0,,,,,
khớp,36119,THI0277,Đông Tây,2026-02-27,305.0,PO00288,2026-03-16,400.0,17,x
không khớp,36162,THC0247,NCCKS007,2026-02-27,254.0,,,,,
không khớp,36145,THC0146,Đông Tây,2026-02-27,315.0,,,,,
không khớp,36039,THC0149,Đông Tây,2026-02-28,110.0,,,,,
không khớp,36146,THC0112,Đông Tây,2026-02-28,216.0,,,,,
khớp,36170,THC0274,Đông Tây,2026-02-28,315.0,PO00298,2026-03-23,300.0,23,x
không khớp,36343,CPT0020,PHL,2026-02-28,2000.0,,,,,
không khớp,36344,NAP0041,PHL,2026-02-28,2000.0,,,,,
không khớp,38423,NLT0084,Hải Bình,2026-03-01,500.0,,,,,
không khớp,38422,NLT0081,Hải Bình,2026-03-01,50.0,,,,,
không khớp,38421,NLT0047,Hải Bình,2026-03-01,300.0,,,,,
không khớp,38420,NLT0024,Hải Bình,2026-03-01,200.0,,,,,
không khớp,38417,NLT0284,Hiền Phan,2026-03-01,1.0,,,,,
không khớp,38416,NLT0270,Hiền Phan,2026-03-01,2.0,,,,,
không khớp,38415,NLT0038,Hiền Phan,2026-03-01,100.0,,,,,
không khớp,38414,NLT0025,Hiền Phan,2026-03-01,600.0,,,,,
không khớp,36126,THC0252,Đông Tây,2026-03-02,102.0,,,,,
không khớp,36118,THC0252,Đông Tây,2026-03-03,100.0,,,,,
không khớp,36339,NHG4740,Mộc Ấn,2026-03-03,5572.0,,,,,
không khớp,36341,NHG4653,Mộc Ấn,2026-03-03,14129.0,,,,,
không khớp,36391,NHD4780,Cẩm Hùng,2026-03-03,20.0,,,,,
không khớp,36328,NTN4766,Tân Đức,2026-03-03,10260.0,,,,,
không khớp,36327,NHG4761,Mộc Ấn,2026-03-03,5572.0,,,,,
không khớp,36422,NDT4762,Thành Công,2026-03-04,50.0,,,,,
không khớp,36423,NDT4747,Thành Công,2026-03-04,50.0,,,,,
không khớp,36374,CPT0240,PHL,2026-03-04,3200.0,,,,,
không khớp,36421,NDT4520,Thành Công,2026-03-04,60.0,,,,,
không khớp,36369,NHG4345,Mộc Ấn,2026-03-04,2219.0,,,,,
không khớp,36367,NHG4526,Quang Đạt,2026-03-04,1134.0,,,,,
không khớp,36366,NHG4776,Quang Đạt,2026-03-04,1134.0,,,,,
không khớp,36375,NAP0138,PHL,2026-03-04,3200.0,,,,,
không khớp,36419,NDT4755,Thành Công,2026-03-04,30.0,,,,,
không khớp,36384,CHT0023,Hồ Gia,2026-03-04,2000.0,,,,,
không khớp,36365,NHG4777,Quang Đạt,2026-03-04,1134.0,,,,,
không khớp,36420,NDT4754,Thành Công,2026-03-04,30.0,,,,,
không khớp,36418,NDT4753,Thành Công,2026-03-04,30.0,,,,,
không khớp,36385,NAP0176,Hồ Gia,2026-03-04,2000.0,,,,,
không khớp,36386,CHT0023,Hồ Gia,2026-03-04,2156.0,,,,,
không khớp,36387,NAP0029,Hồ Gia,2026-03-04,2156.0,,,,,
không khớp,36417,NDT4583,Thành Công,2026-03-04,200.0,,,,,
không khớp,36412,NAP0153,PHL,2026-03-04,3000.0,,,,,
không khớp,36405,CHT0023,Hồ Gia,2026-03-04,2000.0,,,,,
không khớp,36406,NAP0176,Hồ Gia,2026-03-04,2000.0,,,,,
không khớp,36411,CHT0229,PHL,2026-03-04,3000.0,,,,,
không khớp,36409,NDT4572,Thành Công,2026-03-04,40.0,,,,,
không khớp,36408,NDT4641,Thành Công,2026-03-04,50.0,,,,,
không khớp,36407,NDT4501,Thành Công,2026-03-04,50.0,,,,,
không khớp,36342,NHG4608,Mộc Ấn,2026-03-04,4338.0,,,,,
không khớp,36340,NHG4586,Mộc Ấn,2026-03-04,2169.0,,,,,
không khớp,36351,NHG4714,Quang Đạt,2026-03-04,1134.0,,,,,
không khớp,36352,NHG4715,Quang Đạt,2026-03-04,1134.0,,,,,
không khớp,36292,THC0228,Đông Tây,2026-03-05,107.0,,,,,
không khớp,36398,NHG4784,Quang Đạt,2026-03-05,1154.0,,,,,
không khớp,36326,NHG4759,Mộc Ấn,2026-03-05,2219.0,,,,,
không khớp,36431,CHT0228,Hns,2026-03-05,800.0,,,,,
không khớp,36427,NHG4785,Quang Đạt,2026-03-05,1154.0,,,,,
không khớp,36432,NAP0152,Hns,2026-03-05,800.0,,,,,
không khớp,36424,NHD4212,Cẩm Hùng,2026-03-05,100.0,,,,,
không khớp,36377,NHG4556,Quang Đạt,2026-03-06,1154.0,,,,,
không khớp,36354,NHG4699,Quang Đạt,2026-03-06,1144.0,,,,,
không khớp,36379,NHG4781,Quang Đạt,2026-03-06,1144.0,,,,,
không khớp,36380,NHG4100,Quang Đạt,2026-03-06,1144.0,,,,,
không khớp,36382,NHG4775,Mộc Ấn,2026-03-06,2169.0,,,,,
không khớp,36383,NHG4756,Mộc Ấn,2026-03-06,2169.0,,,,,
không khớp,36285,NAP0092,Vinaco,2026-03-06,1575.0,,,,,
không khớp,36445,NDT4260,Thành Công,2026-03-06,200.0,,,,,
không khớp,36444,NDT4454,Thành Công,2026-03-06,50.0,,,,,
không khớp,36442,NDT4525,Thành Công,2026-03-06,30.0,,,,,
không khớp,36284,CPT0110,Vinaco,2026-03-06,1575.0,,,,,
không khớp,36392,NHG4566,Quang Đạt,2026-03-06,1154.0,,,,,
không khớp,36393,NHG4757,Quang Đạt,2026-03-06,1164.0,,,,,
không khớp,36283,THC0262,Đông Tây,2026-03-06,312.0,,,,,
không khớp,36450,NHD4262,Cẩm Hùng,2026-03-06,100.0,,,,,
không khớp,36350,NHG4712,Quang Đạt,2026-03-06,1144.0,,,,,
không khớp,36378,NHG4557,Quang Đạt,2026-03-07,1144.0,,,,,
không khớp,36286,CPT0110,Vinaco,2026-03-07,4410.0,,,,,
không khớp,36287,NAP0092,Vinaco,2026-03-07,4410.0,,,,,
không khớp,36303,CNT0036,Minh Ngọc,2026-03-07,400.0,,,,,
không khớp,36312,CNT0136,Minh Ngọc,2026-03-07,400.0,,,,,
không khớp,36325,NHD4751,Quang Đạt,2026-03-07,1095.0,,,,,
không khớp,36353,HOP4740,Quang Đạt,2026-03-07,5323.0,,,,,
không khớp,36400,NHG4768,An Nông,2026-03-07,5081.0,,,,,
không khớp,36397,NHG4782,Quang Đạt,2026-03-07,2119.0,,,,,
không khớp,36396,NHD4754,Quang Đạt,2026-03-07,1095.0,,,,,
không khớp,36395,NHD4755,Quang Đạt,2026-03-07,1095.0,,,,,
không khớp,36394,NHD4753,Quang Đạt,2026-03-07,1095.0,,,,,
không khớp,36348,NTN4501,Tân Đức,2026-03-07,5220.0,,,,,
không khớp,38430,NLT0047,Hải Bình,2026-03-07,300.0,,,,,
không khớp,38433,NLT0194,Nam Bình,2026-03-07,630.0,,,,,
không khớp,38432,NLT0089,Hải Bình,2026-03-07,2.0,,,,,
không khớp,38431,NLT0084,Hải Bình,2026-03-07,500.0,,,,,
không khớp,38429,NLT0017,Hải Bình,2026-03-07,500.0,,,,,
không khớp,38428,NLT0015,Châu Ngân,2026-03-07,800.0,,,,,
không khớp,38434,NLT0152,Việt Mỹ,2026-03-09,2.0,,,,,
không khớp,38435,NLT0270,Việt Mỹ,2026-03-09,4.0,,,,,
không khớp,38445,NLT0171,Ntk,2026-03-09,225.0,,,,,
không khớp,38444,NLT0060,Ntk,2026-03-09,430.0,,,,,
không khớp,36376,NTN4583,Tân Đức,2026-03-09,4050.0,,,,,
không khớp,36496,NDT4840,Thành Công,2026-03-09,40.0,,,,,
không khớp,36381,THC0072,Đông Tây,2026-03-09,215.0,,,,,
không khớp,36399,NHG4726,Mộc Ấn,2026-03-09,2199.0,,,,,
không khớp,36360,THC0222,Đông Tây,2026-03-09,395.0,,,,,
không khớp,36470,NDT4408,Thành Công,2026-03-10,30.0,,,,,
không khớp,36465,NHG4548,Quang Đạt,2026-03-10,2090.0,,,,,
không khớp,36425,NTN4047,Tân Đức,2026-03-10,11000.0,,,,,
không khớp,36468,NHD4626,Cẩm Hùng,2026-03-10,100.0,,,,,
không khớp,36475,NHG4804,Quang Đạt,2026-03-10,4219.0,,,,,
không khớp,36370,NTN4572,Tân Đức,2026-03-10,10900.0,,,,,
không khớp,36437,NTN4778,Tân Đức,2026-03-10,3060.0,,,,,
không khớp,36472,NDT3813,Thành Công,2026-03-10,50.0,,,,,
không khớp,36443,NDT4778,Thành Công,2026-03-10,30.0,,,,,
không khớp,36349,NTN4641,Tân Đức,2026-03-10,5150.0,,,,,
không khớp,36446,NDT4501,Thành Công,2026-03-10,50.0,,,,,
không khớp,36469,NHG4783,Cẩm Hùng,2026-03-10,1040.0,,,,,
không khớp,36473,NDT3479,Thành Công,2026-03-10,50.0,,,,,
không khớp,36436,NDT4047,Thành Công,2026-03-10,40.0,,,,,
không khớp,38446,NLT0024,Hóa Chất Miền Nam,2026-03-10,800.0,,,,,
không khớp,38443,NLT0174,Vĩnh Nam Anh,2026-03-11,100.0,,,,,
không khớp,38442,NLT0173,Vĩnh Nam Anh,2026-03-11,100.0,,,,,
không khớp,38441,NLT0093,Vĩnh Nam Anh,2026-03-11,170.0,,,,,
không khớp,38440,NLT0029,Vĩnh Nam Anh,2026-03-11,200.0,,,,,
không khớp,38439,NLT0022,Vĩnh Nam Anh,2026-03-11,250.0,,,,,
không khớp,38437,NLT0274,Việt Mỹ,2026-03-11,200.0,,,,,
không khớp,38447,NLT0148,Nam Bình,2026-03-11,895.0,,,,,
không khớp,36440,CHT0151,Phương Nam,2026-03-11,1050.0,,,,,
không khớp,36447,NTN4501,Tân Đức,2026-03-11,5220.0,,,,,
không khớp,36476,NHG4563,Quang Đạt,2026-03-11,1075.0,,,,,
không khớp,36466,NHG4805,Mộc Ấn,2026-03-11,3269.0,,,,,
không khớp,36448,NHG4697,Quang Đạt,2026-03-11,1144.0,,,,,
không khớp,36464,NHG4794,Quang Đạt,2026-03-11,1144.0,,,,,
không khớp,36463,NHD4800,Quang Đạt,2026-03-11,1119.0,,,,,
không khớp,36462,NHD4799,Quang Đạt,2026-03-11,1119.0,,,,,
không khớp,36449,NHG4792,Mộc Ấn,2026-03-11,2179.0,,,,,
không khớp,36441,NAP0159,Phương Nam,2026-03-11,1050.0,,,,,
không khớp,36362,THC0206,Đông Tây,2026-03-11,210.0,,,,,
không khớp,36363,CPT0214,Sáng Tâm,2026-03-11,10000.0,,,,,
không khớp,36414,NAP0177,Phương Nam,2026-03-11,3975.0,,,,,
không khớp,36413,CHT0151,Phương Nam,2026-03-11,3975.0,,,,,
không khớp,36364,CPT0214,Sáng Tâm,2026-03-11,10000.0,,,,,
không khớp,36368,NTN4583,Tân Đức,2026-03-11,2110.0,,,,,
không khớp,36311,THC0185,Đông Tây,2026-03-11,100.0,,,,,
không khớp,36438,NHD4525,Quang Đạt,2026-03-12,985.0,,,,,
không khớp,36516,CAN0003,Hns,2026-03-12,120.0,,,,,
không khớp,36402,NAP0136,Phương Nam,2026-03-12,4914.0,,,,,
không khớp,36401,CHT0212,Phương Nam,2026-03-12,4914.0,,,,,
không khớp,36517,NAP0164,Hns,2026-03-12,120.0,,,,,
không khớp,36502,COC0004,Phương Nam,2026-03-12,4000.0,,,,,
không khớp,36355,COC0004,Phương Nam,2026-03-12,4000.0,,,,,
không khớp,36533,NAP0172,Hns,2026-03-13,1000.0,,,,,
không khớp,36359,NAP0031,PHL,2026-03-13,4000.0,,,,,
không khớp,36532,CHT0247,Hns,2026-03-13,1000.0,,,,,
không khớp,36356,CET0028,PHL,2026-03-13,6000.0,,,,,
không khớp,36357,NAP0031,PHL,2026-03-13,6000.0,,,,,
không khớp,36358,CET0028,PHL,2026-03-13,4000.0,,,,,
không khớp,36451,XOT0009,Mỹ Kỳ,2026-03-13,300.0,,,,,
không khớp,36453,NTN4789,Tân Đức,2026-03-13,3180.0,,,,,
không khớp,36471,NDT4789,Thành Công,2026-03-13,30.0,,,,,
không khớp,36527,COC0004,Phương Nam,2026-03-13,4000.0,,,,,
không khớp,36497,NHG4726,Mộc Ấn,2026-03-13,4378.0,,,,,
không khớp,36508,NAP0156,Phương Nam,2026-03-13,4032.0,,,,,
không khớp,36474,NDT4805,Thành Công,2026-03-13,50.0,,,,,
không khớp,36507,CPT0234,Phương Nam,2026-03-13,4032.0,,,,,
không khớp,36498,NHG4602,Mộc Ấn,2026-03-13,2189.0,,,,,
không khớp,36492,NDT4787,Thành Công,2026-03-13,30.0,,,,,
không khớp,36493,NDT4786,Thành Công,2026-03-13,30.0,,,,,
không khớp,36494,NDT4804,Thành Công,2026-03-13,40.0,,,,,
không khớp,36495,NHG4380,Quang Đạt,2026-03-13,1124.0,,,,,
không khớp,36415,CHT0151,Phương Nam,2026-03-13,1050.0,,,,,
không khớp,36416,NAP0177,Phương Nam,2026-03-13,1050.0,,,,,
không khớp,36561,NHD4765,Cẩm Hùng,2026-03-14,450.0,,,,,
không khớp,36562,NHD4818,Cẩm Hùng,2026-03-14,100.0,,,,,
không khớp,36563,NHD4819,Cẩm Hùng,2026-03-14,100.0,,,,,
không khớp,36541,NHD4812,Cẩm Hùng,2026-03-14,20.0,,,,,
không khớp,36522,NHG4796,Quang Đạt,2026-03-14,2080.0,,,,,
không khớp,36520,NHG4179,Quang Đạt,2026-03-14,1124.0,,,,,
không khớp,36371,THC0091,Đông Tây,2026-03-14,206.0,,,,,
khớp,36372,THC0146,Đông Tây,2026-03-14,315.0,PO00310,2026-04-04,300.0,21,x
không khớp,36452,NTN4408,Tân Đức,2026-03-14,3050.0,,,,,
không khớp,36433,CNT0033,Minh Ngọc,2026-03-14,1000.0,,,,,
không khớp,36539,NHG4496,Mộc Ấn,2026-03-16,4438.0,,,,,
không khớp,36310,THC0221,Đông Tây,2026-03-16,105.0,,,,,
không khớp,36404,NAP0136,Phương Nam,2026-03-16,5086.0,,,,,
không khớp,36461,COC0004,Phương Nam,2026-03-16,3060.0,,,,,
không khớp,36426,NTN4762,Tân Đức,2026-03-16,1130.0,,,,,
không khớp,36584,NDT4837,Thành Công,2026-03-16,100.0,,,,,
không khớp,36403,CHT0212,Phương Nam,2026-03-16,5086.0,,,,,
không khớp,36491,NTN4786,Tân Đức,2026-03-16,3080.0,,,,,
không khớp,36490,NTN4787,Tân Đức,2026-03-16,3260.0,,,,,
không khớp,36389,NAP0138,Vinaco,2026-03-16,4080.0,,,,,
không khớp,36388,CPT0189,Vinaco,2026-03-16,4080.0,,,,,
không khớp,36531,CPT0130,Thành Phát,2026-03-16,5106.0,,,,,
không khớp,36460,NAP0144,Phương Nam,2026-03-16,3060.0,,,,,
không khớp,36459,CHT0057,Phương Nam,2026-03-16,3060.0,,,,,
không khớp,36569,NAP0136,Phương Nam,2026-03-16,2222.0,,,,,
không khớp,36568,CHT0212,Phương Nam,2026-03-16,2222.0,,,,,
không khớp,36567,NTN4837,Tân Đức,2026-03-16,10360.0,,,,,
không khớp,36582,NDT4810,Thành Công,2026-03-17,50.0,,,,,
không khớp,36556,NHG4829,Quang Đạt,2026-03-17,1075.0,,,,,
không khớp,36554,NHG4811,Quang Đạt,2026-03-17,2070.0,,,,,
không khớp,36553,NHG4814,Quang Đạt,2026-03-17,1075.0,,,,,
không khớp,36552,NHG4815,Quang Đạt,2026-03-17,1075.0,,,,,
không khớp,36583,NDT4825,Thành Công,2026-03-17,30.0,,,,,
không khớp,36551,NHG4760,Quang Đạt,2026-03-17,1075.0,,,,,
không khớp,36550,NTN4824,Tân Đức,2026-03-17,5500.0,,,,,
không khớp,36577,NDT4826,Thành Công,2026-03-17,30.0,,,,,
không khớp,36581,NDT4841,Thành Công,2026-03-17,50.0,,,,,
không khớp,36579,NDT4463,Thành Công,2026-03-17,50.0,,,,,
không khớp,36537,NHG4827,Mộc Ấn,2026-03-17,13214.0,,,,,
không khớp,36538,NHG4828,Mộc Ấn,2026-03-17,13214.0,,,,,
không khớp,36585,NDT4727,Thành Công,2026-03-17,30.0,,,,,
không khớp,36578,NDT4824,Thành Công,2026-03-17,20.0,,,,,
không khớp,36499,NHG4653,Mộc Ấn,2026-03-17,10447.0,,,,,
không khớp,36467,NTN3813,Tân Đức,2026-03-17,1090.0,,,,,
không khớp,38418,NLT0284,NCCKS018,2026-03-17,3.0,,,,,
không khớp,38419,NLT0284,NCCKS022,2026-03-17,2.0,,,,,
không khớp,36390,THC0188,Đông Tây,2026-03-18,208.0,,,,,
không khớp,36521,NHD4765,Quang Đạt,2026-03-18,1095.0,,,,,
không khớp,36534,NHG4817,Quang Đạt,2026-03-18,1144.0,,,,,
không khớp,36535,NHG4816,Quang Đạt,2026-03-18,1144.0,,,,,
không khớp,36540,NHG4497,Mộc Ấn,2026-03-18,4438.0,,,,,
không khớp,36308,THC0283,Đông Tây,2026-03-18,106.0,,,,,
không khớp,36549,CPT0234,Phương Nam,2026-03-18,5040.0,,,,,
không khớp,36548,CPT0234,Phương Nam,2026-03-19,1008.0,,,,,
không khớp,36623,NAP0166,Phương Nam,2026-03-19,2016.0,,,,,
không khớp,36621,NAP0163,Phương Nam,2026-03-19,3024.0,,,,,
không khớp,36633,NHG4307,Cẩm Hùng,2026-03-19,1000.0,,,,,
không khớp,36618,CPT0234,Phương Nam,2026-03-19,8064.0,,,,,
không khớp,36617,NHG4311,Cẩm Hùng,2026-03-19,4000.0,,,,,
không khớp,36632,NHD4793,Cẩm Hùng,2026-03-19,100.0,,,,,
không khớp,36555,NHD4826,Quang Đạt,2026-03-19,1144.0,,,,,
không khớp,36334,NAP0172,Hns,2026-03-19,2300.0,,,,,
không khớp,36530,CPT0130,Thành Phát,2026-03-19,5106.0,,,,,
không khớp,36625,NAP0181,Phương Nam,2026-03-19,3024.0,,,,,
không khớp,36604,NHG4375,Cẩm Hùng,2026-03-19,10000.0,,,,,
không khớp,36603,NHG4769,Cẩm Hùng,2026-03-19,1000.0,,,,,
không khớp,36654,NDT4813,Thành Công,2026-03-19,30.0,,,,,
không khớp,36514,CHT0228,Hns,2026-03-19,3000.0,,,,,
không khớp,36503,CHT0228,Hns,2026-03-19,2000.0,,,,,
không khớp,36515,NAP0152,Hns,2026-03-19,3000.0,,,,,
không khớp,36504,NAP0152,Hns,2026-03-19,2000.0,,,,,
không khớp,36600,CPV0012,Phương Nam,2026-03-19,4000.0,,,,,
không khớp,36333,CHT0247,Hns,2026-03-19,2300.0,,,,,
không khớp,36620,NAP0163,Phương Nam,2026-03-20,1008.0,,,,,
không khớp,36668,NDT4856,Thành Công,2026-03-20,30.0,,,,,
không khớp,36622,NAP0166,Phương Nam,2026-03-20,1008.0,,,,,
không khớp,36624,NAP0181,Phương Nam,2026-03-20,1008.0,,,,,
không khớp,36293,THC0235,Đông Tây,2026-03-20,375.0,,,,,
không khớp,36594,NHG4823,Mộc Ấn,2026-03-20,2189.0,,,,,
không khớp,36627,NAP0156,Phương Nam,2026-03-20,8064.0,,,,,
không khớp,36626,CPT0234,Phương Nam,2026-03-20,8064.0,,,,,
không khớp,36655,COC0010,PHL,2026-03-20,3000.0,,,,,
không khớp,36667,NDT4852,Thành Công,2026-03-20,30.0,,,,,
không khớp,36430,THC0149,Đông Tây,2026-03-20,116.0,,,,,
khớp,36523,THI0263,Đông Tây,2026-03-20,210.0,PO00311,2026-04-04,300.0,15,x
khớp,36524,THI0263,Đông Tây,2026-03-20,210.0,PO00311,2026-04-04,300.0,15,x
không khớp,36647,CHT0151,Phương Nam,2026-03-20,450.0,,,,,
khớp,36525,THI0263,Đông Tây,2026-03-20,210.0,PO00311,2026-04-04,300.0,15,x
không khớp,36669,NDT4855,Thành Công,2026-03-20,50.0,,,,,
khớp,36526,THI0263,Đông Tây,2026-03-20,216.0,PO00311,2026-04-04,300.0,15,x
không khớp,36646,CHT0151,Phương Nam,2026-03-20,450.0,,,,,
không khớp,36619,CPT0234,Phương Nam,2026-03-20,3024.0,,,,,
không khớp,36580,NDT4573,Thành Công,2026-03-21,50.0,,,,,
không khớp,36607,NHD4607,Quang Đạt,2026-03-21,1055.0,,,,,
không khớp,36566,NTN4573,Tân Đức,2026-03-21,1080.0,,,,,
không khớp,36608,NHG4226,Quang Đạt,2026-03-21,1104.0,,,,,
không khớp,36628,CHT0022,Hồ Gia,2026-03-21,1050.0,,,,,
không khớp,36629,NAP0028,Hồ Gia,2026-03-21,1050.0,,,,,
không khớp,36609,NHG4278,Quang Đạt,2026-03-21,1114.0,,,,,
không khớp,36610,NHG4235,Quang Đạt,2026-03-21,1114.0,,,,,
không khớp,36637,NHG4632,Basel,2026-03-21,1090.0,,,,,
không khớp,36592,NHD4791,Mộc Ấn,2026-03-21,2199.0,,,,,
không khớp,36576,NHG4373,Mộc Ấn,2026-03-21,4378.0,,,,,
không khớp,36590,NAP0180,Hns,2026-03-21,2000.0,,,,,
không khớp,36606,NHG4177,Quang Đạt,2026-03-21,1114.0,,,,,
không khớp,36589,CHT0252,Hns,2026-03-21,2000.0,,,,,
không khớp,36565,NTN4825,Tân Đức,2026-03-21,3080.0,,,,,
không khớp,36559,NHD4810,Mộc Ấn,2026-03-21,2199.0,,,,,
không khớp,36560,NHD4463,Mộc Ấn,2026-03-21,2174.0,,,,,
không khớp,36335,CHT0250,Hns,2026-03-21,2000.0,,,,,
không khớp,36336,NAP0175,Hns,2026-03-21,2000.0,,,,,
không khớp,36428,THC0288,Đông Tây,2026-03-21,105.0,,,,,
không khớp,36429,THC0288,Đông Tây,2026-03-21,105.0,,,,,
không khớp,36454,THC0285,Đông Tây,2026-03-21,104.0,,,,,
không khớp,36518,CHT0023,Hồ Gia,2026-03-21,6156.0,,,,,
không khớp,36519,NAP0176,Hồ Gia,2026-03-21,6156.0,,,,,
không khớp,36557,NHG4187,Mộc Ấn,2026-03-21,11214.0,,,,,
không khớp,36558,NHD4841,Mộc Ấn,2026-03-21,2174.0,,,,,
không khớp,36501,NAP0172,Hns,2026-03-23,2000.0,,,,,
không khớp,36612,NHG4848,Mộc Ấn,2026-03-23,2199.0,,,,,
không khớp,36613,NHG4835,Mộc Ấn,2026-03-23,4378.0,,,,,
không khớp,36614,NHG4832,Mộc Ấn,2026-03-23,2189.0,,,,,
không khớp,36593,NHG4505,Mộc Ấn,2026-03-23,2288.0,,,,,
không khớp,36591,NHD4727,Quang Đạt,2026-03-23,1055.0,,,,,
không khớp,36601,NTN4813,Tân Đức,2026-03-23,3190.0,,,,,
không khớp,36638,NHG4849,Mộc Ấn,2026-03-23,2199.0,,,,,
không khớp,36641,CPV0007,Phương Nam,2026-03-23,7040.0,,,,,
không khớp,36642,CPT0234,Phương Nam,2026-03-23,1008.0,,,,,
không khớp,36643,NHG4822,Mộc Ấn,2026-03-23,2209.0,,,,,
không khớp,36644,NHG4834,Mộc Ấn,2026-03-23,2209.0,,,,,
không khớp,36500,CHT0247,Hns,2026-03-23,2000.0,,,,,
không khớp,36605,NHG3987,Quang Đạt,2026-03-23,1104.0,,,,,
không khớp,38463,NLT0089,Hóa Chất Miền Nam,2026-03-23,500.0,,,,,
không khớp,38464,NLT0309,Hóa Chất Miền Nam,2026-03-23,500.0,,,,,
không khớp,38462,NLT0038,Hiền Phan,2026-03-23,500.0,,,,,
không khớp,38461,NLT0025,Hiền Phan,2026-03-23,200.0,,,,,
không khớp,38460,NLT0194,Nam Bình,2026-03-23,1.26,,,,,
không khớp,38459,NLT0288,Hóa Chất Miền Nam,2026-03-23,100.0,,,,,
không khớp,38458,NLT0155,Hải Bình,2026-03-23,1.5,,,,,
không khớp,38457,NLT0047,Hóa Chất Miền Nam,2026-03-23,700.0,,,,,
không khớp,36602,NTN4716,Tân Đức,2026-03-24,3130.0,,,,,
không khớp,36683,NHG4654,Cẩm Hùng,2026-03-24,100.0,,,,,
không khớp,36689,NHD4183,Cẩm Hùng,2026-03-24,150.0,,,,,
không khớp,36361,THI0281,Đông Tây,2026-03-24,117.0,,,,,
không khớp,36611,NTN4454,Tân Đức,2026-03-24,6090.0,,,,,
không khớp,36665,NHG4853,Quang Đạt,2026-03-24,1124.0,,,,,
không khớp,36615,NHG4836,Mộc Ấn,2026-03-24,2209.0,,,,,
không khớp,36651,NTN4855,Tân Đức,2026-03-24,5200.0,,,,,
không khớp,36458,NAP0017,PHL,2026-03-25,5005.0,,,,,
không khớp,36694,NAP0001,Phương Nam,2026-03-25,2080.0,,,,,
không khớp,36693,CPV0012,Phương Nam,2026-03-25,2080.0,,,,,
không khớp,36616,NHG4798,Mộc Ấn,2026-03-25,5318.0,,,,,
không khớp,36657,NHG4295,Mộc Ấn,2026-03-25,2249.0,,,,,
không khớp,36457,CHT0174,PHL,2026-03-25,5005.0,,,,,
không khớp,36677,NAP0001,Phương Nam,2026-03-25,2080.0,,,,,
không khớp,36676,CPV0012,Phương Nam,2026-03-25,2080.0,,,,,
không khớp,36635,NHG4749,Quang Đạt,2026-03-25,1124.0,,,,,
không khớp,36309,THC0284,Đông Tây,2026-03-25,108.0,,,,,
không khớp,36656,NHG4071,Mộc Ấn,2026-03-25,4438.0,,,,,
không khớp,36737,NDT4873,Thành Công,2026-03-25,100.0,,,,,
không khớp,36733,NDT4861,Thành Công,2026-03-25,30.0,,,,,
không khớp,36742,NDT4518,Thành Công,2026-03-25,50.0,,,,,
không khớp,36741,NDT4855,Thành Công,2026-03-25,50.0,,,,,
không khớp,36740,NDT4882,Thành Công,2026-03-25,50.0,,,,,
không khớp,36738,NDT4820,Thành Công,2026-03-25,50.0,,,,,
không khớp,36739,NDT4851,Thành Công,2026-03-25,50.0,,,,,
không khớp,36529,NAP0017,PHL,2026-03-25,5005.0,,,,,
không khớp,36528,CHT0174,PHL,2026-03-25,5005.0,,,,,
không khớp,38454,NLT0166,Hải Bình,2026-03-25,200.0,,,,,
không khớp,38456,NLT0084,Hải Bình,2026-03-25,2.0,,,,,
không khớp,38455,NLT0258,Hải Bình,2026-03-25,50.0,,,,,
không khớp,38453,NLT0205,Hải Bình,2026-03-25,4.0,,,,,
không khớp,38452,NLT0089,Hải Bình,2026-03-25,2.0,,,,,
không khớp,38451,NLT0059,Hải Bình,2026-03-25,20.0,,,,,
không khớp,38450,NLT0049,Hải Bình,2026-03-25,100.0,,,,,
không khớp,38449,NLT0016,Hải Bình,2026-03-25,1.0,,,,,
không khớp,38448,NLT0015,Châu Ngân,2026-03-25,1.0,,,,,
không khớp,38465,NLT0017,Hiền Phan,2026-03-25,1.0,,,,,
không khớp,36671,NHG4694,Mộc Ấn,2026-03-26,3383.0,,,,,
không khớp,36673,NHG4624,Mộc Ấn,2026-03-26,2249.0,,,,,
không khớp,36687,NHG4328,Quang Đạt,2026-03-26,1154.0,,,,,
không khớp,36686,NHG4702,Quang Đạt,2026-03-26,1154.0,,,,,
không khớp,36675,NHG4623,Mộc Ấn,2026-03-27,2179.0,,,,,
không khớp,36680,NHG4863,Quang Đạt,2026-03-27,1154.0,,,,,
không khớp,36634,NTN4821,Tân Đức,2026-03-27,3060.0,,,,,
không khớp,36684,NHG4864,Quang Đạt,2026-03-27,1154.0,,,,,
không khớp,36685,NHG4865,Quang Đạt,2026-03-27,1154.0,,,,,
không khớp,36509,THC0272,Đông Tây,2026-03-27,110.0,,,,,
không khớp,36506,THC0272,Đông Tây,2026-03-27,110.0,,,,,
không khớp,36664,NTN4856,Tân Đức,2026-03-27,3040.0,,,,,
không khớp,36505,THC0149,Đông Tây,2026-03-27,110.0,,,,,
không khớp,36670,NDT4791,Thành Công,2026-03-27,50.0,,,,,
không khớp,38436,NLT0270,Aq,2026-03-27,2.0,,,,,
không khớp,36570,CHT0212,Phương Nam,2026-03-28,1008.0,,,,,
khớp,36536,THI0263,Đông Tây,2026-03-28,312.0,PO00311,2026-04-04,300.0,7,x
không khớp,36666,NHD4861,Quang Đạt,2026-03-28,1124.0,,,,,
không khớp,36732,NHG4890,Quang Đạt,2026-03-28,1124.0,,,,,
không khớp,36731,NHG4883,Quang Đạt,2026-03-28,1124.0,,,,,
không khớp,36725,NHG4886,Quang Đạt,2026-03-28,1124.0,,,,,
không khớp,36697,NHG4807,Quang Đạt,2026-03-28,1124.0,,,,,
không khớp,36726,NHG4885,Quang Đạt,2026-03-28,1124.0,,,,,
không khớp,36728,NHD4876,Cẩm Hùng,2026-03-28,50.0,,,,,
không khớp,36729,NHG4874,Quang Đạt,2026-03-28,1124.0,,,,,
không khớp,36373,CHT0226,Phương Nam,2026-03-28,2646.0,,,,,
không khớp,36571,NAP0136,Phương Nam,2026-03-28,1008.0,,,,,
không khớp,36636,NHD4852,Quang Đạt,2026-03-28,1124.0,,,,,
không khớp,36698,NHG4542,Quang Đạt,2026-03-28,1124.0,,,,,
không khớp,36696,NHG4806,Quang Đạt,2026-03-28,1124.0,,,,,
không khớp,36703,NHG4887,Mộc Ấn,2026-03-28,3383.0,,,,,
không khớp,36744,NHD4850,Cẩm Hùng,2026-03-28,500.0,,,,,
không khớp,36510,CHT0116,Phương Nam,2026-03-28,1950.0,,,,,
không khớp,36511,NAP0070,Phương Nam,2026-03-28,1950.0,,,,,
không khớp,36682,NHG4537,Mộc Ấn,2026-03-28,2194.0,,,,,
không khớp,36681,NHG4536,Mộc Ấn,2026-03-28,2194.0,,,,,
không khớp,36716,CPT0234,Phương Nam,2026-03-28,10080.0,,,,,
không khớp,36674,NHG4639,Mộc Ấn,2026-03-28,2179.0,,,,,
không khớp,36720,CPV0006,Phương Nam,2026-03-28,2080.0,,,,,
không khớp,36678,NTN4820,Tân Đức,2026-03-30,5220.0,,,,,
không khớp,36662,NAP0153,PHL,2026-03-30,6000.0,,,,,
không khớp,36661,CHT0229,PHL,2026-03-30,6000.0,,,,,
không khớp,36672,NHD4851,Mộc Ấn,2026-03-30,2239.0,,,,,
không khớp,36730,NTN4895,Tân Đức,2026-03-30,6200.0,,,,,
không khớp,36456,NAP0017,PHL,2026-03-30,5005.0,,,,,
không khớp,36779,CHT0174,PHL,2026-03-30,5005.0,,,,,
không khớp,36455,CHT0174,PHL,2026-03-30,5005.0,,,,,
không khớp,36544,COC0010,PHL,2026-03-30,3072.0,,,,,
không khớp,36543,NAP0153,PHL,2026-03-30,3072.0,,,,,
không khớp,36542,CHT0230,PHL,2026-03-30,3072.0,,,,,
không khớp,36439,CET0159,PHL,2026-03-30,2000.0,,,,,
không khớp,36780,NAP0017,PHL,2026-03-30,5005.0,,,,,
không khớp,38471,NLT0310,Ntk,2026-03-30,100.0,,,,,
không khớp,38468,NLT0154,Ntk,2026-03-30,200.0,,,,,
không khớp,38470,NLT0173,Ntk,2026-03-30,50.0,,,,,
không khớp,38469,NLT0054,Ntk,2026-03-30,50.0,,,,,
không khớp,38467,NLT0060,Ntk,2026-03-30,215.0,,,,,
không khớp,38466,NLT0194,Nam Bình,2026-03-30,840.0,,,,,
không khớp,38427,NVL00104,Namsiang,2026-03-30,1.0,,,,,
không khớp,38438,NLT0274,Vĩnh Nam Anh,2026-03-30,100.0,,,,,
không khớp,36692,NHG4858,Mộc Ấn,2026-03-31,4418.0,,,,,
không khớp,36788,NDT4899,Thành Công,2026-03-31,50.0,,,,,
không khớp,36706,NHG4875,Mộc Ấn,2026-03-31,2298.0,,,,,
không khớp,36705,NHG4884,Mộc Ấn,2026-03-31,2234.0,,,,,
không khớp,36749,NHG4901,Quang Đạt,2026-03-31,1154.0,,,,,
không khớp,36690,NHG4860,Mộc Ấn,2026-03-31,2199.0,,,,,
không khớp,36691,NHG4857,Mộc Ấn,2026-03-31,2234.0,,,,,
không khớp,36679,NTN4854,Tân Đức,2026-03-31,5130.0,,,,,
không khớp,36783,NDT4628,Cẩm Hùng,2026-03-31,20.0,,,,,
không khớp,36784,NDT4889,Thành Công,2026-03-31,30.0,,,,,
không khớp,36704,NHG4872,Mộc Ấn,2026-03-31,2199.0,,,,,
không khớp,36785,NDT4895,Thành Công,2026-03-31,60.0,,,,,
không khớp,36786,NDT4894,Thành Công,2026-03-31,50.0,,,,,
không khớp,36489,CHT0251,Thiên An Phú,2026-03-31,10010.0,,,,,
không khớp,36787,NDT4494,Thành Công,2026-03-31,50.0,,,,,
không khớp,36745,NHG4893,Quang Đạt,2026-03-31,1154.0,,,,,
không khớp,36759,NHG4900,Quang Đạt,2026-03-31,1154.0,,,,,
không khớp,36751,NHG4844,Quang Đạt,2026-03-31,2099.0,,,,,
không khớp,36789,NDT4897,Thành Công,2026-03-31,30.0,,,,,
khớp,36630,THC0004,Đông Tây,2026-03-31,500.0,PO00315,2026-04-10,500.0,10,x
không khớp,36790,THC0269,Đông Tây,2026-03-31,207.0,,,,,
không khớp,36750,NHG4843,Quang Đạt,2026-03-31,1154.0,,,,,
không khớp,36799,NHG4496,Cẩm Hùng,2026-04-01,30.0,,,,,
không khớp,36806,NDT4918,Thành Công,2026-04-01,50.0,,,,,
không khớp,36805,NDT4916,Thành Công,2026-04-01,30.0,,,,,
không khớp,36808,NDT4651,Thành Công,2026-04-01,230.0,,,,,
không khớp,36734,NDT4854,Thành Công,2026-04-01,30.0,,,,,
không khớp,36735,NHD4889,Quang Đạt,2026-04-01,1159.0,,,,,
không khớp,36736,NHG4872,Mộc Ấn,2026-04-01,2199.0,,,,,
không khớp,36743,NDT4859,Thành Công,2026-04-01,30.0,,,,,
không khớp,36794,NAP0138,PHL,2026-04-01,2080.0,,,,,
không khớp,36793,CPT0240,PHL,2026-04-01,2080.0,,,,,
không khớp,36707,NHG4888,An Nông,2026-04-01,5906.0,,,,,
không khớp,36807,NDT4933,Thành Công,2026-04-01,30.0,,,,,
mơ hồ,36597,THI0277,Đông Tây,2026-04-01,349.0,,,,,
không khớp,36746,NHG4724,Basel,2026-04-01,1085.0,,,,,
không khớp,36758,NHG4702,Quang Đạt,2026-04-01,1154.0,,,,,
không khớp,36761,NHG4844,Quang Đạt,2026-04-01,2099.0,,,,,
không khớp,36764,NHG4909,Quang Đạt,2026-04-01,1095.0,,,,,
không khớp,36766,NHG4705,Quang Đạt,2026-04-01,4279.0,,,,,
không khớp,36771,CPT0234,Phương Nam,2026-04-01,9072.0,,,,,
không khớp,36773,NAP0163,Phương Nam,2026-04-01,596.0,,,,,
không khớp,36631,THC0004,G28,2026-04-01,90.0,,,,,
không khớp,36809,NDT4652,Thành Công,2026-04-01,240.0,,,,,
không khớp,36701,NHD4882,Mộc Ấn,2026-04-01,2224.0,,,,,
không khớp,36699,NHD4518,Mộc Ấn,2026-04-01,2224.0,,,,,
không khớp,36747,NHG4892,Mộc Ấn,2026-04-01,13890.0,,,,,
không khớp,38473,NLT0310,Việt Mỹ,2026-04-01,100.0,,,,,
không khớp,36727,NTN4494,Tân Đức,2026-04-02,1152.0,,,,,
không khớp,36652,NTN4840,Tân Đức,2026-04-02,2090.0,,,,,
không khớp,36483,COC0009,Vinaco,2026-04-02,3000.0,,,,,
không khớp,36812,NHG4191,Cẩm Hùng,2026-04-02,120.0,,,,,
không khớp,36482,NAP0009,Vinaco,2026-04-02,3000.0,,,,,
không khớp,36775,CPT0234,Phương Nam,2026-04-02,6048.0,,,,,
không khớp,36564,NTN4801,Tân Đức,2026-04-02,13167.0,,,,,
không khớp,36772,CPT0234,Phương Nam,2026-04-02,1008.0,,,,,
không khớp,36481,CPT0024,Vinaco,2026-04-02,3000.0,,,,,
không khớp,36653,HOP4798,Quang Đạt,2026-04-02,6179.0,,,,,
không khớp,36434,CPT0020,PHL,2026-04-02,2000.0,,,,,
không khớp,36435,NAP0006,PHL,2026-04-02,2000.0,,,,,
không khớp,36776,NAP0156,Phương Nam,2026-04-02,6048.0,,,,,
không khớp,36800,NHG4549,Quang Đạt,2026-04-03,4298.0,,,,,
không khớp,36801,NHG4452,Quang Đạt,2026-04-03,4298.0,,,,,
không khớp,36796,CPT0234,Phương Nam,2026-04-03,10080.0,,,,,
không khớp,36708,CNT0035,Minh Ngọc,2026-04-03,800.0,,,,,
không khớp,36774,CPT0234,Phương Nam,2026-04-03,2016.0,,,,,
không khớp,36723,COC0007,PHL,2026-04-03,2400.0,,,,,
không khớp,36688,NTN4859,Tân Đức,2026-04-03,3080.0,,,,,
không khớp,36709,CNT0033,Minh Ngọc,2026-04-03,1800.0,,,,,
không khớp,36721,CPT0082,PHL,2026-04-03,2400.0,,,,,
không khớp,36722,NAP0162,PHL,2026-04-03,2400.0,,,,,
không khớp,36724,NTN4873,Tân Đức,2026-04-04,10320.0,,,,,
không khớp,36798,CPT0234,Phương Nam,2026-04-04,5040.0,,,,,
không khớp,36828,NHD4914,Cẩm Hùng,2026-04-04,40.0,,,,,
không khớp,36700,NTN4855,Tân Đức,2026-04-04,5090.0,,,,,
không khớp,38472,NLT0274,Vĩnh Nam Anh,2026-04-04,100.0,,,,,
không khớp,38474,NLT0025,Hiền Phan Long An,2026-04-04,200.0,,,,,
không khớp,38475,NLT0017,Hiền Phan Long An,2026-04-04,25.0,,,,,
không khớp,38482,NLT0155,Hóa Chất Miền Nam,2026-04-04,1000.0,,,,,
không khớp,38476,NLT0084,Việt Mỹ,2026-04-06,1000.0,,,,,
không khớp,38515,BTPR0006,MIA,2026-04-06,400.0,,,,,
khớp,36650,THI0276,Đông Tây,2026-04-06,543.0,PO00295,2026-03-19,500.0,18,x
không khớp,36599,NAP0138,PHL,2026-04-06,4000.0,,,,,
không khớp,36598,CPT0240,PHL,2026-04-06,4000.0,,,,,
không khớp,36757,NTN4871,Tân Đức,2026-04-06,8833.0,,,,,
không khớp,36588,NAP0153,PHL,2026-04-06,5040.0,,,,,
không khớp,36587,CHT0231,PHL,2026-04-06,5040.0,,,,,
không khớp,36802,NHG4452,Quang Đạt,2026-04-06,8517.0,,,,,
không khớp,36748,NHD4897,Quang Đạt,2026-04-06,1144.0,,,,,
không khớp,36710,CHT0231,PHL,2026-04-06,5040.0,,,,,
không khớp,36711,NAP0153,PHL,2026-04-06,5040.0,,,,,
không khớp,36833,CPT0234,Phương Nam,2026-04-07,4032.0,,,,,
không khớp,36768,CHT0058,Phương Nam,2026-04-07,1008.0,,,,,
không khớp,36769,NAP0144,Phương Nam,2026-04-07,1008.0,,,,,
không khớp,36770,COC0004,Phương Nam,2026-04-07,1008.0,,,,,
không khớp,36842,NHD4906,Cẩm Hùng,2026-04-07,50.0,,,,,
không khớp,36835,NHG4496,Quang Đạt,2026-04-07,4298.0,,,,,
không khớp,36834,NAP0163,Phương Nam,2026-04-07,4032.0,,,,,
khớp,36596,THC0239,Đông Tây,2026-04-07,112.0,PO00297,2026-03-21,300.0,17,x
khớp,36595,THC0286,Đông Tây,2026-04-07,100.0,PO00289,2026-03-16,100.0,22,x
không khớp,36853,NDT4665,Thành Công,2026-04-07,30.0,,,,,
không khớp,36832,NHG4885,Quang Đạt,2026-04-07,2129.0,,,,,
không khớp,36831,NHG4321,Quang Đạt,2026-04-07,1154.0,,,,,
khớp,36586,THC0287,Đông Tây,2026-04-07,115.0,PO00287,2026-03-16,100.0,22,x
không khớp,36804,NTN4916,Tân Đức,2026-04-07,3130.0,,,,,
không khớp,36813,NHD4907,Cẩm Hùng,2026-04-07,50.0,,,,,
không khớp,36827,NHG4760,Quang Đạt,2026-04-07,1154.0,,,,,
không khớp,36702,HOP4535,Quang Đạt,2026-04-07,2149.0,,,,,
không khớp,36855,NDT4485,Thành Công,2026-04-07,50.0,,,,,
không khớp,36854,NDT4131,Thành Công,2026-04-07,30.0,,,,,
không khớp,36856,NDT4944,Thành Công,2026-04-07,50.0,,,,,
không khớp,36858,CPT0214,Sáng Tâm,2026-04-08,9500.0,,,,,
không khớp,36719,CNT0033,Minh Ngọc,2026-04-08,3000.0,,,,,
không khớp,36851,NHD4910,Cẩm Hùng,2026-04-08,50.0,,,,,
không khớp,36840,NHG4927,Quang Đạt,2026-04-08,4259.0,,,,,
không khớp,36839,NHG4926,Quang Đạt,2026-04-08,8517.0,,,,,
không khớp,36814,NHD4442,Tân Đức,2026-04-08,10460.0,,,,,
không khớp,36803,NHG4915,Quang Đạt,2026-04-08,1144.0,,,,,
không khớp,36573,NAP0136,Phương Nam,2026-04-08,4284.0,,,,,
không khớp,36572,CHT0212,Phương Nam,2026-04-08,4284.0,,,,,
không khớp,36756,NTN4899,Tân Đức,2026-04-09,1110.0,,,,,
không khớp,36767,SEAL0008,Phương Nam,2026-04-09,4000.0,,,,,
không khớp,36797,CPT0234,Phương Nam,2026-04-09,5040.0,,,,,
không khớp,36512,CHT0116,Phương Nam,2026-04-09,2100.0,,,,,
không khớp,36513,NAP0070,Phương Nam,2026-04-09,2100.0,,,,,
không khớp,36545,CHT0057,Phương Nam,2026-04-09,2160.0,,,,,
không khớp,36546,NAP0144,Phương Nam,2026-04-09,2160.0,,,,,
không khớp,36547,COC0004,Phương Nam,2026-04-09,2160.0,,,,,
không khớp,36818,CHT0151,Phương Nam,2026-04-09,1050.0,,,,,
không khớp,36712,CHT0116,Phương Nam,2026-04-09,1275.0,,,,,
không khớp,36713,NAP0070,Phương Nam,2026-04-09,1275.0,,,,,
mơ hồ,36639,THI0089,Đông Tây,2026-04-10,106.0,,,,,
mơ hồ,36640,THI0089,Đông Tây,2026-04-10,110.0,,,,,
không khớp,38480,NLT0152,Việt Mỹ,2026-04-10,4000.0,,,,,
không khớp,38479,NLT0017,Mekong,2026-04-10,2000.0,,,,,
không khớp,38478,NLT0025,Hải Bình,2026-04-10,25.0,,,,,
không khớp,38477,NLT0047,Hải Bình,2026-04-10,300.0,,,,,
không khớp,36714,CHT0116,Phương Nam,2026-04-11,3750.0,,,,,
khớp,36660,THC0274,Đông Tây,2026-04-11,320.0,PO00298,2026-03-23,300.0,19,x
không khớp,36844,NHG4450,Quang Đạt,2026-04-11,1095.0,,,,,
khớp,36695,THC0291,Đông Tây,2026-04-11,329.0,PO00299,2026-03-24,300.0,18,x
không khớp,36715,NAP0070,Phương Nam,2026-04-11,3750.0,,,,,
không khớp,36837,NHG4382,Quang Đạt,2026-04-11,1134.0,,,,,
không khớp,36838,NHG4925,Quang Đạt,2026-04-11,4000.0,,,,,
khớp,36659,THC0078,Đông Tây,2026-04-11,514.0,PO00298,2026-03-23,500.0,19,x
khớp,36658,THC0290,Đông Tây,2026-04-11,316.0,PO00296,2026-03-21,300.0,21,x
không khớp,36763,NTN4894,Tân Đức,2026-04-11,10385.0,,,,,
khớp,36718,THI0293,Đông Tây,2026-04-11,405.0,PO00300,2026-03-26,400.0,16,x
không khớp,36893,CHT0212,Phương Nam,2026-04-11,1512.0,,,,,
không khớp,36894,NAP0136,Phương Nam,2026-04-11,1512.0,,,,,
không khớp,36901,NHG4067,Cẩm Hùng,2026-04-11,3000.0,,,,,
không khớp,38481,BTPR0086,Kel,2026-04-12,500.0,,,,,
không khớp,36887,NHG4878,Quang Đạt,2026-04-13,1095.0,,,,,
không khớp,36892,NAP0136,Phương Nam,2026-04-13,4536.0,,,,,
không khớp,36886,NHG4548,Quang Đạt,2026-04-13,2060.0,,,,,
không khớp,36876,NHG4544,Quang Đạt,2026-04-13,2189.0,,,,,
không khớp,36873,NHG4577,Quang Đạt,2026-04-13,1095.0,,,,,
không khớp,36872,NHG4865,Quang Đạt,2026-04-13,1095.0,,,,,
không khớp,36869,NHG4664,Quang Đạt,2026-04-13,1095.0,,,,,
không khớp,36868,NHG4663,Quang Đạt,2026-04-13,1095.0,,,,,
không khớp,36866,NHG4866,Quang Đạt,2026-04-13,2050.0,,,,,
không khớp,36863,NAP0001,Phương Nam,2026-04-13,2080.0,,,,,
không khớp,36862,CPV0012,Phương Nam,2026-04-13,2080.0,,,,,
không khớp,36891,CHT0212,Phương Nam,2026-04-13,4536.0,,,,,
mơ hồ,36717,THI0277,Đông Tây,2026-04-13,400.0,,,,,
không khớp,36478,NAP0127,An Tín,2026-04-13,2090.0,,,,,
không khớp,36477,CHV0195,An Tín,2026-04-13,2090.0,,,,,
mơ hồ,36777,THI0277,Đông Tây,2026-04-13,310.0,,,,,
mơ hồ,36778,THI0277,Đông Tây,2026-04-13,300.0,,,,,
không khớp,36484,CHV0194,An Tín,2026-04-13,4180.0,,,,,
không khớp,36574,CHT0212,Phương Nam,2026-04-13,1134.0,,,,,
không khớp,36485,NAP0131,An Tín,2026-04-13,4180.0,,,,,
không khớp,36575,NAP0136,Phương Nam,2026-04-13,1134.0,,,,,
không khớp,36488,NAP0131,An Tín,2026-04-14,1045.0,,,,,
không khớp,36480,NAP0127,An Tín,2026-04-14,2090.0,,,,,
không khớp,36479,CHV0195,An Tín,2026-04-14,2090.0,,,,,
khớp,36663,THC0239,Đông Tây,2026-04-14,315.0,PO00297,2026-03-21,300.0,24,x
không khớp,36487,NAP0126,An Tín,2026-04-14,1045.0,,,,,
khớp,36645,THC0080,Đông Tây,2026-04-14,310.0,PO00326,2026-04-27,300.0,13,x
không khớp,36830,NTN4919,Tân Đức,2026-04-14,1070.0,,,,,
không khớp,36819,CHT0151,Phương Nam,2026-04-14,525.0,,,,,
không khớp,36829,NTN4918,Tân Đức,2026-04-14,5510.0,,,,,
không khớp,36486,CHV0194,An Tín,2026-04-14,2090.0,,,,,
không khớp,36867,NTN4665,Tân Đức,2026-04-14,3080.0,,,,,
không khớp,36888,NHG4942,Quang Đạt,2026-04-15,2050.0,,,,,
không khớp,36910,CPT0234,Phương Nam,2026-04-15,2016.0,,,,,
không khớp,36899,NHG4485,Mộc Ấn,2026-04-15,2249.0,,,,,
không khớp,36900,NHG4946,Mộc Ấn,2026-04-15,2249.0,,,,,
không khớp,36906,CPT0234,Phương Nam,2026-04-15,2016.0,,,,,
không khớp,36907,NAP0163,Phương Nam,2026-04-15,2016.0,,,,,
không khớp,36908,CPV0012,Phương Nam,2026-04-15,2080.0,,,,,
không khớp,36909,NAP0001,Phương Nam,2026-04-15,2080.0,,,,,
không khớp,36911,NAP0163,Phương Nam,2026-04-15,2016.0,,,,,
không khớp,36914,NHG4127,Quang Đạt,2026-04-15,2020.0,,,,,
không khớp,36861,CNT0033,Minh Ngọc,2026-04-15,1000.0,,,,,
không khớp,36841,NHG4932,Quang Đạt,2026-04-15,2109.0,,,,,
không khớp,36843,NHG4923,Quang Đạt,2026-04-15,1095.0,,,,,
không khớp,36852,NHG4934,Quang Đạt,2026-04-15,1095.0,,,,,
không khớp,36765,HOP4843,Quang Đạt,2026-04-15,1313.0,,,,,
không khớp,36847,NAP0144,Phương Nam,2026-04-15,2016.0,,,,,
không khớp,36846,CHT0058,Phương Nam,2026-04-15,2016.0,,,,,
không khớp,36848,COC0004,Phương Nam,2026-04-15,504.0,,,,,
không khớp,38483,NLT0016,Hải Bình,2026-04-15,500.0,,,,,
không khớp,38484,NLT0081,Hóa Chất Miền Nam,2026-04-15,300.0,,,,,
không khớp,38486,NLT0205,Việt Mỹ,2026-04-15,2.0,,,,,
không khớp,38492,NLT0166,Hiền Phan Long An,2026-04-16,25.0,,,,,
không khớp,36845,NTN4933,Tân Đức,2026-04-16,3080.0,,,,,
không khớp,36836,NTN4922,Tân Đức,2026-04-16,3080.0,,,,,
không khớp,36885,NHG4507,Quang Đạt,2026-04-16,1095.0,,,,,
không khớp,36871,NHG4473,Quang Đạt,2026-04-16,1095.0,,,,,
không khớp,36870,NHG4470,Quang Đạt,2026-04-16,1095.0,,,,,
không khớp,36898,NTN4131,Tân Đức,2026-04-16,3080.0,,,,,
không khớp,36874,NHG4472,Quang Đạt,2026-04-16,2050.0,,,,,
không khớp,36902,NHG4929,Mộc Ấn,2026-04-16,1109.0,,,,,
không khớp,36903,NHG4928,Mộc Ấn,2026-04-16,1109.0,,,,,
không khớp,36875,NHG4471,Quang Đạt,2026-04-16,2050.0,,,,,
không khớp,36877,NHG4564,Quang Đạt,2026-04-16,1095.0,,,,,
không khớp,36878,NHD4921,Quang Đạt,2026-04-16,1095.0,,,,,
không khớp,36890,NHG4945,Quang Đạt,2026-04-16,1095.0,,,,,
không khớp,36864,XOT0005,Phương Nam,2026-04-16,300.0,,,,,
không khớp,36916,NHG4956,Quang Đạt,2026-04-17,1095.0,,,,,
không khớp,36915,NHG4952,Quang Đạt,2026-04-17,2020.0,,,,,
không khớp,36923,NHG4806,Quang Đạt,2026-04-17,1134.0,,,,,
không khớp,36889,NHD4944,Quang Đạt,2026-04-17,2070.0,,,,,
không khớp,36926,NHG4939,Quang Đạt,2026-04-17,1134.0,,,,,
không khớp,36826,NTN4898,Tân Đức,2026-04-17,1140.0,,,,,
khớp,36824,THI0263,Đông Tây,2026-04-18,311.0,PO00311,2026-04-04,300.0,14,x
không khớp,36752,CHT0253,Hns,2026-04-18,2000.0,,,,,
không khớp,36760,NHG4843,Quang Đạt,2026-04-18,1134.0,,,,,
khớp,36791,THC0270,Đông Tây,2026-04-18,276.0,PO00306,2026-04-01,300.0,17,x
khớp,36815,THC0146,Đông Tây,2026-04-18,310.0,PO00310,2026-04-04,300.0,14,x
không khớp,36816,CHT0250,Hns,2026-04-18,2000.0,,,,,
không khớp,36817,NAP0175,Hns,2026-04-18,2000.0,,,,,
không khớp,36754,CHT0253,Hns,2026-04-18,1000.0,,,,,
không khớp,36820,CHT0174,PHL,2026-04-18,4576.0,,,,,
không khớp,36821,NAP0043,PHL,2026-04-18,4576.0,,,,,
không khớp,36822,CHT0174,PHL,2026-04-18,5434.0,,,,,
không khớp,36823,NAP0043,PHL,2026-04-18,5434.0,,,,,
không khớp,36949,CET0098,PHL,2026-04-18,600.0,,,,,
không khớp,36948,NAP0150,Hns,2026-04-18,2000.0,,,,,
không khớp,36950,NAP0023,PHL,2026-04-18,600.0,,,,,
không khớp,36947,CHT0226,Hns,2026-04-18,2000.0,,,,,
không khớp,38496,NLT0288,Hóa Chất Miền Nam,2026-04-18,300.0,,,,,
không khớp,38487,NLT0270,Việt Mỹ,2026-04-20,4.0,,,,,
không khớp,38491,NLT0006,Kel,2026-04-20,1.42,,,,,
không khớp,36860,NAP0070,Phương Nam,2026-04-20,1500.0,,,,,
không khớp,36857,COC0004,Phương Nam,2026-04-20,1512.0,,,,,
không khớp,36859,CHT0116,Phương Nam,2026-04-20,1500.0,,,,,
khớp,36795,THC0005,Đông Tây,2026-04-20,277.0,PO00307,2026-04-02,300.0,18,x
không khớp,36648,CPT0042,Cường Phát,2026-04-21,20000.0,,,,,
không khớp,36850,NHD4800,Quang Đạt,2026-04-21,1075.0,,,,,
không khớp,36649,NAP0030,Cường Phát,2026-04-21,20000.0,,,,,
không khớp,36895,CHT0212,Phương Nam,2026-04-21,3528.0,,,,,
không khớp,36944,NDT4963,Thành Công,2026-04-21,50.0,,,,,
không khớp,36896,NAP0136,Phương Nam,2026-04-21,3528.0,,,,,
không khớp,36945,NDT4962,Thành Công,2026-04-21,50.0,,,,,
không khớp,36930,NHG4908,Quang Đạt,2026-04-21,1940.0,,,,,
không khớp,36940,NDT4693,Thành Công,2026-04-21,30.0,,,,,
không khớp,36939,NDT4509,Thành Công,2026-04-21,30.0,,,,,
không khớp,36938,CNT0033,Minh Ngọc,2026-04-21,1000.0,,,,,
không khớp,36933,NHG4911,Quang Đạt,2026-04-21,1114.0,,,,,
không khớp,36932,NHG4949,Quang Đạt,2026-04-21,2050.0,,,,,
không khớp,36931,NHG4948,Quang Đạt,2026-04-21,1940.0,,,,,
không khớp,36924,NTN4509,Tân Đức,2026-04-21,10220.0,,,,,
không khớp,36925,NTN4693,Tân Đức,2026-04-21,3060.0,,,,,
không khớp,36929,NHG4953,Quang Đạt,2026-04-21,2050.0,,,,,
không khớp,36955,CPT0234,Phương Nam,2026-04-21,4032.0,,,,,
không khớp,36956,NAP0156,Phương Nam,2026-04-21,4032.0,,,,,
không khớp,36958,NAP0156,Phương Nam,2026-04-21,2016.0,,,,,
không khớp,36957,CPT0254,Phương Nam,2026-04-21,2016.0,,,,,
không khớp,38497,BTPR0077,Du Bai,2026-04-21,500.0,,,,,
không khớp,35717,NAP0030,Cường Phát,2026-04-21,270.0,,,,,
không khớp,35716,CPT0042,Cường Phát,2026-04-21,270.0,,,,,
không khớp,36942,NHD4963,Quang Đạt,2026-04-22,2090.0,,,,,
không khớp,36943,NHD4962,Quang Đạt,2026-04-22,2090.0,,,,,
không khớp,36964,NHG4960,Cẩm Hùng,2026-04-22,470.0,,,,,
không khớp,36963,NHG4965,Cẩm Hùng,2026-04-22,450.0,,,,,
không khớp,36961,NHD4961,Cẩm Hùng,2026-04-22,200.0,,,,,
không khớp,36972,NHG4672,Cẩm Hùng,2026-04-22,110.0,,,,,
không khớp,36976,NHG4078,Cẩm Hùng,2026-04-22,410.0,,,,,
không khớp,38514,NLT0015,Châu Ngân,2026-04-22,500.0,,,,,
không khớp,38494,NLT0037,Hiền Phan Long An,2026-04-22,20.0,,,,,
không khớp,38495,NLT0047,Hiền Phan Long An,2026-04-22,475.0,,,,,
không khớp,38485,NLT0087,VNT,2026-04-22,350.0,,,,,
khớp,36792,THC0238,Đông Tây,2026-04-23,306.0,PO00306,2026-04-01,300.0,22,x
không khớp,36991,THC0301,NCCKS001,2026-04-23,25.0,,,,,
không khớp,36992,THC0301,NCCKS001,2026-04-23,25.0,,,,,
không khớp,36953,NHG4870,Quang Đạt,2026-04-23,1114.0,,,,,
không khớp,36954,NHG4947,Quang Đạt,2026-04-23,1114.0,,,,,
không khớp,36912,CHT0224,PHL,2026-04-24,4140.0,,,,,
không khớp,36966,NAP0002,Phương Nam,2026-04-24,2080.0,,,,,
không khớp,36941,NHG4956,Quang Đạt,2026-04-24,1045.0,,,,,
không khớp,36913,NAP0148,PHL,2026-04-24,4140.0,,,,,
không khớp,36935,NAP0070,Phương Nam,2026-04-24,1008.0,,,,,
không khớp,36934,CHT0117,Phương Nam,2026-04-24,1008.0,,,,,
không khớp,36989,CPT0234,Phương Nam,2026-04-24,8064.0,,,,,
không khớp,36905,NAP0148,PHL,2026-04-24,6120.0,,,,,
không khớp,36990,NAP0163,Phương Nam,2026-04-24,8064.0,,,,,
không khớp,36904,CHT0224,PHL,2026-04-24,6120.0,,,,,
không khớp,36965,CPV0012,Phương Nam,2026-04-24,2080.0,,,,,
không khớp,38502,NLT0173,Vĩnh Nam Anh,2026-04-24,125.0,,,,,
không khớp,38505,NLT0093,Vĩnh Nam Anh,2026-04-24,170.0,,,,,
không khớp,38504,NLT0022,Vĩnh Nam Anh,2026-04-24,250.0,,,,,
không khớp,38503,NLT0198,Vĩnh Nam Anh,2026-04-24,100.0,,,,,
không khớp,38501,NLT0171,Ntk,2026-04-24,225.0,,,,,
không khớp,38500,NLT0154,Ntk,2026-04-24,225.0,,,,,
không khớp,38499,NLT0060,Ntk,2026-04-24,645.0,,,,,
không khớp,38498,NLT0194,Nam Bình,2026-04-24,630.0,,,,,
mơ hồ,36810,THC0112,Đông Tây,2026-04-24,200.0,,,,,
khớp,36781,THC0292,Đông Tây,2026-04-24,33.0,PO00305,2026-04-01,70.0,23,x
khớp,36782,THC0292,Đông Tây,2026-04-24,75.0,PO00305,2026-04-01,70.0,23,x
mơ hồ,36811,THC0112,Đông Tây,2026-04-25,200.0,,,,,
không khớp,36753,NAP0183,Hns,2026-04-25,2000.0,,,,,
không khớp,36755,NAP0183,Hns,2026-04-25,1000.0,,,,,
khớp,36884,THI0173,Đông Tây,2026-04-25,306.0,PO00313,2026-04-10,300.0,15,x
không khớp,36994,NAP0156,Phương Nam,2026-04-25,2016.0,,,,,
không khớp,36962,NHG4975,Quang Đạt,2026-04-25,1114.0,,,,,
khớp,36917,THC0228,Đông Tây,2026-04-25,306.0,PO00317,2026-04-14,300.0,11,x
không khớp,36971,NHG4588,Quang Đạt,2026-04-25,2109.0,,,,,
không khớp,36970,NHG4680,Quang Đạt,2026-04-25,2090.0,,,,,
không khớp,36999,NHG4078,Cẩm Hùng,2026-04-25,50.0,,,,,
không khớp,36993,CPT0234,Phương Nam,2026-04-25,2016.0,,,,,
không khớp,38488,NLT0316,Ntk,2026-04-25,200.0,,,,,
không khớp,38506,NLT0166,Trần Tiến,2026-04-25,25.0,,,,,
không khớp,38507,NLT0166,Việt Mỹ (Sài Gòn),2026-04-25,25.0,,,,,
không khớp,38508,NLT0037,Việt Mỹ (Sài Gòn),2026-04-25,25.0,,,,,
không khớp,38509,NLT0037,Hải Bình,2026-04-25,25.0,,,,,
không khớp,38489,NLT0315,NCCKS017,2026-04-25,90.0,,,,,
không khớp,38490,NLT0317,NCCKS017,2026-04-25,100.0,,,,,
khớp,36849,THC0004,Đông Tây,2026-04-27,506.0,PO00328,2026-04-28,300.0,1,x
khớp,36410,THC0265,Đông Tây,2026-04-27,216.0,PO00318,2026-04-14,100.0,13,x
khớp,36882,THC0247,Oanh Design,2026-04-27,150.0,PO00314,2026-04-10,150.0,17,x
khớp,36927,THC0003,Đông Tây,2026-04-27,300.0,PO00331,2026-05-04,200.0,7,x
khớp,36928,THC0003,Đông Tây,2026-04-27,212.0,PO00331,2026-05-04,200.0,7,x
không khớp,36969,CNT0036,Minh Ngọc,2026-04-28,400.0,,,,,
không khớp,36968,NAP0029,Hồ Gia,2026-04-28,2016.0,,,,,
không khớp,36967,CHT0023,Hồ Gia,2026-04-28,2016.0,,,,,
không khớp,36973,NHG4858,Quang Đạt,2026-04-28,8358.0,,,,,
không khớp,36983,NHG4977,Basel,2026-04-28,1099.0,,,,,
không khớp,36984,NHG4966,Quang Đạt,2026-04-28,2080.0,,,,,
không khớp,36985,CHT0022,Hồ Gia,2026-04-28,1050.0,,,,,
không khớp,36986,NAP0028,Hồ Gia,2026-04-28,1050.0,,,,,
khớp,36952,THC0004,Đông Tây,2026-04-28,306.0,PO00328,2026-04-28,300.0,0,x
không khớp,37004,COC0004,Phương Nam,2026-04-28,2000.0,,,,,
không khớp,37000,NHG4611,Quang Đạt,2026-04-28,2080.0,,,,,
khớp,36897,THI0280,Đông Tây,2026-04-28,310.0,PO00316,2026-04-11,300.0,17,x
không khớp,36880,NAP0070,Phương Nam,2026-04-28,3525.0,,,,,
không khớp,36879,CHT0116,Phương Nam,2026-04-28,3525.0,,,,,
không khớp,38493,NLT0312,An Gia Phú,2026-04-28,3000.0,,,,,
khớp,36825,THI0280,Đông Tây,2026-04-28,310.0,PO00316,2026-04-11,300.0,17,x
không khớp,36946,NHG4644,Mộc Ấn,2026-04-29,13592.0,,,,,
không khớp,36982,NHD4896,Quang Đạt,2026-04-29,1095.0,,,,,
không khớp,36981,NHD4500,Quang Đạt,2026-04-29,1095.0,,,,,
không khớp,36978,NAP0002,Phương Nam,2026-04-29,2080.0,,,,,
không khớp,36977,CPV0006,Phương Nam,2026-04-29,2080.0,,,,,
không khớp,37023,CPV0012,Phương Nam,2026-05-04,2080.0,,,,,
không khớp,36988,NAP0136,Phương Nam,2026-05-04,5040.0,,,,,
không khớp,37024,NAP0002,Phương Nam,2026-05-04,2080.0,,,,,
không khớp,37027,COC0004,Phương Nam,2026-05-04,2000.0,,,,,
không khớp,37028,CHT0116,Phương Nam,2026-05-04,5025.0,,,,,
không khớp,37029,NAP0070,Phương Nam,2026-05-04,5025.0,,,,,
không khớp,36997,NDT4980,Thành Công,2026-05-04,20.0,,,,,
không khớp,36998,NHG3874,Cẩm Hùng,2026-05-04,150.0,,,,,
không khớp,36987,CHT0212,Phương Nam,2026-05-04,5040.0,,,,,
không khớp,37021,NHG4219,Quang Đạt,2026-05-05,1095.0,,,,,
khớp,36865,THI0190,Đông Tây,2026-05-05,319.0,PO00312,2026-04-10,300.0,25,x
không khớp,37048,NHG4316,Cẩm Hùng,2026-05-05,50.0,,,,,
không khớp,37011,NHG4680,Quang Đạt,2026-05-05,4179.0,,,,,
không khớp,37047,NHG4247,Cẩm Hùng,2026-05-05,50.0,,,,,
không khớp,37015,NHG4890,Quang Đạt,2026-05-05,1075.0,,,,,
không khớp,37016,NHG4984,Quang Đạt,2026-05-05,1075.0,,,,,
khớp,36881,THC0247,Oanh Design,2026-05-05,147.0,PO00314,2026-04-10,150.0,25,x
khớp,36883,THC0086,Oanh Design,2026-05-05,200.0,PO00314,2026-04-10,200.0,25,x
không khớp,36974,NTN4968,Tân Đức,2026-05-05,8667.0,,,,,
không khớp,37017,NHG4985,Quang Đạt,2026-05-05,1075.0,,,,,
không khớp,36975,NTN4959,Tân Đức,2026-05-05,2070.0,,,,,
không khớp,37018,NHG4986,Quang Đạt,2026-05-05,1075.0,,,,,
không khớp,37019,NHG4973,Quang Đạt,2026-05-05,1075.0,,,,,
không khớp,38512,NLT0320,Việt Mỹ,2026-05-05,25.0,,,,,
không khớp,38516,NLT0320,Việt Mỹ,2026-05-05,25.0,,,,,
không khớp,36979,CET0028,PHL,2026-05-06,10000.0,,,,,
không khớp,36980,NAP0031,PHL,2026-05-06,10000.0,,,,,
không khớp,36921,CPT0203,Vinaco,2026-05-06,1000.0,,,,,
không khớp,37014,NAP0175,Hns,2026-05-06,2000.0,,,,,
không khớp,36920,NAP0184,Ngọc Minh,2026-05-06,2000.0,,,,,
không khớp,36918,LON0009,Ngọc Minh,2026-05-06,1152.0,,,,,
không khớp,36936,CHT0165,Vinaco,2026-05-06,1064.0,,,,,
không khớp,36937,NAP0185,Vinaco,2026-05-06,1064.0,,,,,
không khớp,37010,NHG4983,Quang Đạt,2026-05-06,1095.0,,,,,
không khớp,37013,CHT0250,Hns,2026-05-06,2000.0,,,,,
khớp,36951,THI0202,Đông Tây,2026-05-06,302.0,PO00321,2026-04-17,300.0,19,x
không khớp,36922,NAP0145,Vinaco,2026-05-06,1000.0,,,,,
không khớp,37025,CHT0250,Hns,2026-05-07,2000.0,,,,,
không khớp,37046,NHD4907,Cẩm Hùng,2026-05-07,50.0,,,,,
không khớp,37026,NAP0175,Hns,2026-05-07,2000.0,,,,,
không khớp,36919,LON0009,Ngọc Minh,2026-05-07,848.0,,,,,
không khớp,37039,NHD4978,Cẩm Hùng,2026-05-07,50.0,,,,,
không khớp,37002,CHT0248,Hns,2026-05-07,2000.0,,,,,
không khớp,38544,NLT0250,Thiên Nhiên Xanh,2026-05-07,0.3,,,,,
không khớp,38522,NLT0250,Thiên Nhiên Xanh,2026-05-07,0.2,,,,,
không khớp,38531,NLT0288,Hóa Chất Miền Nam,2026-05-07,200.0,,,,,
không khớp,37044,NAP0001,Phương Nam,2026-05-08,640.0,,,,,
không khớp,37043,CPV0006,Phương Nam,2026-05-08,640.0,,,,,
không khớp,37049,CPT0234,Phương Nam,2026-05-08,3024.0,,,,,
không khớp,37050,NAP0156,Phương Nam,2026-05-08,3024.0,,,,,
không khớp,37033,CPV0006,Phương Nam,2026-05-08,4000.0,,,,,
không khớp,37034,NAP0002,Phương Nam,2026-05-08,4000.0,,,,,
khớp,37035,THC0003,Đông Tây,2026-05-09,210.0,PO00331,2026-05-04,200.0,5,x
không khớp,36996,NTN4980,Tân Đức,2026-05-09,3140.0,,,,,
không khớp,37003,NAP0173,Hns,2026-05-09,2000.0,,,,,
khớp,36960,THC0061,Đông Tây,2026-05-09,310.0,PO00324,2026-04-20,300.0,19,x
khớp,36959,THC0264,Đông Tây,2026-05-09,320.0,PO00323,2026-04-20,300.0,19,x
không khớp,37012,NTN4920,Tân Đức,2026-05-09,1080.0,,,,,
không khớp,37022,NTN4920,Tân Đức,2026-05-09,1080.0,,,,,
không khớp,37058,NHG4988,Cẩm Hùng,2026-05-09,2000.0,,,,,
không khớp,37057,NHG4380,Cẩm Hùng,2026-05-09,1000.0,,,,,
không khớp,37055,NHG5011,Cẩm Hùng,2026-05-09,150.0,,,,,
không khớp,37054,NHG5011,Cẩm Hùng,2026-05-09,150.0,,,,,
không khớp,37053,NHG5006,Cẩm Hùng,2026-05-09,1000.0,,,,,
không khớp,37031,NHG4995,Mộc Ấn,2026-05-09,2129.0,,,,,
không khớp,37051,NHG4311,Cẩm Hùng,2026-05-09,2000.0,,,,,
khớp,37036,THC0003,Đông Tây,2026-05-09,107.0,PO00332,2026-05-04,100.0,5,x
không khớp,38513,NLT0319,Amigos,2026-05-09,25.0,,,,,
không khớp,38511,NLT0318,Dego Cần Thơ,2026-05-09,200.0,,,,,
không khớp,38510,NLT0321,Dego Cần Thơ,2026-05-09,100.0,,,,,
không khớp,38532,NVL00104,Namsiang,2026-05-09,75.0,,,,,
không khớp,38530,NLT0152,Việt Mỹ,2026-05-09,3.0,,,,,
không khớp,38520,NLT0047,Hiền Phan Long An,2026-05-11,450.0,,,,,
không khớp,38534,NLT0038,Hiền Phan Long An,2026-05-11,25.0,,,,,
không khớp,38533,NLT0166,Việt Mỹ (Sài Gòn),2026-05-11,50.0,,,,,
không khớp,38517,NLT0025,Hiền Phan Long An,2026-05-11,500.0,,,,,
không khớp,38518,NLT0038,Nutifer Vn,2026-05-11,25.0,,,,,
không khớp,38521,NLT0050,Hiền Phan Long An,2026-05-11,125.0,,,,,
không khớp,38519,NLT0038,Hiền Phan Long An,2026-05-11,250.0,,,,,
không khớp,37007,COC0010,PHL,2026-05-11,10080.0,,,,,
không khớp,37005,CHT0224,PHL,2026-05-11,10080.0,,,,,
không khớp,37006,NAP0148,PHL,2026-05-11,10080.0,,,,,
không khớp,37072,NDT4952,Thành Công,2026-05-11,50.0,,,,,
không khớp,37038,NHD4971,Quang Đạt,2026-05-11,1134.0,,,,,
không khớp,37032,NHD4993,Mộc Ấn,2026-05-11,4338.0,,,,,
không khớp,37037,NHG4997,Mộc Ấn,2026-05-11,2179.0,,,,,
khớp,36995,THC0300,Đông Tây,2026-05-12,321.0,PO00325,2026-04-25,300.0,17,x
khớp,37001,THC0080,Đông Tây,2026-05-12,316.0,PO00326,2026-04-27,300.0,15,x
không khớp,37040,NTN4994,Tân Đức,2026-05-12,3080.0,,,,,
khớp,37030,THC0078,Đông Tây,2026-05-12,306.0,PO00333,2026-05-12,300.0,0,x
khớp,37008,THC0302,Bao Bì Đông Bắc,2026-05-12,107.0,PO00327,2026-04-27,100.0,15,x
khớp,37009,THC0004,Đông Tây,2026-05-12,309.0,PO00328,2026-04-28,300.0,14,x
không khớp,37041,CPV0244,Phương Nam,2026-05-13,3040.0,,,,,
không khớp,37042,NAP0169,Phương Nam,2026-05-13,3040.0,,,,,
không khớp,37078,NAP0169,Phương Nam,2026-05-13,2000.0,,,,,
không khớp,37077,CPV0244,Phương Nam,2026-05-13,2000.0,,,,,
không khớp,37074,NAP0029,Hồ Gia,2026-05-13,2106.0,,,,,
không khớp,37073,CHT0023,Hồ Gia,2026-05-13,2106.0,,,,,
không khớp,37071,NHG5010,Cẩm Hùng,2026-05-13,1000.0,,,,,
không khớp,37070,NHG5014,Cẩm Hùng,2026-05-13,1000.0,,,,,
không khớp,37091,NHD5020,Cẩm Hùng,2026-05-14,100.0,,,,,
không khớp,37045,NTN4976,Tân Đức,2026-05-14,9285.0,,,,,
không khớp,38526,NLT0081,Hải Bình,2026-05-14,50.0,,,,,
không khớp,38538,NLT0284,Hóa Chất Miền Nam,2026-05-14,1000.0,,,,,
không khớp,38537,NLT0016,Hải Bình,2026-05-14,2.0,,,,,
không khớp,38536,NLT0270,Việt Mỹ,2026-05-14,1.0,,,,,
không khớp,38535,NLT0084,Việt Mỹ,2026-05-14,2.3,,,,,
không khớp,38523,NLT0015,Hải Bình,2026-05-14,1.0,,,,,
không khớp,38524,NLT0021,Hải Bình,2026-05-14,595.0,,,,,
không khớp,38529,NLT0205,Hải Bình,2026-05-14,3.5,,,,,
không khớp,38528,NLT0155,Châu Ngân,2026-05-14,2.0,,,,,
không khớp,38527,NLT0089,Hải Bình,2026-05-14,500.0,,,,,
không khớp,38525,NLT0026,Hải Bình,2026-05-14,25.0,,,,,
không khớp,38539,NLT0155,Hóa Chất Miền Nam,2026-05-15,2500.0,,,,,
không khớp,38540,NLT0283,CHẤN HƯNG NÔNG,2026-05-15,1.0,,,,,
không khớp,37064,COC0004,Phương Nam,2026-05-16,1584.0,,,,,
không khớp,37065,CHT0212,Phương Nam,2026-05-16,3024.0,,,,,
không khớp,37066,NAP0136,Phương Nam,2026-05-16,3024.0,,,,,
không khớp,37099,NHG5004,Cẩm Hùng,2026-05-16,1000.0,,,,,
không khớp,37081,XOT0005,Phương Nam,2026-05-16,200.0,,,,,
không khớp,37101,NHG4568,Cẩm Hùng,2026-05-16,30.0,,,,,
không khớp,37063,NAP0144,Phương Nam,2026-05-16,1584.0,,,,,
không khớp,37062,CHT0057,Phương Nam,2026-05-16,1584.0,,,,,
không khớp,37061,COC0004,Phương Nam,2026-05-16,1440.0,,,,,
không khớp,37060,NAP0144,Phương Nam,2026-05-16,1440.0,,,,,
không khớp,37059,CHT0057,Phương Nam,2026-05-16,1440.0,,,,,
khớp,37075,THC0078,Đông Tây,2026-05-16,312.0,PO00333,2026-05-12,300.0,4,x
không khớp,37092,NHG5023,Cẩm Hùng,2026-05-16,1000.0,,,,,
không khớp,37052,NHG4996,Mộc Ấn,2026-05-16,1090.0,,,,,
khớp,37020,THC0303,Bao Bì Đông Bắc,2026-05-18,110.0,PO00329,2026-04-29,100.0,19,x
không khớp,38541,NLT0155,Hóa Chất Miền Nam,2026-05-18,2500.0,,,,,
không khớp,37107,NHG5027,Cẩm Hùng,2026-05-19,1000.0,,,,,
không khớp,37116,CPT0144,PHL,2026-05-19,1000.0,,,,,
không khớp,37117,NAP0162,PHL,2026-05-19,1000.0,,,,,
không khớp,37094,NAP0136,Phương Nam,2026-05-19,1008.0,,,,,
không khớp,37093,CHT0212,Phương Nam,2026-05-19,1008.0,,,,,
không khớp,37118,COC0007,PHL,2026-05-19,1000.0,,,,,
không khớp,37086,COC0002,PHL,2026-05-19,1000.0,,,,,
không khớp,37088,NHG4123,Cẩm Hùng,2026-05-19,30.0,,,,,
không khớp,37087,NHG4270,Cẩm Hùng,2026-05-19,30.0,,,,,
không khớp,37085,NAP0023,PHL,2026-05-19,3000.0,,,,,
không khớp,37084,NAP0105,PHL,2026-05-19,2000.0,,,,,
không khớp,37083,CET0098,PHL,2026-05-19,5000.0,,,,,
không khớp,37069,NHG4635,Mộc Ấn,2026-05-19,1099.0,,,,,
không khớp,37119,NHG5030,Cẩm Hùng,2026-05-20,220.0,,,,,
không khớp,37120,NHD5015,Cẩm Hùng,2026-05-20,100.0,,,,,
không khớp,37082,BAO0014,BAO BÌ LỘC PHÁT,2026-05-20,200.0,,,,,
không khớp,37102,NHG4672,Cẩm Hùng,2026-05-20,400.0,,,,,
không khớp,37089,NTN5019,Tân Đức,2026-05-21,3100.0,,,,,
không khớp,37121,NHG5024,Cẩm Hùng,2026-05-21,2000.0,,,,,
không khớp,37108,NHG4992,Quang Đạt,2026-05-21,1075.0,,,,,
không khớp,37079,NTN5012,Tân Đức,2026-05-21,3100.0,,,,,
không khớp,37100,NHG4703,Mộc Ấn,2026-05-21,2229.0,,,,,
không khớp,37090,NTN5022,Tân Đức,2026-05-21,3090.0,,,,,
không khớp,37056,NTN4859,Tân Đức,2026-05-22,3120.0,,,,,
không khớp,37109,NTN5026,Tân Đức,2026-05-22,1070.0,,,,,
không khớp,37131,NAP0156,Phương Nam,2026-05-22,2016.0,,,,,
không khớp,37130,CPT0234,Phương Nam,2026-05-22,2016.0,,,,,
không khớp,37143,NDT4716,Thành Công,2026-05-23,30.0,,,,,
không khớp,37144,NDT4821,Thành Công,2026-05-23,30.0,,,,,
không khớp,37096,NAP0136,Phương Nam,2026-05-23,5040.0,,,,,
không khớp,37123,NHG5016,Cẩm Hùng,2026-05-23,1000.0,,,,,
không khớp,37122,NHG5036,Mộc Ấn,2026-05-23,2144.0,,,,,
không khớp,37095,CHT0212,Phương Nam,2026-05-23,5040.0,,,,,
không khớp,37067,CHT0212,Phương Nam,2026-05-23,1008.0,,,,,
không khớp,37068,NAP0136,Phương Nam,2026-05-23,1008.0,,,,,
không khớp,38542,NLT0166,Việt Mỹ (Sài Gòn),2026-05-23,250.0,,,,,
không khớp,38562,NLT0084,Việt Mỹ,2026-05-23,2.2,,,,,
không khớp,38570,NLT0060,Ntk,2026-05-25,860.0,,,,,
không khớp,38577,NLT0312,An Gia Phú,2026-05-25,3.0,,,,,
không khớp,38572,NLT0171,Ntk,2026-05-25,450.0,,,,,
không khớp,38571,NLT0093,Vĩnh Nam Anh,2026-05-25,340.0,,,,,
không khớp,38546,NLT0154,Ntk,2026-05-25,350.0,,,,,
không khớp,37145,NHD5031,Cẩm Hùng,2026-05-25,2000.0,,,,,
không khớp,37137,NHD5043,Cẩm Hùng,2026-05-25,2000.0,,,,,
không khớp,37105,NAP0028,Hồ Gia,2026-05-25,2106.0,,,,,
không khớp,37133,NHG5013,Mộc Ấn,2026-05-25,1085.0,,,,,
không khớp,37134,NHG5034,Cẩm Hùng,2026-05-25,2000.0,,,,,
không khớp,37097,NTN4306,Tân Đức,2026-05-25,3120.0,,,,,
không khớp,37104,CHT0012,Hồ Gia,2026-05-25,2106.0,,,,,
không khớp,37110,NTN5029,Tân Đức,2026-05-25,2570.0,,,,,
không khớp,37114,CHT0237,Phương Nam,2026-05-26,3000.0,,,,,
không khớp,37098,NDT4306,Cẩm Hùng,2026-05-26,30.0,,,,,
không khớp,37146,NDT5031,Cẩm Hùng,2026-05-26,50.0,,,,,
không khớp,37147,NHG5045,Cẩm Hùng,2026-05-26,620.0,,,,,
không khớp,37115,NAP0113,Phương Nam,2026-05-26,3000.0,,,,,
không khớp,37138,NDT5043,Cẩm Hùng,2026-05-26,50.0,,,,,
không khớp,37136,NHG5028,Cẩm Hùng,2026-05-26,1000.0,,,,,
không khớp,37135,NHG4187,Cẩm Hùng,2026-05-26,3000.0,,,,,
không khớp,37111,NDT5029,Cẩm Hùng,2026-05-26,30.0,,,,,
không khớp,37129,NDT4920,Cẩm Hùng,2026-05-26,40.0,,,,,
không khớp,37153,NDT4689,Cẩm Hùng,2026-05-26,30.0,,,,,
không khớp,37154,CPT0234,Phương Nam,2026-05-26,2016.0,,,,,
không khớp,37155,NAP0163,Phương Nam,2026-05-26,2016.0,,,,,
khớp,37103,THC0262,Đông Tây,2026-05-27,208.0,PO00335,2026-05-20,200.0,7,x
không khớp,37125,NAP0089,Hns,2026-05-27,400.0,,,,,
không khớp,37124,CHT0106,Hns,2026-05-27,400.0,,,,,
mơ hồ,37113,THC0077,Đông Tây,2026-05-27,100.0,,,,,
không khớp,37158,NAP0156,Phương Nam,2026-05-28,3024.0,,,,,
không khớp,37150,NHG4749,Quang Đạt,2026-05-28,1124.0,,,,,
không khớp,37149,NDT5039,Cẩm Hùng,2026-05-28,30.0,,,,,
không khớp,37157,CPT0234,Phương Nam,2026-05-28,3024.0,,,,,
không khớp,37139,CPV0012,Phương Nam,2026-05-28,2080.0,,,,,
không khớp,37142,NAP0156,Phương Nam,2026-05-28,2016.0,,,,,
không khớp,37141,CPT0234,Phương Nam,2026-05-28,2016.0,,,,,
không khớp,37140,NAP0001,Phương Nam,2026-05-28,2080.0,,,,,
không khớp,37128,NTN4920,Tân Đức,2026-05-28,1060.0,,,,,
mơ hồ,37112,THC0077,Đông Tây,2026-05-28,108.0,,,,,
không khớp,38551,NLT0047,Hóa Chất Miền Nam,2026-05-28,500.0,,,,,
không khớp,38567,NLT0083,Hóa Chất Miền Nam,2026-05-28,25.0,,,,,
không khớp,38556,NLT0089,Hóa Chất Miền Nam,2026-05-28,2.0,,,,,
không khớp,38557,NLT0155,Hóa Chất Miền Nam,2026-05-28,3.225,,,,,
không khớp,38543,BTPM0126,Du Bai,2026-05-28,100.0,,,,,
không khớp,38576,NLT0284,Hóa Chất Miền Nam,2026-05-28,1.275,,,,,
không khớp,38566,NLT0194,Nam Bình,2026-05-29,1.68,,,,,
không khớp,38565,NLT0270,Aq,2026-05-29,11000.0,,,,,
không khớp,37127,NAP0089,Hns,2026-05-29,600.0,,,,,
không khớp,37126,CHT0106,Hns,2026-05-29,600.0,,,,,
không khớp,37156,NHD4085,Cẩm Hùng,2026-05-29,600.0,,,,,
không khớp,37164,NHG5034,Cẩm Hùng,2026-05-30,50.0,,,,,
không khớp,37163,NHG4622,Cẩm Hùng,2026-05-30,600.0,,,,,
không khớp,37160,NDT5051,Cẩm Hùng,2026-05-30,50.0,,,,,
không khớp,37162,NDT4762,Cẩm Hùng,2026-05-30,50.0,,,,,
không khớp,37165,NHG5024,Cẩm Hùng,2026-05-30,50.0,,,,,
không khớp,37106,NHG5025,Quang Đạt,2026-05-30,1095.0,,,,,
khớp,37132,THC0306,Đông Tây,2026-05-30,104.0,PO00337,2026-05-20,100.0,10,x
khớp,37076,THC0304,Đông Tây,2026-05-30,110.0,PO00334,2026-05-12,100.0,18,x
không khớp,37152,NTN4689,Tân Đức,2026-06-01,3140.0,,,,,
không khớp,37151,NHG4604,Mộc Ấn,2026-06-01,1110.0,,,,,
không khớp,38574,NLT0029,Vĩnh Nam Anh,2026-06-01,175.0,,,,,
không khớp,38573,NLT0250,Thiên Nhiên Xanh,2026-06-01,0.3,,,,,
không khớp,38578,NLT0097,Việt Mỹ,2026-06-02,100.0,,,,,
không khớp,38594,NLT0004,Mạnh Đan,2026-06-03,25.0,,,,,
không khớp,37159,NTN5051,Tân Đức,2026-06-03,1060.0,,,,,
không khớp,37172,CPT0234,Phương Nam,2026-06-03,4032.0,,,,,
không khớp,37080,NDT5012,Cẩm Hùng,2026-06-03,30.0,,,,,
không khớp,37167,NDT5061,Cẩm Hùng,2026-06-03,30.0,,,,,
không khớp,37168,NHG4533,Cẩm Hùng,2026-06-03,150.0,,,,,
không khớp,37173,NAP0156,Phương Nam,2026-06-03,4032.0,,,,,
không khớp,37175,NHG5063,Cẩm Hùng,2026-06-03,820.0,,,,,
không khớp,37170,NAP0185,Phương Nam,2026-06-04,900.0,,,,,
không khớp,37169,CHT0165,Phương Nam,2026-06-04,900.0,,,,,
không khớp,37166,NHG5061,Quang Đạt,2026-06-05,1095.0,,,,,
không khớp,37178,NHG4893,Quang Đạt,2026-06-05,1095.0,,,,,
không khớp,37161,NTN4762,Tân Đức,2026-06-05,1010.0,,,,,
không khớp,38568,NLT0288,Hóa Chất Miền Nam,2026-06-05,300.0,,,,,
không khớp,38579,NLT0124,Hóa Chất Miền Nam,2026-06-06,25.0,,,,,
không khớp,38580,VT00034,CAO VẠN THỊNH,2026-06-06,200.0,,,,,
không khớp,38581,NLT0016,Hóa Chất Miền Nam,2026-06-06,500.0,,,,,
không khớp,37189,NHG5079,Quang Đạt,2026-06-06,2090.0,,,,,
không khớp,38563,NLT0015,Châu Ngân,2026-06-07,2.825,,,,,
không khớp,38564,NLT0016,Hải Bình,2026-06-07,2.375,,,,,
không khớp,38584,VT00031,Sài Gòn Nguyễn,2026-06-08,15.25,,,,,
không khớp,38586,VT00034,Sài Gòn Nguyễn,2026-06-08,360.0,,,,,
không khớp,38585,VT00033,Sài Gòn Nguyễn,2026-06-08,4.914,,,,,
không khớp,38587,VT00035,Sài Gòn Nguyễn,2026-06-08,200.0,,,,,
không khớp,38596,NLT0124,Hóa Chất Miền Nam,2026-06-08,100.0,,,,,
không khớp,37195,NHD5043,Cẩm Hùng,2026-06-08,2050.0,,,,,
khớp,37174,THC0004,Đông Tây,2026-06-08,310.0,PO00341,2026-06-02,300.0,6,
không khớp,37196,NDT5043,Cẩm Hùng,2026-06-08,50.0,,,,,
không khớp,37148,NTN5039,Tân Đức,2026-06-08,10450.0,,,,,
không khớp,37182,NHG5073,Mộc Ấn,2026-06-08,1104.0,,,,,
không khớp,37171,NHG4681,Mộc Ấn,2026-06-08,4413.0,,,,,
không khớp,37176,NHG4681,Mộc Ấn,2026-06-08,4413.0,,,,,
không khớp,37192,NHG5074,Quang Đạt,2026-06-10,1095.0,,,,,
không khớp,38588,NLT0270,Aq,2026-06-10,6000.0,,,,,
không khớp,38561,NLT0178,Hải Bình,2026-06-10,25.0,,,,,
không khớp,38560,NLT0033,Hải Bình,2026-06-10,25.0,,,,,
không khớp,38559,NLT0017,Hải Bình,2026-06-10,1.05,,,,,
không khớp,38558,NLT0021,Châu Ngân,2026-06-10,1.015,,,,,
không khớp,38555,NLT0022,Vĩnh Nam Anh,2026-06-10,500.0,,,,,
không khớp,38554,NLT0038,Hiền Phan Long An,2026-06-10,625.0,,,,,
không khớp,38553,NLT0173,Vĩnh Nam Anh,2026-06-10,125.0,,,,,
không khớp,38552,NLT0026,Hóa Chất Miền Nam,2026-06-10,50.0,,,,,
không khớp,37194,NAP0112,Phương Nam,2026-06-11,1050.0,,,,,
không khớp,37193,CHT0151,Phương Nam,2026-06-11,1050.0,,,,,
không khớp,37185,NTN4110,Tân Đức,2026-06-11,3120.0,,,,,
không khớp,37187,NHG5076,Mộc Ấn,2026-06-11,2089.0,,,,,
không khớp,37190,NTN5077,Tân Đức,2026-06-11,3100.0,,,,,
không khớp,37180,CNT0035,Minh Ngọc,2026-06-12,600.0,,,,,
không khớp,37179,CNT0034,Minh Ngọc,2026-06-12,400.0,,,,,
khớp,37184,THC0080,Bao Bì Đông Bắc,2026-06-12,220.0,PO00344,2026-06-03,200.0,9,
không khớp,38575,NLT0024,HÓA CHẤT TOÀN CẦU,2026-06-12,700.0,,,,,
không khớp,38549,NLT0049,Hải Bình,2026-06-13,113.0,,,,,
không khớp,38545,NLT0081,Hải Bình,2026-06-13,145.0,,,,,
không khớp,38547,NLT0205,Hải Bình,2026-06-13,4.275,,,,,
không khớp,38548,NLT0050,Hải Bình,2026-06-13,75.0,,,,,
không khớp,38550,NLT0025,Hải Bình,2026-06-13,950.0,,,,,
khớp,37181,THC0162,Đông Tây,2026-06-13,214.0,PO00342,2026-06-03,200.0,10,
không khớp,37199,NTN5084,Tân Đức,2026-06-13,3040.0,,,,,
khớp,37197,THC0309,Đông Tây,2026-06-15,105.0,PO00345,2026-06-09,150.0,6,
không khớp,38583,VT00032,Đông Tây,2026-06-15,1.0,,,,,
không khớp,38582,VT00032,Đông Tây,2026-06-15,1.0,,,,,
không khớp,38590,NLT0152,Aq,2026-06-16,1350.0,,,,,
không khớp,37188,NDT4152,Cẩm Hùng,2026-06-16,20.0,,,,,
không khớp,37202,NDT4951,Cẩm Hùng,2026-06-16,30.0,,,,,
không khớp,37208,NDT5091,Cẩm Hùng,2026-06-16,30.0,,,,,
không khớp,37209,NHG5092,Cẩm Hùng,2026-06-16,420.0,,,,,
không khớp,37210,NHG4550,Cẩm Hùng,2026-06-16,420.0,,,,,
không khớp,37177,HOP1857,Quang Đạt,2026-06-16,1142.0,,,,,
không khớp,37191,NDT5077,Cẩm Hùng,2026-06-16,30.0,,,,,
không khớp,37186,NDT4110,Cẩm Hùng,2026-06-16,30.0,,,,,
không khớp,37206,NHG5058,Mộc Ấn,2026-06-17,2239.0,,,,,
không khớp,37216,NDT4837,Cẩm Hùng,2026-06-17,100.0,,,,,
không khớp,37214,NDT5089,Cẩm Hùng,2026-06-17,30.0,,,,,
không khớp,37205,NHG5088,Mộc Ấn,2026-06-17,1085.0,,,,,
mơ hồ,37203,THC0310,Đông Tây,2026-06-17,109.0,,,,,
không khớp,37200,NDT5084,Cẩm Hùng,2026-06-17,30.0,,,,,
khớp,37198,THC0309,Đông Tây,2026-06-17,60.0,PO00345,2026-06-09,150.0,8,
không khớp,38592,NLT0330,Nông Xanh,2026-06-17,1.0,,,,,
không khớp,38593,NLT0331,Nông Xanh,2026-06-17,1.0,,,,,
không khớp,37201,NTN4951,Tân Đức,2026-06-18,3110.0,,,,,
mơ hồ,37204,THC0310,Đông Tây,2026-06-19,100.0,,,,,
không khớp,37207,NHD5091,Quang Đạt,2026-06-19,1130.0,,,,,
không khớp,37211,NHG4636,Mộc Ấn,2026-06-19,1104.0,,,,,
không khớp,37212,CNT0036,Minh Ngọc,2026-06-19,400.0,,,,,
không khớp,37221,CNT0033,Minh Ngọc,2026-06-19,600.0,,,,,
không khớp,38589,NLT0080,Amigos,2026-06-19,100.0,,,,,
không khớp,38591,NLT0089,XANH VIỆT VINA,2026-06-19,4.0,,,,,
không khớp,38595,NLT0333,Kel,2026-06-19,1.0,,,,,
không khớp,37183,CNT0033,Minh Ngọc,2026-06-22,1000.0,,,,,
không khớp,37225,NDT3813,Cẩm Hùng,2026-06-22,50.0,,,,,
không khớp,37220,NAP0027,PHL,2026-06-23,5000.0,,,,,
không khớp,37223,NAP0159,Phương Nam,2026-06-23,1050.0,,,,,
không khớp,37222,CHT0151,Phương Nam,2026-06-23,1050.0,,,,,
không khớp,37219,CHT0018,PHL,2026-06-23,5000.0,,,,,
không khớp,37218,NDT4778,Cẩm Hùng,2026-06-23,30.0,,,,,
không khớp,37217,NTN4778,Tân Đức,2026-06-23,3100.0,,,,,
không khớp,37215,NTN4837,Tân Đức,2026-06-23,10460.0,,,,,
không khớp,37229,NAP0157,Phương Nam,2026-06-25,1050.0,,,,,
không khớp,37234,THC0295,Đông Tây,2026-06-25,105.0,,,,,
không khớp,37231,NDT5102,Cẩm Hùng,2026-06-25,50.0,,,,,
không khớp,37228,CHT0151,Phương Nam,2026-06-25,1050.0,,,,,
không khớp,37213,NTN5089,Tân Đức,2026-06-25,9467.0,,,,,
không khớp,38600,NLT0178,Hiền Phan Long An,2026-06-25,25.0,,,,,
không khớp,38599,NLT0033,Hiền Phan Long An,2026-06-25,20.0,,,,,
không khớp,37226,NHG5095,Quang Đạt,2026-06-26,2070.0,,,,,
không khớp,37232,NHG5095,Quang Đạt,2026-06-26,2070.0,,,,,
không khớp,37235,CPT0082,PHL,2026-06-26,2000.0,,,,,
không khớp,37236,NAP0162,PHL,2026-06-26,2000.0,,,,,
không khớp,37237,COC0007,PHL,2026-06-26,2000.0,,,,,
không khớp,37227,NHG5103,Quang Đạt,2026-06-27,2080.0,,,,,
không khớp,37233,NHG4703,Quang Đạt,2026-06-27,2109.0,,,,,
không khớp,37224,NTN3813,Tân Đức,2026-06-27,1090.0,,,,,
không khớp,37238,CPV0006,Phương Nam,2026-06-27,1120.0,,,,,
không khớp,37239,NAP0002,Phương Nam,2026-06-27,1120.0,,,,,
không khớp,38601,NLT0178,Hiền Phan Long An,2026-06-29,100.0,,,,,
không khớp,38602,NLT0033,Việt Mỹ,2026-06-29,25.0,,,,,
không khớp,38603,NLT0033,Việt Mỹ,2026-06-29,200.0,,,,,
không khớp,38597,NLT0016,Hải Bình,2026-06-30,3000.0,,,,,
không khớp,38569,NLT0197,Nguyễn Bá,2026-06-30,25.0,,,,,
không khớp,38598,NLT0017,Hải Bình,2026-06-30,3.0,,,,,
không khớp,37230,NTN5102,Tân Đức,2026-06-30,1040.0,,,,,
không khớp,37243,NAP0162,PHL,2026-07-01,2000.0,,,,,
không khớp,37242,CPT0154,PHL,2026-07-01,2000.0,,,,,
không khớp,37244,COC0007,PHL,2026-07-01,2000.0,,,,,
không khớp,38604,NLT0229,Kel,2026-07-01,2.0,,,,,
không khớp,37251,NHG5115,Quang Đạt,2026-07-02,2100.0,,,,,
không khớp,37252,NHG5116,Quang Đạt,2026-07-02,2100.0,,,,,
không khớp,37246,NAP0015,PHL,2026-07-03,10000.0,,,,,
không khớp,37245,CHT0027,PHL,2026-07-03,10000.0,,,,,
không khớp,37249,NTN4980,Tân Đức,2026-07-03,3080.0,,,,,
không khớp,37255,NAP0112,Phương Nam,2026-07-03,1050.0,,,,,
không khớp,37254,CHT0151,Phương Nam,2026-07-03,1050.0,,,,,
không khớp,37248,NDT5106,Cẩm Hùng,2026-07-04,30.0,,,,,
không khớp,37258,NHG5112,Quang Đạt,2026-07-04,4179.0,,,,,
không khớp,37256,NHG5120,Quang Đạt,2026-07-04,1100.0,,,,,
không khớp,37241,NDT5098,Cẩm Hùng,2026-07-04,30.0,,,,,
không khớp,37250,NDT4980,Cẩm Hùng,2026-07-04,20.0,,,,,
không khớp,37247,NHG5106,Quang Đạt,2026-07-07,3284.0,,,,,
không khớp,37264,NHG5095,Quang Đạt,2026-07-07,4378.0,,,,,
không khớp,38610,NVL00127,Nam Hà,2026-07-07,30.0,,,,,
không khớp,38617,NVL00136,Nam Hà,2026-07-07,25.0,,,,,
không khớp,38616,NVL00133,Nam Hà,2026-07-07,90.0,,,,,
không khớp,38615,NVL00134,Nam Hà,2026-07-07,3.0,,,,,
không khớp,38614,NVL00132,Nam Hà,2026-07-07,50.0,,,,,
không khớp,38613,NVL00131,Nam Hà,2026-07-07,1.0,,,,,
không khớp,38612,NVL00130,Nam Hà,2026-07-07,1.0,,,,,
không khớp,38611,NVL00129,Nam Hà,2026-07-07,210.0,,,,,
không khớp,38609,NVL00126,Nam Hà,2026-07-07,25.0,,,,,
không khớp,38608,NVL00125,Nam Hà,2026-07-07,375.0,,,,,
không khớp,38606,NLT0274,Việt Mỹ (Sài Gòn),2026-07-07,150.0,,,,,
không khớp,38605,NLT0120,Hải Bình,2026-07-07,25.0,,,,,
không khớp,38639,NVL00104,Namsiang,2026-07-08,50.0,,,,,
không khớp,37240,NTN5098,Tân Đức,2026-07-08,3080.0,,,,,
không khớp,37262,NTN5121,Tân Đức,2026-07-08,1050.0,,,,,
không khớp,37257,NTN5047,Âu Việt,2026-07-09,3000.0,,,,,
không khớp,38623,NVL00117,Thiên Nhiên Xanh,2026-07-09,3.0,,,,,
không khớp,38625,NVL00119,Thiên Nhiên Xanh,2026-07-09,3.0,,,,,
không khớp,38624,NVL00118,Thiên Nhiên Xanh,2026-07-09,3.0,,,,,
không khớp,38622,NVL00116,Thiên Nhiên Xanh,2026-07-09,3.0,,,,,
không khớp,38620,NVL00114,Thiên Nhiên Xanh,2026-07-09,1.0,,,,,
không khớp,38619,NVL00113,Thiên Nhiên Xanh,2026-07-09,1.0,,,,,
không khớp,38621,NVL00115,Thiên Nhiên Xanh,2026-07-09,3.0,,,,,
không khớp,38607,NLT0120,Hải Bình,2026-07-10,25.0,,,,,
không khớp,38618,NVL00135,Nguyễn Bá,2026-07-11,100.0,,,,,
không khớp,38630,NLT0033,Việt Mỹ,2026-07-13,175.0,,,,,
không khớp,37260,NTN4987,Tân Đức,2026-07-13,3090.0,,,,,
không khớp,37266,NAP0112,Phương Nam,2026-07-14,1050.0,,,,,
không khớp,37269,NTN5132,Tân Đức,2026-07-14,6240.0,,,,,
không khớp,37265,CHT0151,Phương Nam,2026-07-14,1050.0,,,,,
không khớp,37261,NDT4987,Cẩm Hùng,2026-07-14,30.0,,,,,
không khớp,37253,NTN5104,Âu Việt,2026-07-14,1000.0,,,,,
không khớp,37259,THC0313,Đông Tây,2026-07-15,320.0,,,,,
không khớp,37267,THI0267,Đông Tây,2026-07-15,109.0,,,,,
không khớp,37268,THI0267,Đông Tây,2026-07-15,210.0,,,,,
không khớp,37273,NHG4123,An Nông,2026-07-15,5000.0,,,,,
không khớp,38626,NLT0024,VENDOR,2026-07-15,50.0,,,,,
không khớp,38633,NLT0154,Ntk,2026-07-15,225.0,,,,,
không khớp,38632,NLT0093,Ntk,2026-07-15,170.0,,,,,
không khớp,38635,NLT0173,Short Hills,2026-07-16,50.0,,,,,
không khớp,37270,NDT5132,Cẩm Hùng,2026-07-16,60.0,,,,,
không khớp,37272,NDT4429,Cẩm Hùng,2026-07-16,50.0,,,,,
không khớp,37263,NDT5121,Cẩm Hùng,2026-07-16,50.0,,,,,
không khớp,37276,CPT0020,PHL,2026-07-17,1000.0,,,,,
không khớp,37277,NAP0049,PHL,2026-07-17,1000.0,,,,,
không khớp,38638,NLT0166,Việt Mỹ (Sài Gòn),2026-07-17,150.0,,,,,
không khớp,37271,NHG5130,Quang Đạt,2026-07-18,2090.0,,,,,
không khớp,37274,NHG5087,Quang Đạt,2026-07-18,1124.0,,,,,
không khớp,38643,NLT0124,Hóa Chất Miền Nam,2026-07-20,25.0,,,,,
không khớp,38642,NLT0006,MIA,2026-07-20,325.0,,,,,
không khớp,38637,NLT0315,AP Têchm,2026-07-20,30.0,,,,,
không khớp,37284,NDT4628,Cẩm Hùng,2026-07-21,30.0,,,,,
không khớp,37283,NTN4628,Tân Đức,2026-07-21,3130.0,,,,,
không khớp,37282,NDT4615,Cẩm Hùng,2026-07-21,50.0,,,,,
không khớp,37288,NDT4528,Cẩm Hùng,2026-07-22,50.0,,,,,
không khớp,37286,NDT5140,Cẩm Hùng,2026-07-22,30.0,,,,,
không khớp,37275,CNT0034,Minh Ngọc,2026-07-22,1000.0,,,,,
không khớp,38629,NLT0029,Hải Bình,2026-07-22,100.0,,,,,
không khớp,38640,NLT0270,Aq,2026-07-22,3000.0,,,,,
không khớp,38627,NLT0017,Hải Bình,2026-07-22,1.825,,,,,
không khớp,38628,NLT0050,Hải Bình,2026-07-22,50.0,,,,,
không khớp,38631,NLT0080,Amigos,2026-07-22,25.0,,,,,
không khớp,32883,CPT0232,PHL,2026-07-23,5000.0,,,,,
không khớp,37289,NAP0154,PHL,2026-07-23,5000.0,,,,,
không khớp,37285,NHD5140,Quang Đạt,2026-07-25,1040.0,,,,,
không khớp,38644,NLT0037,Hải Bình,2026-07-25,20.0,,,,,
không khớp,38645,NLT0124,Hóa Chất Miền Nam,2026-07-27,150.0,,,,,
không khớp,37291,NDT4601,Cẩm Hùng,2026-07-27,50.0,,,,,
không khớp,37290,NTN4601,Tân Đức,2026-07-28,5500.0,,,,,
không khớp,37281,NTN4615,Tân Đức,2026-07-28,8151.0,,,,,
không khớp,37278,THC0248,Đông Tây,2026-07-28,54.0,,,,,
không khớp,38647,NLT0005,Mạnh Đan,2026-07-28,25.0,,,,,
không khớp,38636,NLT0284,Nutifer Vn,2026-07-29,300.0,,,,,
không khớp,38641,NLT0024,VENDOR,2026-07-29,1000.0,,,,,
không khớp,38634,NLT0155,Nutifer Vn,2026-07-29,25.0,,,,,
không khớp,37294,NHG4503,Quang Đạt,2026-07-29,2129.0,,,,,
không khớp,37279,THC0248,Đông Tây,2026-07-29,54.0,,,,,
không khớp,37293,NDT4260,Cẩm Hùng,2026-07-29,100.0,,,,,
không khớp,37292,NHG5146,Quang Đạt,2026-07-29,1144.0,,,,,
không khớp,37287,NTN4528,Tân Đức,2026-07-30,1080.0,,,,,
không khớp,38648,NLT0042,VẠN THỊNH PHÁT,2026-07-30,210.0,,,,,
không khớp,37296,NAP0112,Phương Nam,2026-07-31,2025.0,,,,,
không khớp,37295,CHT0151,Phương Nam,2026-07-31,2025.0,,,,,
không khớp,37297,CPT0234,Phương Nam,2026-07-31,2016.0,,,,,
không khớp,37298,NAP0156,Phương Nam,2026-07-31,2016.0,,,,,
không khớp,38646,NLT0025,Hiền Phan Long An,2026-08-01,600.0,,,,,
không khớp,35335,HOP4370,Quang Đạt,2026-12-03,1632.0,,,,,
